dataset,gene,lineage,lineage_display,time,heldout,n_cells,observed_mean,detection_fraction,expression_percentile,detection_percentile,grn_rank,nogrn_rank,grn_rank_score,nogrn_rank_score,rank_gain,rank_score_gain,seed,reference_panel
pancreas,INS,sc_beta,beta-like,3.0,True,382,1.6772504043717278,0.8429319371727748,0.9984391259105099,0.995057232049948,9,1,0.9958355023425299,1.0,-8,-0.004164497657470068,,Veres EDT2
pancreas,NKX6-1,sc_beta,beta-like,3.0,True,382,0.5916928352617801,0.5680628272251309,0.9765868886576483,0.9768470343392299,195,58,0.8990109318063508,0.9703279541905258,-137,-0.07131702238417492,,Veres EDT2
pancreas,ISL1,sc_beta,beta-like,3.0,True,382,0.9200234835863874,0.7303664921465969,0.9869927159209158,0.986732570239334,21,19,0.9895887558563248,0.9906298802706923,-2,-0.0010411244143675447,,Veres EDT2
pancreas,PAX4,sc_beta,beta-like,3.0,True,382,0.2981623327748691,0.3403141361256545,0.9448491155046826,0.9445889698231009,1883,1835,0.020301926080166566,0.04528891202498697,-48,-0.024986985944820406,,Veres EDT2
pancreas,G6PC2,sc_beta,beta-like,3.0,True,382,0.02251333557591623,0.03664921465968586,0.5759625390218522,0.6006763787721123,237,117,0.8771473191046331,0.939614783966684,-120,-0.0624674648620509,,Veres EDT2
pancreas,NPTX2,sc_beta,beta-like,3.0,True,382,0.2570440958638744,0.2879581151832461,0.9334027055150884,0.9276795005202914,71,34,0.9635606454971369,0.982821447162936,-37,-0.01926080166579902,,Veres EDT2
pancreas,SLC30A8,sc_beta,beta-like,3.0,True,382,0.37799115384816756,0.3612565445026178,0.9583766909469302,0.9500520291363164,12,5,0.9942738157209786,0.9979177511712649,-7,-0.0036439354502862953,,prespecified Veres terminal-gene boundary control
pancreas,INS,sc_beta,beta-like,6.0,True,726,3.217947352410468,0.987603305785124,1.0,1.0,167,2,0.9135866736074961,0.9994794377928162,-165,-0.0858927641853201,,Veres EDT2
pancreas,NKX6-1,sc_beta,beta-like,6.0,True,726,0.7310785987465565,0.7272727272727273,0.9791883454734651,0.9812695109261186,184,49,0.9047371160853722,0.9750130140551796,-135,-0.07027589796980738,,Veres EDT2
pancreas,ISL1,sc_beta,beta-like,6.0,True,726,0.8253384888705233,0.7176308539944903,0.9838709677419355,0.9802289281997919,10,57,0.9953149401353462,0.9708485163977095,47,0.024466423737636633,,Veres EDT2
pancreas,PAX4,sc_beta,beta-like,6.0,True,726,0.30432092681818185,0.41460055096418735,0.9396462018730489,0.9391259105098856,1908,1891,0.007287870900572591,0.016137428422696498,-17,-0.008849557522123908,,Veres EDT2
pancreas,G6PC2,sc_beta,beta-like,6.0,True,726,0.053464606267217635,0.07988980716253444,0.7294484911550468,0.7065556711758585,150,74,0.92243623112962,0.9619989588755856,-76,-0.03956272774596559,,Veres EDT2
pancreas,NPTX2,sc_beta,beta-like,6.0,True,726,0.2645054903305785,0.35537190082644626,0.9276795005202914,0.9242976066597295,37,36,0.9812597605413846,0.9817803227485684,-1,-0.0005205622071837723,,Veres EDT2
pancreas,SLC30A8,sc_beta,beta-like,6.0,True,726,0.7929794053305784,0.6528925619834711,0.9823100936524454,0.9760665972944849,6,5,0.9973971889640812,0.9979177511712649,-1,-0.0005205622071836613,,prespecified Veres terminal-gene boundary control
pancreas,GCG,sc_alpha,alpha-like,3.0,True,1174,3.5564488188160137,0.8943781942078365,1.0,0.9994797086368367,1918,1,0.0020822488287350893,1.0,-1917,-0.9979177511712649,,Veres EDT2
pancreas,ARX,sc_alpha,alpha-like,3.0,True,1174,0.9624556924872231,0.7734241908006815,0.9895941727367326,0.9914151925078044,11,53,0.9947943779281624,0.9729307652264445,42,0.021863612701717883,,Veres EDT2
pancreas,IRX2,sc_alpha,alpha-like,3.0,True,1174,0.7612070987989779,0.6729131175468483,0.9843912591050988,0.9849115504682622,27,46,0.9864653826132223,0.9765747006767309,19,0.009890681936491341,,Veres EDT2
pancreas,CD36,sc_alpha,alpha-like,3.0,True,1174,0.025533231660988073,0.04003407155025554,0.5920915712799167,0.6024973985431842,796,1719,0.5861530452889121,0.10567412805830301,923,0.4804789172306091,,Veres EDT2
pancreas,ISL1,sc_alpha,alpha-like,3.0,True,1174,0.8995420639608176,0.7163543441226575,0.9875130072840791,0.9875130072840791,14,16,0.9932326913066112,0.9921915668922436,2,0.0010411244143675447,,Veres EDT2
pancreas,GCG,sc_alpha,alpha-like,6.0,True,484,4.118988155165289,0.8760330578512396,1.0,0.9963579604578564,1917,3,0.0026028110359187506,0.9989588755856325,-1914,-0.9963560645497137,,Veres EDT2
pancreas,ARX,sc_alpha,alpha-like,6.0,True,484,0.7118535635950414,0.71900826446281,0.9843912591050988,0.9846514047866806,26,613,0.986985944820406,0.6814159292035398,587,0.30557001561686625,,Veres EDT2
pancreas,IRX2,sc_alpha,alpha-like,6.0,True,484,0.8417705448347107,0.7665289256198347,0.9890738813735692,0.9895941727367326,24,1821,0.9880270692347736,0.05257678292555956,1797,0.935450286309214,,Veres EDT2
pancreas,CD36,sc_alpha,alpha-like,6.0,True,484,0.017075136508264466,0.028925619834710745,0.5400624349635796,0.5335587929240374,685,446,0.6439354502863093,0.7683498178032275,-239,-0.12441436751691826,,Veres EDT2
pancreas,ISL1,sc_alpha,alpha-like,6.0,True,484,0.8475543441528927,0.7541322314049587,0.9895941727367326,0.9885535900104059,3,62,0.9989588755856325,0.9682457053617908,59,0.03071317022384168,,Veres EDT2
pancreas,TPH1,sc_ec,EC-like,3.0,True,221,0.6315821731674207,0.5701357466063348,0.9755463059313215,0.9713839750260146,120,4,0.9380530973451328,0.9984383133784487,-116,-0.060385216033315925,,Veres EDT2
pancreas,SLC18A1,sc_ec,EC-like,3.0,True,221,0.27493231963800907,0.35294117647058826,0.9344432882414152,0.9336628511966701,80,67,0.9588755856324831,0.9656428943258719,-13,-0.006767308693388818,,Veres EDT2
pancreas,FEV,sc_ec,EC-like,3.0,True,221,1.8976894653393663,0.9864253393665159,0.9989594172736732,1.0,23,1915,0.9885476314419573,0.0036439354502862953,1892,0.984903695991671,,Veres EDT2
pancreas,DDC,sc_ec,EC-like,3.0,True,221,1.5141941052941177,0.9276018099547512,0.9973985431841832,0.9968782518210197,8,205,0.9963560645497137,0.8938053097345133,197,0.10255075481520037,,Veres EDT2
pancreas,ADRA2A,sc_ec,EC-like,3.0,True,221,0.6163034536199095,0.583710407239819,0.9745057232049948,0.9724245577523413,57,6,0.9708485163977095,0.9973971889640812,-51,-0.026548672566371723,,Veres EDT2
pancreas,TPH1,sc_ec,EC-like,6.0,True,883,1.2708234640203853,0.8674971687429218,0.9942767950052029,0.9937565036420395,8,19,0.9963560645497137,0.9906298802706923,11,0.005726184279021385,,Veres EDT2
pancreas,SLC18A1,sc_ec,EC-like,6.0,True,883,0.23662992345413364,0.35900339750849375,0.921436004162331,0.9248178980228928,84,184,0.956793336803748,0.9047371160853722,100,0.05205622071837579,,Veres EDT2
pancreas,FEV,sc_ec,EC-like,6.0,True,883,1.5959298359003398,0.9580973952434881,0.9989594172736732,0.9994797086368367,105,1909,0.9458615304528891,0.006767308693388818,1804,0.9390942217595003,,Veres EDT2
pancreas,DDC,sc_ec,EC-like,6.0,True,883,1.4819502902038504,0.9467723669309174,0.9973985431841832,0.9989594172736732,17,134,0.9916710046850599,0.9307652264445602,117,0.0609057782404997,,Veres EDT2
pancreas,ADRA2A,sc_ec,EC-like,6.0,True,883,0.5173579842695357,0.5741789354473387,0.9698231009365245,0.9690426638917794,168,17,0.9130661114003124,0.9916710046850599,-151,-0.07860489328474751,,Veres EDT2
pancreas,SST,sst_hhex,delta-like,3.0,True,454,1.975363397995595,0.6938325991189427,1.0,0.9890738813735692,148,1915,0.9234773555439875,0.0036439354502862953,1767,0.9198334200937012,,Veres EDT2
pancreas,HHEX,sst_hhex,delta-like,3.0,True,454,0.069322285969163,0.08590308370044053,0.740894901144641,0.7294484911550468,400,1098,0.7922956793336804,0.42894325871941696,698,0.3633524206142634,,Veres EDT2
pancreas,ISL1,sst_hhex,delta-like,3.0,True,454,0.9713592630176212,0.6784140969162996,0.9906347554630593,0.9869927159209158,14,15,0.9932326913066112,0.9927121290994274,1,0.0005205622071837723,,Veres EDT2
pancreas,RBP4,sst_hhex,delta-like,3.0,True,454,0.06436261392070484,0.07268722466960352,0.7252861602497399,0.6984911550468262,686,1173,0.6434148880791255,0.38990109318063504,487,0.25351379489849046,,Veres EDT2
pancreas,SST,sst_hhex,delta-like,6.0,True,125,1.65290806264,0.52,0.9973985431841832,0.9659209157127991,9,1922,0.9958355023425299,0.0,1913,0.9958355023425299,,Veres EDT2
pancreas,HHEX,sst_hhex,delta-like,6.0,True,125,0.10915001968,0.128,0.8163371488033299,0.7718522372528616,283,1663,0.8532014575741801,0.13482561166059348,1380,0.7183758459135866,,Veres EDT2
pancreas,ISL1,sst_hhex,delta-like,6.0,True,125,0.7079082372799999,0.6,0.9823100936524454,0.9786680541103018,13,21,0.993753253513795,0.9895887558563248,8,0.004164497657470179,,Veres EDT2
pancreas,RBP4,sst_hhex,delta-like,6.0,True,125,0.03325450072,0.048,0.5978147762747138,0.5892299687825182,843,1710,0.5616866215512754,0.11035918792295685,867,0.4513274336283185,,Veres EDT2
pancreas,NEUROG3,neurog3_early,early endocrine progenitor,3.0,True,398,0.9456095522613065,0.6959798994974874,0.9947970863683663,0.9932362122788762,7,20,0.9968766267568975,0.9901093180635085,13,0.006767308693388929,,Veres EDT2
pancreas,BTG2,neurog3_early,early endocrine progenitor,3.0,True,398,0.5733813905527638,0.550251256281407,0.9849115504682622,0.9880332986472424,1369,1848,0.28787090057261844,0.03852160333159815,479,0.24934929724102028,,Veres EDT2
pancreas,GADD45A,neurog3_early,early endocrine progenitor,3.0,True,398,0.5109061957788944,0.47738693467336685,0.9828303850156087,0.9812695109261186,220,1868,0.8859968766267569,0.02811035918792293,1648,0.8578865174388339,,Veres EDT2
pancreas,NEUROG3,neurog3_mid,mid endocrine progenitor,3.0,True,1156,1.196276099403114,0.8088235294117647,0.9953173777315296,0.9947970863683663,4,81,0.9984383133784487,0.9583550234252993,77,0.04008328995314936,,Veres EDT2
pancreas,PAX4,neurog3_mid,mid endocrine progenitor,3.0,True,1156,0.6829869964619377,0.5674740484429066,0.9864724245577523,0.9854318418314256,107,1913,0.9448204060385216,0.00468505986465384,1806,0.9401353461738677,,Veres EDT2
pancreas,HES6,neurog3_mid,mid endocrine progenitor,3.0,True,1156,0.5684453501643598,0.5034602076124568,0.977627471383975,0.9781477627471384,102,1857,0.9474232170744404,0.03383654346694431,1755,0.9135866736074961,,Veres EDT2
pancreas,NEUROG3,neurog3_mid,mid endocrine progenitor,6.0,True,233,0.7926049168669527,0.6351931330472103,0.9911550468262227,0.9893340270551508,5,410,0.9979177511712649,0.7870900572618428,405,0.21082769390942213,,Veres EDT2
pancreas,PAX4,neurog3_mid,mid endocrine progenitor,6.0,True,233,0.5434435163519313,0.5321888412017167,0.9771071800208116,0.9797086368366286,148,1902,0.9234773555439875,0.010411244143675225,1754,0.9130661114003122,,Veres EDT2
pancreas,HES6,neurog3_mid,mid endocrine progenitor,6.0,True,233,0.6902488968240343,0.5836909871244635,0.9869927159209158,0.9849115504682622,31,1909,0.9843831337844873,0.006767308693388818,1878,0.9776158250910985,,Veres EDT2
pancreas,NEUROG3,neurog3_late,late endocrine progenitor,3.0,True,1908,0.8348310083018868,0.6761006289308176,0.9843912591050988,0.9836108220603538,3,297,0.9989588755856325,0.8459135866736075,294,0.15304528891202496,,Veres EDT2
pancreas,NEUROD1,neurog3_late,late endocrine progenitor,3.0,True,1908,1.269030101273585,0.8784067085953878,0.9953173777315296,0.9963579604578564,8,126,0.9963560645497137,0.9349297241020302,118,0.06142634044768347,,Veres EDT2
pancreas,FEV,neurog3_late,late endocrine progenitor,3.0,True,1908,1.7230069160744235,0.9481132075471698,0.9994797086368367,0.9994797086368367,12,175,0.9942738157209786,0.9094221759500261,163,0.08485163977095256,,Veres EDT2
pancreas,NEUROG3,neurog3_late,late endocrine progenitor,6.0,True,443,0.36266791097065465,0.3747178329571106,0.9573361082206036,0.9492715920915713,11,125,0.9947943779281624,0.935450286309214,114,0.05934409161894838,,Veres EDT2
pancreas,NEUROD1,neurog3_late,late endocrine progenitor,6.0,True,443,0.9756443102708804,0.7562076749435666,0.9911550468262227,0.991675338189386,59,42,0.969807391983342,0.9786569495054659,-17,-0.008849557522123908,,Veres EDT2
pancreas,FEV,neurog3_late,late endocrine progenitor,6.0,True,443,1.556034975214447,0.909706546275395,0.9989594172736732,0.9984391259105099,116,141,0.9401353461738677,0.9271212909942739,25,0.013014055179593864,,Veres EDT2
pancreas,NKX6-1,prog_nkx61,NKX6-1+ progenitor,3.0,True,277,0.20417770440433214,0.27075812274368233,0.9573361082206036,0.9588969823100937,61,1910,0.9687662675689745,0.006246746486205157,1849,0.9625195210827694,,Veres EDT2
pancreas,PTF1A,prog_nkx61,NKX6-1+ progenitor,3.0,True,277,0.37674684870036096,0.40794223826714804,0.9823100936524454,0.9778876170655567,71,1889,0.9635606454971369,0.017178552837064043,1818,0.9463820926600729,,Veres EDT2
pancreas,SOX9,prog_nkx61,NKX6-1+ progenitor,3.0,True,277,0.48180495685920566,0.4981949458483754,0.985952133194589,0.9849115504682622,72,1912,0.9630400832899532,0.005205622071837612,1840,0.9578344612181156,,Veres EDT2
pancreas,SPP1,prog_nkx61,NKX6-1+ progenitor,3.0,True,277,0.005335438158844765,0.007220216606498195,0.43548387096774194,0.4167533818938606,669,1489,0.6522644456012494,0.22540343571056742,820,0.426861009890682,,Veres EDT2
pancreas,NKX6-1,prog_nkx61,NKX6-1+ progenitor,6.0,True,72,0.16338112180555553,0.2916666666666667,0.9406867845993756,0.9521331945889698,28,1907,0.9859448204060385,0.007808433107756363,1879,0.9781363872982821,,Veres EDT2
pancreas,PTF1A,prog_nkx61,NKX6-1+ progenitor,6.0,True,72,0.4362296033333333,0.5416666666666666,0.9843912591050988,0.9823100936524454,46,1888,0.9765747006767309,0.017699115044247815,1842,0.9588755856324831,,Veres EDT2
pancreas,SOX9,prog_nkx61,NKX6-1+ progenitor,6.0,True,72,0.8646629995833334,0.7777777777777778,0.9953173777315296,0.9942767950052029,70,1908,0.9640812077043207,0.007287870900572591,1838,0.9567933368037481,,Veres EDT2
pancreas,SPP1,prog_nkx61,NKX6-1+ progenitor,6.0,True,72,0.0,0.0,0.2169614984391259,0.2169614984391259,1053,805,0.45236855804268605,0.5814679854242581,-248,-0.1290994273815721,,Veres EDT2
pancreas,PHOX2A,phox2a,PHOX2A+,3.0,True,561,0.6656855332976828,0.6060606060606061,0.9781477627471384,0.9812695109261186,64,1910,0.9672045809474232,0.006246746486205157,1846,0.9609578344612181,,Veres EDT2
pancreas,TPH1,phox2a,PHOX2A+,3.0,True,561,0.09660160559714796,0.11051693404634581,0.8257023933402705,0.8111342351716961,1901,11,0.010931806350858886,0.9947943779281624,-1890,-0.9838625715773035,,Veres EDT2
pancreas,FEV,phox2a,PHOX2A+,3.0,True,561,1.557802882228164,0.875222816399287,0.9979188345473465,0.9973985431841832,20,61,0.9901093180635085,0.9687662675689745,41,0.021343050494534,,Veres EDT2
pancreas,KLK1,phox2a,PHOX2A+,3.0,True,561,0.05232565445632798,0.06951871657754011,0.7273673257023934,0.7281477627471384,1868,1840,0.02811035918792293,0.04268610098906822,-28,-0.014575741801145292,,Veres EDT2
pancreas,ENC1,phox2a,PHOX2A+,3.0,True,561,0.8611736915329768,0.6149732620320856,0.9875130072840791,0.9823100936524454,50,1920,0.9744924518479958,0.0010411244143675447,1870,0.9734513274336283,,Veres EDT2
pancreas,PHOX2A,phox2a,PHOX2A+,6.0,True,177,0.49385568033898297,0.4689265536723164,0.9687825182101977,0.9620187304890739,76,1915,0.9609578344612181,0.0036439354502862953,1839,0.9573138990109318,,Veres EDT2
pancreas,TPH1,phox2a,PHOX2A+,6.0,True,177,0.9183153830508474,0.6610169491525424,0.991675338189386,0.9833506763787722,48,3,0.9755335762623634,0.9989588755856325,-45,-0.02342529932326909,,Veres EDT2
pancreas,FEV,phox2a,PHOX2A+,6.0,True,177,1.6354638178531073,0.9209039548022598,0.9979188345473465,0.9979188345473465,33,17,0.9833420093701197,0.9916710046850599,-16,-0.008328995314940135,,Veres EDT2
pancreas,KLK1,phox2a,PHOX2A+,6.0,True,177,0.39419613028248585,0.4124293785310734,0.9562955254942768,0.9497918834547346,315,1886,0.8365434669442998,0.01874023945861536,1571,0.8178032274856845,,Veres EDT2
pancreas,ENC1,phox2a,PHOX2A+,6.0,True,177,0.7474799647457628,0.5536723163841808,0.9849115504682622,0.9724245577523413,67,1921,0.9656428943258719,0.0005205622071837723,1854,0.9651223321186881,,Veres EDT2
pancreas,FEV,fev_high_isl_low,FEV-high endocrine progenitor,3.0,True,870,1.4506440749770118,0.8747126436781609,0.9984391259105099,0.9984391259105099,5,1890,0.9979177511712649,0.01665799062988027,1885,0.9812597605413846,,Veres EDT2
pancreas,PAX4,fev_high_isl_low,FEV-high endocrine progenitor,3.0,True,870,0.2587542243678161,0.29310344827586204,0.9328824141519251,0.9302809573361083,237,1697,0.8771473191046331,0.11712649661634567,1460,0.7600208224882874,,Veres EDT2
pancreas,ONECUT3,fev_high_isl_low,FEV-high endocrine progenitor,3.0,True,870,0.13944627099999998,0.16896551724137931,0.8772112382934444,0.8670655567117586,1884,1915,0.019781363872982793,0.0036439354502862953,31,0.016137428422696498,,Veres EDT2
pancreas,FEV,fev_high_isl_low,FEV-high endocrine progenitor,6.0,True,120,1.1528951696666667,0.7916666666666666,0.9947970863683663,0.9937565036420395,300,1895,0.8443519000520562,0.01405517959396152,1595,0.8302967204580947,,Veres EDT2
pancreas,PAX4,fev_high_isl_low,FEV-high endocrine progenitor,6.0,True,120,0.16800508466666664,0.2,0.8902185223725286,0.8629032258064516,1902,1794,0.010411244143675225,0.06663196251952108,-108,-0.05622071837584586,,Veres EDT2
pancreas,ONECUT3,fev_high_isl_low,FEV-high endocrine progenitor,6.0,True,120,0.15522502116666667,0.14166666666666666,0.8792924037460979,0.8012486992715921,171,1911,0.911504424778761,0.005726184279021385,1740,0.9057782404997397,,Veres EDT2
zebrafish,ACTA1A,adaxial_cells,adaxial cells,9.0,True,54,0.0,0.0,0.28125,0.28125,144,1953,0.928464232116058,0.023511755877938967,1809,0.904952476238119,0.0,Farrell frozen modules
zebrafish,ACTA1A,adaxial_cells,adaxial cells,9.0,True,54,0.0,0.0,0.28125,0.28125,166,125,0.9174587293646823,0.9379689844922461,-41,-0.02051025512756377,1.0,Farrell frozen modules
zebrafish,ACTA1A,adaxial_cells,adaxial cells,9.0,True,54,0.0,0.0,0.28125,0.28125,145,146,0.9279639819909955,0.927463731865933,1,0.0005002501250624958,2.0,Farrell frozen modules
zebrafish,ACTC1A,adaxial_cells,adaxial cells,9.0,True,54,0.7823155185185185,0.5,0.958,0.95575,56,726,0.9724862431215607,0.6373186593296648,670,0.33516758379189593,0.0,Farrell frozen modules
zebrafish,ACTC1A,adaxial_cells,adaxial cells,9.0,True,54,0.7823155185185185,0.5,0.958,0.95575,67,153,0.966983491745873,0.9239619809904952,86,0.043021510755377745,1.0,Farrell frozen modules
zebrafish,ACTC1A,adaxial_cells,adaxial cells,9.0,True,54,0.7823155185185185,0.5,0.958,0.95575,71,112,0.9649824912456229,0.9444722361180591,41,0.02051025512756377,2.0,Farrell frozen modules
zebrafish,ACTC1B,adaxial_cells,adaxial cells,9.0,True,54,0.020773794444444445,0.018518518518518517,0.6235,0.6185,300,1968,0.8504252126063032,0.016008004002000975,1668,0.8344172086043022,0.0,Farrell frozen modules
zebrafish,ACTC1B,adaxial_cells,adaxial cells,9.0,True,54,0.020773794444444445,0.018518518518518517,0.6235,0.6185,352,1676,0.8244122061030515,0.16208104052026018,1324,0.6623311655827914,1.0,Farrell frozen modules
zebrafish,ACTC1B,adaxial_cells,adaxial cells,9.0,True,54,0.020773794444444445,0.018518518518518517,0.6235,0.6185,303,1512,0.8489244622311156,0.24412206103051526,1209,0.6048024012006004,2.0,Farrell frozen modules
zebrafish,ALPI.1,adaxial_cells,adaxial cells,9.0,True,54,0.10142512462962962,0.07407407407407407,0.803,0.787,71,1971,0.9649824912456229,0.014507253626813377,1900,0.9504752376188095,0.0,Farrell frozen modules
zebrafish,ALPI.1,adaxial_cells,adaxial cells,9.0,True,54,0.10142512462962962,0.07407407407407407,0.803,0.787,79,146,0.9609804902451226,0.927463731865933,67,0.03351675837918955,1.0,Farrell frozen modules
zebrafish,ALPI.1,adaxial_cells,adaxial cells,9.0,True,54,0.10142512462962962,0.07407407407407407,0.803,0.787,78,178,0.961480740370185,0.9114557278639319,100,0.05002501250625313,2.0,Farrell frozen modules
zebrafish,ANP32E,adaxial_cells,adaxial cells,9.0,True,54,2.8412822055555558,1.0,0.996,0.99825,1910,133,0.04502251125562784,0.9339669834917459,-1777,-0.888944472236118,0.0,Farrell frozen modules
zebrafish,ANP32E,adaxial_cells,adaxial cells,9.0,True,54,2.8412822055555558,1.0,0.996,0.99825,1713,1951,0.1435717858929465,0.02451225612806407,238,0.11905952976488243,1.0,Farrell frozen modules
zebrafish,ANP32E,adaxial_cells,adaxial cells,9.0,True,54,2.8412822055555558,1.0,0.996,0.99825,1891,1959,0.054527263631815925,0.02051025512756377,68,0.034017008504252155,2.0,Farrell frozen modules
zebrafish,APLNRA,adaxial_cells,adaxial cells,9.0,True,54,0.9900868518518519,0.6481481481481481,0.9675,0.97225,33,154,0.983991995997999,0.9234617308654327,121,0.06053026513256632,0.0,Farrell frozen modules
zebrafish,APLNRA,adaxial_cells,adaxial cells,9.0,True,54,0.9900868518518519,0.6481481481481481,0.9675,0.97225,36,118,0.9824912456228114,0.9414707353676839,82,0.04102051025512754,1.0,Farrell frozen modules
zebrafish,APLNRA,adaxial_cells,adaxial cells,9.0,True,54,0.9900868518518519,0.6481481481481481,0.9675,0.97225,39,110,0.9809904952476238,0.9454727363681841,71,0.035517758879439754,2.0,Farrell frozen modules
zebrafish,APOC1,adaxial_cells,adaxial cells,9.0,True,54,1.0509545012962962,0.6296296296296297,0.9705,0.97025,1975,173,0.012506253126563283,0.9139569784892446,-1802,-0.9014507253626813,0.0,Farrell frozen modules
zebrafish,APOC1,adaxial_cells,adaxial cells,9.0,True,54,1.0509545012962962,0.6296296296296297,0.9705,0.97025,1979,214,0.010505252626313188,0.8934467233616809,-1765,-0.8829414707353677,1.0,Farrell frozen modules
zebrafish,APOC1,adaxial_cells,adaxial cells,9.0,True,54,1.0509545012962962,0.6296296296296297,0.9705,0.97025,211,441,0.8949474737368684,0.7798899449724862,230,0.11505752876438224,2.0,Farrell frozen modules
zebrafish,ASPH,adaxial_cells,adaxial cells,9.0,True,54,1.9114425253703706,0.8888888888888888,0.992,0.99175,8,92,0.9964982491245623,0.9544772386193097,84,0.04202101050525264,0.0,Farrell frozen modules
zebrafish,ASPH,adaxial_cells,adaxial cells,9.0,True,54,1.9114425253703706,0.8888888888888888,0.992,0.99175,10,48,0.9954977488744372,0.976488244122061,38,0.019009504752376172,1.0,Farrell frozen modules
zebrafish,ASPH,adaxial_cells,adaxial cells,9.0,True,54,1.9114425253703706,0.8888888888888888,0.992,0.99175,7,19,0.9969984992496248,0.9909954977488744,12,0.006003001500750393,2.0,Farrell frozen modules
zebrafish,CDKN1CA,adaxial_cells,adaxial cells,9.0,True,54,1.508864216666667,0.7592592592592593,0.9855,0.97975,9,1984,0.9959979989994997,0.008004002001000488,1975,0.9879939969984992,0.0,Farrell frozen modules
zebrafish,CDKN1CA,adaxial_cells,adaxial cells,9.0,True,54,1.508864216666667,0.7592592592592593,0.9855,0.97975,11,110,0.9949974987493747,0.9454727363681841,99,0.049524762381190635,1.0,Farrell frozen modules
zebrafish,CDKN1CA,adaxial_cells,adaxial cells,9.0,True,54,1.508864216666667,0.7592592592592593,0.9855,0.97975,13,99,0.9939969984992496,0.950975487743872,86,0.043021510755377634,2.0,Farrell frozen modules
zebrafish,CDX4,adaxial_cells,adaxial cells,9.0,True,54,2.5680890851851848,0.9074074074074074,0.9945,0.99275,36,1938,0.9824912456228114,0.03101550775387696,1902,0.9514757378689345,0.0,Farrell frozen modules
zebrafish,CDX4,adaxial_cells,adaxial cells,9.0,True,54,2.5680890851851848,0.9074074074074074,0.9945,0.99275,40,170,0.9804902451225613,0.9154577288644322,130,0.06503251625812911,1.0,Farrell frozen modules
zebrafish,CDX4,adaxial_cells,adaxial cells,9.0,True,54,2.5680890851851848,0.9074074074074074,0.9945,0.99275,36,267,0.9824912456228114,0.8669334667333667,231,0.11555777888944474,2.0,Farrell frozen modules
zebrafish,CX43.4,adaxial_cells,adaxial cells,9.0,True,54,2.838695383333334,1.0,0.9955,0.99825,62,13,0.9694847423711856,0.9939969984992496,-49,-0.02451225612806396,0.0,Farrell frozen modules
zebrafish,CX43.4,adaxial_cells,adaxial cells,9.0,True,54,2.838695383333334,1.0,0.9955,0.99825,53,40,0.9739869934967483,0.9804902451225613,-13,-0.006503251625813,1.0,Farrell frozen modules
zebrafish,CX43.4,adaxial_cells,adaxial cells,9.0,True,54,2.838695383333334,1.0,0.9955,0.99825,51,52,0.9749874937468734,0.9744872436218109,1,0.0005002501250624958,2.0,Farrell frozen modules
zebrafish,DDIT4,adaxial_cells,adaxial cells,9.0,True,54,0.5010495407407407,0.37037037037037035,0.936,0.9365,21,9,0.9899949974987494,0.9959979989994997,-12,-0.006003001500750282,0.0,Farrell frozen modules
zebrafish,DDIT4,adaxial_cells,adaxial cells,9.0,True,54,0.5010495407407407,0.37037037037037035,0.936,0.9365,18,18,0.991495747873937,0.991495747873937,0,0.0,1.0,Farrell frozen modules
zebrafish,DDIT4,adaxial_cells,adaxial cells,9.0,True,54,0.5010495407407407,0.37037037037037035,0.936,0.9365,16,27,0.992496248124062,0.9869934967483742,11,0.005502751375687787,2.0,Farrell frozen modules
zebrafish,EFEMP2A,adaxial_cells,adaxial cells,9.0,True,54,0.05055726907407408,0.05555555555555555,0.731,0.754,140,1890,0.9304652326163082,0.05502751375687842,1750,0.8754377188594298,0.0,Farrell frozen modules
zebrafish,EFEMP2A,adaxial_cells,adaxial cells,9.0,True,54,0.05055726907407408,0.05555555555555555,0.731,0.754,168,156,0.9164582291145573,0.9224612306153077,-12,-0.006003001500750393,1.0,Farrell frozen modules
zebrafish,EFEMP2A,adaxial_cells,adaxial cells,9.0,True,54,0.05055726907407408,0.05555555555555555,0.731,0.754,151,167,0.9249624812406203,0.9169584792396198,16,0.008004002001000488,2.0,Farrell frozen modules
zebrafish,FSTL1A,adaxial_cells,adaxial cells,9.0,True,54,0.43157548148148145,0.25925925925925924,0.9245,0.9085,69,271,0.9659829914957478,0.8649324662331166,202,0.10105052526263125,0.0,Farrell frozen modules
zebrafish,FSTL1A,adaxial_cells,adaxial cells,9.0,True,54,0.43157548148148145,0.25925925925925924,0.9245,0.9085,81,75,0.9599799899949975,0.9629814907453726,-6,-0.0030015007503751967,1.0,Farrell frozen modules
zebrafish,FSTL1A,adaxial_cells,adaxial cells,9.0,True,54,0.43157548148148145,0.25925925925925924,0.9245,0.9085,74,50,0.9634817408704353,0.9754877438719359,-24,-0.012006003001500676,2.0,Farrell frozen modules
zebrafish,HES6,adaxial_cells,adaxial cells,9.0,True,54,1.6223888740740742,0.8518518518518519,0.989,0.98925,10,22,0.9954977488744372,0.9894947473736868,12,0.006003001500750393,0.0,Farrell frozen modules
zebrafish,HES6,adaxial_cells,adaxial cells,9.0,True,54,1.6223888740740742,0.8518518518518519,0.989,0.98925,8,12,0.9964982491245623,0.9944972486243121,4,0.002001000500250205,1.0,Farrell frozen modules
zebrafish,HES6,adaxial_cells,adaxial cells,9.0,True,54,1.6223888740740742,0.8518518518518519,0.989,0.98925,9,15,0.9959979989994997,0.9929964982491246,6,0.0030015007503750857,2.0,Farrell frozen modules
zebrafish,HOXA9B,adaxial_cells,adaxial cells,9.0,True,54,0.0,0.0,0.28125,0.28125,93,90,0.9539769884942472,0.9554777388694348,-3,-0.0015007503751875984,0.0,Farrell frozen modules
zebrafish,HOXA9B,adaxial_cells,adaxial cells,9.0,True,54,0.0,0.0,0.28125,0.28125,82,44,0.959479739869935,0.9784892446223111,-38,-0.019009504752376172,1.0,Farrell frozen modules
zebrafish,HOXA9B,adaxial_cells,adaxial cells,9.0,True,54,0.0,0.0,0.28125,0.28125,73,60,0.9639819909954978,0.9704852426213106,-13,-0.006503251625812889,2.0,Farrell frozen modules
zebrafish,HOXB10A,adaxial_cells,adaxial cells,9.0,True,54,0.0,0.0,0.28125,0.28125,80,70,0.9604802401200601,0.9654827413706853,-10,-0.005002501250625291,0.0,Farrell frozen modules
zebrafish,HOXB10A,adaxial_cells,adaxial cells,9.0,True,54,0.0,0.0,0.28125,0.28125,65,30,0.967983991995998,0.9854927463731866,-35,-0.017508754377188573,1.0,Farrell frozen modules
zebrafish,HOXB10A,adaxial_cells,adaxial cells,9.0,True,54,0.0,0.0,0.28125,0.28125,58,47,0.9714857428714357,0.9769884942471235,-11,-0.005502751375687787,2.0,Farrell frozen modules
zebrafish,HOXB7A,adaxial_cells,adaxial cells,9.0,True,54,0.22967254074074073,0.16666666666666666,0.8775,0.869,4,6,0.9984992496248124,0.9974987493746873,2,0.0010005002501251026,0.0,Farrell frozen modules
zebrafish,HOXB7A,adaxial_cells,adaxial cells,9.0,True,54,0.22967254074074073,0.16666666666666666,0.8775,0.869,4,2,0.9984992496248124,0.9994997498749375,-2,-0.0010005002501251026,1.0,Farrell frozen modules
zebrafish,HOXB7A,adaxial_cells,adaxial cells,9.0,True,54,0.22967254074074073,0.16666666666666666,0.8775,0.869,3,2,0.9989994997498749,0.9994997498749375,-1,-0.0005002501250626068,2.0,Farrell frozen modules
zebrafish,HOXC3A,adaxial_cells,adaxial cells,9.0,True,54,0.49962995351851847,0.3148148148148148,0.935,0.92325,11,11,0.9949974987493747,0.9949974987493747,0,0.0,0.0,Farrell frozen modules
zebrafish,HOXC3A,adaxial_cells,adaxial cells,9.0,True,54,0.49962995351851847,0.3148148148148148,0.935,0.92325,12,5,0.9944972486243121,0.9979989994997499,-7,-0.0035017508754378035,1.0,Farrell frozen modules
zebrafish,HOXC3A,adaxial_cells,adaxial cells,9.0,True,54,0.49962995351851847,0.3148148148148148,0.935,0.92325,11,4,0.9949974987493747,0.9984992496248124,-7,-0.0035017508754376925,2.0,Farrell frozen modules
zebrafish,HOXC8A,adaxial_cells,adaxial cells,9.0,True,54,0.0811345574074074,0.05555555555555555,0.775,0.754,22,15,0.9894947473736868,0.9929964982491246,-7,-0.0035017508754378035,0.0,Farrell frozen modules
zebrafish,HOXC8A,adaxial_cells,adaxial cells,9.0,True,54,0.0811345574074074,0.05555555555555555,0.775,0.754,23,10,0.9889944972486243,0.9954977488744372,-13,-0.006503251625812889,1.0,Farrell frozen modules
zebrafish,HOXC8A,adaxial_cells,adaxial cells,9.0,True,54,0.0811345574074074,0.05555555555555555,0.775,0.754,19,11,0.9909954977488744,0.9949974987493747,-8,-0.004002001000500299,2.0,Farrell frozen modules
zebrafish,ITGB1BP2,adaxial_cells,adaxial cells,9.0,True,54,0.039152483333333335,0.037037037037037035,0.701,0.70625,149,315,0.9259629814907454,0.8429214607303652,166,0.08304152076038018,0.0,Farrell frozen modules
zebrafish,ITGB1BP2,adaxial_cells,adaxial cells,9.0,True,54,0.039152483333333335,0.037037037037037035,0.701,0.70625,157,113,0.9219609804902451,0.9439719859929965,-44,-0.02201100550275137,1.0,Farrell frozen modules
zebrafish,ITGB1BP2,adaxial_cells,adaxial cells,9.0,True,54,0.039152483333333335,0.037037037037037035,0.701,0.70625,150,130,0.9254627313656828,0.9354677338669335,-20,-0.010005002501250693,2.0,Farrell frozen modules
zebrafish,ITM2CB,adaxial_cells,adaxial cells,9.0,True,54,0.19229373333333333,0.14814814814814814,0.863,0.859,44,131,0.9784892446223111,0.9349674837418709,87,0.04352176088044024,0.0,Farrell frozen modules
zebrafish,ITM2CB,adaxial_cells,adaxial cells,9.0,True,54,0.19229373333333333,0.14814814814814814,0.863,0.859,43,64,0.9789894947473737,0.9684842421210605,21,0.010505252626313188,1.0,Farrell frozen modules
zebrafish,ITM2CB,adaxial_cells,adaxial cells,9.0,True,54,0.19229373333333333,0.14814814814814814,0.863,0.859,38,85,0.9814907453726863,0.9579789894947474,47,0.023511755877938967,2.0,Farrell frozen modules
zebrafish,LRATB,adaxial_cells,adaxial cells,9.0,True,54,0.5411343524074074,0.4074074074074074,0.9395,0.94325,40,32,0.9804902451225613,0.9844922461230615,-8,-0.004002001000500188,0.0,Farrell frozen modules
zebrafish,LRATB,adaxial_cells,adaxial cells,9.0,True,54,0.5411343524074074,0.4074074074074074,0.9395,0.94325,37,32,0.9819909954977488,0.9844922461230615,-5,-0.002501250625312701,1.0,Farrell frozen modules
zebrafish,LRATB,adaxial_cells,adaxial cells,9.0,True,54,0.5411343524074074,0.4074074074074074,0.9395,0.94325,35,37,0.9829914957478739,0.9819909954977488,2,0.0010005002501251026,2.0,Farrell frozen modules
zebrafish,MEF2D,adaxial_cells,adaxial cells,9.0,True,54,0.8083128907407406,0.4444444444444444,0.959,0.94925,41,162,0.9799899949974987,0.9194597298649325,121,0.06053026513256621,0.0,Farrell frozen modules
zebrafish,MEF2D,adaxial_cells,adaxial cells,9.0,True,54,0.8083128907407406,0.4444444444444444,0.959,0.94925,54,51,0.9734867433716858,0.9749874937468734,-3,-0.0015007503751875984,1.0,Farrell frozen modules
zebrafish,MEF2D,adaxial_cells,adaxial cells,9.0,True,54,0.8083128907407406,0.4444444444444444,0.959,0.94925,54,40,0.9734867433716858,0.9804902451225613,-14,-0.007003501750875496,2.0,Farrell frozen modules
zebrafish,MSGN1,adaxial_cells,adaxial cells,9.0,True,54,2.814378375925926,0.9444444444444444,0.995,0.99375,2,2,0.9994997498749375,0.9994997498749375,0,0.0,0.0,Farrell frozen modules
zebrafish,MSGN1,adaxial_cells,adaxial cells,9.0,True,54,2.814378375925926,0.9444444444444444,0.995,0.99375,1,4,1.0,0.9984992496248124,3,0.0015007503751875984,1.0,Farrell frozen modules
zebrafish,MSGN1,adaxial_cells,adaxial cells,9.0,True,54,2.814378375925926,0.9444444444444444,0.995,0.99375,2,10,0.9994997498749375,0.9954977488744372,8,0.004002001000500299,2.0,Farrell frozen modules
zebrafish,MYF5,adaxial_cells,adaxial cells,9.0,True,54,2.1565502148148146,0.8888888888888888,0.9925,0.99175,1,40,1.0,0.9804902451225613,39,0.019509754877438668,0.0,Farrell frozen modules
zebrafish,MYF5,adaxial_cells,adaxial cells,9.0,True,54,2.1565502148148146,0.8888888888888888,0.9925,0.99175,2,8,0.9994997498749375,0.9964982491245623,6,0.0030015007503751967,1.0,Farrell frozen modules
zebrafish,MYF5,adaxial_cells,adaxial cells,9.0,True,54,2.1565502148148146,0.8888888888888888,0.9925,0.99175,1,6,1.0,0.9974987493746873,5,0.002501250625312701,2.0,Farrell frozen modules
zebrafish,MYL10,adaxial_cells,adaxial cells,9.0,True,54,1.267203253703704,0.5740740740740741,0.9775,0.96475,12,1967,0.9944972486243121,0.016508254127063582,1955,0.9779889944972485,0.0,Farrell frozen modules
zebrafish,MYL10,adaxial_cells,adaxial cells,9.0,True,54,1.267203253703704,0.5740740740740741,0.9775,0.96475,28,78,0.9864932466233116,0.961480740370185,50,0.025012506253126565,1.0,Farrell frozen modules
zebrafish,MYL10,adaxial_cells,adaxial cells,9.0,True,54,1.267203253703704,0.5740740740740741,0.9775,0.96475,28,45,0.9864932466233116,0.9779889944972486,17,0.008504252126062983,2.0,Farrell frozen modules
zebrafish,MYOD1,adaxial_cells,adaxial cells,9.0,True,54,1.29885288537037,0.6666666666666666,0.979,0.974,15,1995,0.9929964982491246,0.002501250625312701,1980,0.9904952476238119,0.0,Farrell frozen modules
zebrafish,MYOD1,adaxial_cells,adaxial cells,9.0,True,54,1.29885288537037,0.6666666666666666,0.979,0.974,20,1595,0.9904952476238119,0.2026013006503251,1575,0.7878939469734868,1.0,Farrell frozen modules
zebrafish,MYOD1,adaxial_cells,adaxial cells,9.0,True,54,1.29885288537037,0.6666666666666666,0.979,0.974,30,1240,0.9854927463731866,0.38019009504752377,1210,0.6053026513256629,2.0,Farrell frozen modules
zebrafish,NEXN,adaxial_cells,adaxial cells,9.0,True,54,0.022679174074074073,0.018518518518518517,0.6385,0.6185,447,1970,0.7768884442221111,0.015007503751875984,1523,0.7618809404702351,0.0,Farrell frozen modules
zebrafish,NEXN,adaxial_cells,adaxial cells,9.0,True,54,0.022679174074074073,0.018518518518518517,0.6385,0.6185,844,599,0.5782891445722862,0.7008504252126063,-245,-0.12256128064032012,1.0,Farrell frozen modules
zebrafish,NEXN,adaxial_cells,adaxial cells,9.0,True,54,0.022679174074074073,0.018518518518518517,0.6385,0.6185,517,951,0.7418709354677339,0.5247623811905953,434,0.2171085542771386,2.0,Farrell frozen modules
zebrafish,NTD5,adaxial_cells,adaxial cells,9.0,True,54,0.4857796583333333,0.3148148148148148,0.933,0.92325,168,1979,0.9164582291145573,0.010505252626313188,1811,0.9059529764882441,0.0,Farrell frozen modules
zebrafish,NTD5,adaxial_cells,adaxial cells,9.0,True,54,0.4857796583333333,0.3148148148148148,0.933,0.92325,181,1706,0.9099549774887443,0.1470735367683842,1525,0.7628814407203601,1.0,Farrell frozen modules
zebrafish,NTD5,adaxial_cells,adaxial cells,9.0,True,54,0.4857796583333333,0.3148148148148148,0.933,0.92325,162,1184,0.9194597298649325,0.40820410205102553,1022,0.511255627813907,2.0,Farrell frozen modules
zebrafish,PBXIP1B,adaxial_cells,adaxial cells,9.0,True,54,0.18835709814814813,0.1111111111111111,0.8615,0.83025,117,290,0.9419709854927464,0.8554277138569284,173,0.08654327163581799,0.0,Farrell frozen modules
zebrafish,PBXIP1B,adaxial_cells,adaxial cells,9.0,True,54,0.18835709814814813,0.1111111111111111,0.8615,0.83025,130,134,0.9354677338669335,0.9334667333666833,4,0.002001000500250205,1.0,Farrell frozen modules
zebrafish,PBXIP1B,adaxial_cells,adaxial cells,9.0,True,54,0.18835709814814813,0.1111111111111111,0.8615,0.83025,119,124,0.9409704852426213,0.9384692346173087,5,0.00250125062531259,2.0,Farrell frozen modules
zebrafish,PRDM1A,adaxial_cells,adaxial cells,9.0,True,54,0.30938465555555555,0.2222222222222222,0.902,0.89675,118,1973,0.9414707353676839,0.013506753376688385,1855,0.9279639819909955,0.0,Farrell frozen modules
zebrafish,PRDM1A,adaxial_cells,adaxial cells,9.0,True,54,0.30938465555555555,0.2222222222222222,0.902,0.89675,131,1651,0.9349674837418709,0.17458729364682346,1520,0.7603801900950474,1.0,Farrell frozen modules
zebrafish,PRDM1A,adaxial_cells,adaxial cells,9.0,True,54,0.30938465555555555,0.2222222222222222,0.902,0.89675,131,572,0.9349674837418709,0.7143571785892946,441,0.2206103051525763,2.0,Farrell frozen modules
zebrafish,PTGES3L,adaxial_cells,adaxial cells,9.0,True,54,0.07692771203703704,0.07407407407407407,0.7705,0.787,1178,1957,0.4112056028014007,0.021510755377688873,779,0.38969484742371185,0.0,Farrell frozen modules
zebrafish,PTGES3L,adaxial_cells,adaxial cells,9.0,True,54,0.07692771203703704,0.07407407407407407,0.7705,0.787,1855,1833,0.072536268134067,0.08354177088544268,-22,-0.011005502751375684,1.0,Farrell frozen modules
zebrafish,PTGES3L,adaxial_cells,adaxial cells,9.0,True,54,0.07692771203703704,0.07407407407407407,0.7705,0.787,1572,1744,0.2141070535267634,0.12806403201600802,172,0.08604302151075538,2.0,Farrell frozen modules
zebrafish,RBM24A,adaxial_cells,adaxial cells,9.0,True,54,0.47428195833333336,0.3148148148148148,0.9315,0.92325,67,83,0.966983491745873,0.9589794897448725,16,0.008004002001000488,0.0,Farrell frozen modules
zebrafish,RBM24A,adaxial_cells,adaxial cells,9.0,True,54,0.47428195833333336,0.3148148148148148,0.9315,0.92325,87,29,0.9569784892446223,0.9859929964982491,-58,-0.029014507253626864,1.0,Farrell frozen modules
zebrafish,RBM24A,adaxial_cells,adaxial cells,9.0,True,54,0.47428195833333336,0.3148148148148148,0.9315,0.92325,79,26,0.9609804902451226,0.9874937468734367,-53,-0.026513256628314164,2.0,Farrell frozen modules
zebrafish,RBM38,adaxial_cells,adaxial cells,9.0,True,54,1.7341356777777777,0.8518518518518519,0.9905,0.98925,14,3,0.9934967483741871,0.9989994997498749,-11,-0.005502751375687787,0.0,Farrell frozen modules
zebrafish,RBM38,adaxial_cells,adaxial cells,9.0,True,54,1.7341356777777777,0.8518518518518519,0.9905,0.98925,13,15,0.9939969984992496,0.9929964982491246,2,0.0010005002501249916,1.0,Farrell frozen modules
zebrafish,RBM38,adaxial_cells,adaxial cells,9.0,True,54,1.7341356777777777,0.8518518518518519,0.9905,0.98925,15,13,0.9929964982491246,0.9939969984992496,-2,-0.0010005002501249916,2.0,Farrell frozen modules
zebrafish,SERPINH1B,adaxial_cells,adaxial cells,9.0,True,54,1.3042352222222222,0.6666666666666666,0.98,0.974,6,731,0.9974987493746873,0.6348174087043521,725,0.3626813406703352,0.0,Farrell frozen modules
zebrafish,SERPINH1B,adaxial_cells,adaxial cells,9.0,True,54,1.3042352222222222,0.6666666666666666,0.98,0.974,5,34,0.9979989994997499,0.9834917458729364,29,0.014507253626813488,1.0,Farrell frozen modules
zebrafish,SERPINH1B,adaxial_cells,adaxial cells,9.0,True,54,1.3042352222222222,0.6666666666666666,0.98,0.974,5,24,0.9979989994997499,0.9884942471235618,19,0.009504752376188086,2.0,Farrell frozen modules
zebrafish,SI:CH211-101L18.8,adaxial_cells,adaxial cells,9.0,True,54,0.4711794314814815,0.35185185185185186,0.931,0.9325,84,38,0.9584792396198099,0.9814907453726863,-46,-0.02301150575287647,0.0,Farrell frozen modules
zebrafish,SI:CH211-101L18.8,adaxial_cells,adaxial cells,9.0,True,54,0.4711794314814815,0.35185185185185186,0.931,0.9325,88,38,0.9564782391195598,0.9814907453726863,-50,-0.025012506253126565,1.0,Farrell frozen modules
zebrafish,SI:CH211-101L18.8,adaxial_cells,adaxial cells,9.0,True,54,0.4711794314814815,0.35185185185185186,0.931,0.9325,82,42,0.959479739869935,0.9794897448724362,-40,-0.020010005002501274,2.0,Farrell frozen modules
zebrafish,SI:DKEY-11C5.14,adaxial_cells,adaxial cells,9.0,True,54,0.09181877407407407,0.07407407407407407,0.793,0.787,13,7,0.9939969984992496,0.9969984992496248,-6,-0.0030015007503751967,0.0,Farrell frozen modules
zebrafish,SI:DKEY-11C5.14,adaxial_cells,adaxial cells,9.0,True,54,0.09181877407407407,0.07407407407407407,0.793,0.787,14,1,0.9934967483741871,1.0,-13,-0.006503251625812889,1.0,Farrell frozen modules
zebrafish,SI:DKEY-11C5.14,adaxial_cells,adaxial cells,9.0,True,54,0.09181877407407407,0.07407407407407407,0.793,0.787,10,1,0.9954977488744372,1.0,-9,-0.004502251125562795,2.0,Farrell frozen modules
zebrafish,SNAI1A,adaxial_cells,adaxial cells,9.0,True,54,1.4183842851851853,0.7962962962962963,0.984,0.984,24,44,0.9884942471235618,0.9784892446223111,20,0.010005002501250693,0.0,Farrell frozen modules
zebrafish,SNAI1A,adaxial_cells,adaxial cells,9.0,True,54,1.4183842851851853,0.7962962962962963,0.984,0.984,17,67,0.9919959979989995,0.966983491745873,50,0.025012506253126565,1.0,Farrell frozen modules
zebrafish,SNAI1A,adaxial_cells,adaxial cells,9.0,True,54,1.4183842851851853,0.7962962962962963,0.984,0.984,25,84,0.9879939969984992,0.9584792396198099,59,0.02951475737868936,2.0,Farrell frozen modules
zebrafish,TBX16,adaxial_cells,adaxial cells,9.0,True,54,3.1338661462962967,0.9814814814814815,0.9975,0.99525,42,55,0.9794897448724362,0.9729864932466233,13,0.006503251625812889,0.0,Farrell frozen modules
zebrafish,TBX16,adaxial_cells,adaxial cells,9.0,True,54,3.1338661462962967,0.9814814814814815,0.9975,0.99525,34,1964,0.9834917458729364,0.01800900450225118,1930,0.9654827413706852,1.0,Farrell frozen modules
zebrafish,TBX16,adaxial_cells,adaxial cells,9.0,True,54,3.1338661462962967,0.9814814814814815,0.9975,0.99525,52,1971,0.9744872436218109,0.014507253626813377,1919,0.9599799899949976,2.0,Farrell frozen modules
zebrafish,TBX6L,adaxial_cells,adaxial cells,9.0,True,54,0.5687233777777778,0.4074074074074074,0.9435,0.94325,52,12,0.9744872436218109,0.9944972486243121,-40,-0.020010005002501163,0.0,Farrell frozen modules
zebrafish,TBX6L,adaxial_cells,adaxial cells,9.0,True,54,0.5687233777777778,0.4074074074074074,0.9435,0.94325,47,36,0.9769884942471235,0.9824912456228114,-11,-0.005502751375687898,1.0,Farrell frozen modules
zebrafish,TBX6L,adaxial_cells,adaxial cells,9.0,True,54,0.5687233777777778,0.4074074074074074,0.9435,0.94325,48,36,0.976488244122061,0.9824912456228114,-12,-0.006003001500750393,2.0,Farrell frozen modules
zebrafish,TNNI2B.1,adaxial_cells,adaxial cells,9.0,True,54,0.14193708962962961,0.12962962962962962,0.833,0.84475,137,588,0.9319659829914957,0.7063531765882942,451,0.22561280640320147,0.0,Farrell frozen modules
zebrafish,TNNI2B.1,adaxial_cells,adaxial cells,9.0,True,54,0.14193708962962961,0.12962962962962962,0.833,0.84475,154,159,0.9234617308654327,0.9209604802401201,5,0.00250125062531259,1.0,Farrell frozen modules
zebrafish,TNNI2B.1,adaxial_cells,adaxial cells,9.0,True,54,0.14193708962962961,0.12962962962962962,0.833,0.84475,155,166,0.9229614807403702,0.9174587293646823,11,0.005502751375687898,2.0,Farrell frozen modules
zebrafish,TOB1A,adaxial_cells,adaxial cells,9.0,True,54,1.561942685185185,0.7962962962962963,0.987,0.984,3,41,0.9989994997498749,0.9799899949974987,38,0.019009504752376172,0.0,Farrell frozen modules
zebrafish,TOB1A,adaxial_cells,adaxial cells,9.0,True,54,1.561942685185185,0.7962962962962963,0.987,0.984,3,16,0.9989994997498749,0.992496248124062,13,0.006503251625812889,1.0,Farrell frozen modules
zebrafish,TOB1A,adaxial_cells,adaxial cells,9.0,True,54,1.561942685185185,0.7962962962962963,0.987,0.984,4,28,0.9984992496248124,0.9864932466233116,24,0.012006003001500787,2.0,Farrell frozen modules
zebrafish,TPMA,adaxial_cells,adaxial cells,9.0,True,54,0.013045987592592592,0.018518518518518517,0.5645,0.6185,520,1958,0.7403701850925463,0.021010505252626266,1438,0.71935967983992,0.0,Farrell frozen modules
zebrafish,TPMA,adaxial_cells,adaxial cells,9.0,True,54,0.013045987592592592,0.018518518518518517,0.5645,0.6185,698,1729,0.6513256628314157,0.13556778389194601,1031,0.5157578789394697,1.0,Farrell frozen modules
zebrafish,TPMA,adaxial_cells,adaxial cells,9.0,True,54,0.013045987592592592,0.018518518518518517,0.5645,0.6185,571,1775,0.7148574287143572,0.11255627813906954,1204,0.6023011505752877,2.0,Farrell frozen modules
zebrafish,TRIM109,adaxial_cells,adaxial cells,9.0,True,54,0.23211135444444445,0.18518518518518517,0.88,0.88025,123,592,0.9389694847423712,0.704352176088044,469,0.23461730865432717,0.0,Farrell frozen modules
zebrafish,TRIM109,adaxial_cells,adaxial cells,9.0,True,54,0.23211135444444445,0.18518518518518517,0.88,0.88025,136,120,0.9324662331165583,0.9404702351175588,-16,-0.008004002001000488,1.0,Farrell frozen modules
zebrafish,TRIM109,adaxial_cells,adaxial cells,9.0,True,54,0.23211135444444445,0.18518518518518517,0.88,0.88025,147,121,0.9269634817408704,0.9399699849924963,-26,-0.01300650325162589,2.0,Farrell frozen modules
zebrafish,TTNA,adaxial_cells,adaxial cells,9.0,True,54,0.5449858842592592,0.35185185185185186,0.941,0.9325,175,1695,0.9129564782391195,0.15257628814407198,1520,0.7603801900950475,0.0,Farrell frozen modules
zebrafish,TTNA,adaxial_cells,adaxial cells,9.0,True,54,0.5449858842592592,0.35185185185185186,0.941,0.9325,216,204,0.8924462231115557,0.8984492246123061,-12,-0.006003001500750393,1.0,Farrell frozen modules
zebrafish,TTNA,adaxial_cells,adaxial cells,9.0,True,54,0.5449858842592592,0.35185185185185186,0.941,0.9325,181,205,0.9099549774887443,0.8979489744872436,24,0.012006003001500676,2.0,Farrell frozen modules
zebrafish,TTNB,adaxial_cells,adaxial cells,9.0,True,54,1.0587742537037037,0.5925925925925926,0.971,0.967,64,553,0.9684842421210605,0.7238619309654828,489,0.24462231115557775,0.0,Farrell frozen modules
zebrafish,TTNB,adaxial_cells,adaxial cells,9.0,True,54,1.0587742537037037,0.5925925925925926,0.971,0.967,73,102,0.9639819909954978,0.9494747373686844,29,0.014507253626813377,1.0,Farrell frozen modules
zebrafish,TTNB,adaxial_cells,adaxial cells,9.0,True,54,1.0587742537037037,0.5925925925925926,0.971,0.967,77,101,0.9619809904952477,0.9499749874937469,24,0.012006003001500787,2.0,Farrell frozen modules
zebrafish,TXLNBA,adaxial_cells,adaxial cells,9.0,True,54,0.014213291666666667,0.018518518518518517,0.568,0.6185,224,342,0.8884442221110556,0.8294147073536768,118,0.05902951475737872,0.0,Farrell frozen modules
zebrafish,TXLNBA,adaxial_cells,adaxial cells,9.0,True,54,0.014213291666666667,0.018518518518518517,0.568,0.6185,258,201,0.8714357178589295,0.8999499749874937,-57,-0.028514257128564258,1.0,Farrell frozen modules
zebrafish,TXLNBA,adaxial_cells,adaxial cells,9.0,True,54,0.014213291666666667,0.018518518518518517,0.568,0.6185,248,207,0.8764382191095548,0.8969484742371185,-41,-0.02051025512756377,2.0,Farrell frozen modules
zebrafish,UNC45B,adaxial_cells,adaxial cells,9.0,True,54,1.3062971166666668,0.7037037037037037,0.9805,0.97525,18,1752,0.991495747873937,0.12406203101550772,1734,0.8674337168584293,0.0,Farrell frozen modules
zebrafish,UNC45B,adaxial_cells,adaxial cells,9.0,True,54,1.3062971166666668,0.7037037037037037,0.9805,0.97525,24,53,0.9884942471235618,0.9739869934967483,29,0.014507253626813488,1.0,Farrell frozen modules
zebrafish,UNC45B,adaxial_cells,adaxial cells,9.0,True,54,1.3062971166666668,0.7037037037037037,0.9805,0.97525,22,34,0.9894947473736868,0.9834917458729364,12,0.006003001500750393,2.0,Farrell frozen modules
zebrafish,VOX,adaxial_cells,adaxial cells,9.0,True,54,0.8909755314814816,0.5555555555555556,0.963,0.96225,30,4,0.9854927463731866,0.9984992496248124,-26,-0.013006503251625778,0.0,Farrell frozen modules
zebrafish,VOX,adaxial_cells,adaxial cells,9.0,True,54,0.8909755314814816,0.5555555555555556,0.963,0.96225,16,13,0.992496248124062,0.9939969984992496,-3,-0.0015007503751875984,1.0,Farrell frozen modules
zebrafish,VOX,adaxial_cells,adaxial cells,9.0,True,54,0.8909755314814816,0.5555555555555556,0.963,0.96225,17,16,0.9919959979989995,0.992496248124062,-1,-0.0005002501250624958,2.0,Farrell frozen modules
zebrafish,ZFAND5A,adaxial_cells,adaxial cells,9.0,True,54,1.5750577925925926,0.8518518518518519,0.9875,0.98925,19,1038,0.9909954977488744,0.48124062031015513,1019,0.5097548774387193,0.0,Farrell frozen modules
zebrafish,ZFAND5A,adaxial_cells,adaxial cells,9.0,True,54,1.5750577925925926,0.8518518518518519,0.9875,0.98925,22,148,0.9894947473736868,0.9264632316158079,126,0.06303151575787891,1.0,Farrell frozen modules
zebrafish,ZFAND5A,adaxial_cells,adaxial cells,9.0,True,54,1.5750577925925926,0.8518518518518519,0.9875,0.98925,24,91,0.9884942471235618,0.9549774887443722,67,0.03351675837918966,2.0,Farrell frozen modules
zebrafish,ASPH,notochord,notochord,7.0,True,114,0.9134217261403509,0.7982456140350878,0.9605,0.96175,17,12,0.9919959979989995,0.9944972486243121,-5,-0.00250125062531259,0.0,Farrell frozen modules
zebrafish,ASPH,notochord,notochord,7.0,True,114,0.9134217261403509,0.7982456140350878,0.9605,0.96175,15,11,0.9929964982491246,0.9949974987493747,-4,-0.002001000500250094,1.0,Farrell frozen modules
zebrafish,ASPH,notochord,notochord,7.0,True,114,0.9134217261403509,0.7982456140350878,0.9605,0.96175,17,11,0.9919959979989995,0.9949974987493747,-6,-0.0030015007503751967,2.0,Farrell frozen modules
zebrafish,CALR3B,notochord,notochord,7.0,True,114,0.571399098245614,0.5701754385964912,0.929,0.92475,64,346,0.9684842421210605,0.8274137068534267,282,0.1410705352676338,0.0,Farrell frozen modules
zebrafish,CALR3B,notochord,notochord,7.0,True,114,0.571399098245614,0.5701754385964912,0.929,0.92475,43,81,0.9789894947473737,0.9599799899949975,38,0.019009504752376283,1.0,Farrell frozen modules
zebrafish,CALR3B,notochord,notochord,7.0,True,114,0.571399098245614,0.5701754385964912,0.929,0.92475,38,52,0.9814907453726863,0.9744872436218109,14,0.007003501750875385,2.0,Farrell frozen modules
zebrafish,EMILIN3A,notochord,notochord,7.0,True,114,0.017364341228070176,0.03508771929824561,0.609,0.6175,177,185,0.9119559779889945,0.9079539769884942,8,0.004002001000500299,0.0,Farrell frozen modules
zebrafish,EMILIN3A,notochord,notochord,7.0,True,114,0.017364341228070176,0.03508771929824561,0.609,0.6175,218,117,0.8914457228614308,0.9419709854927464,-101,-0.050525262631315626,1.0,Farrell frozen modules
zebrafish,EMILIN3A,notochord,notochord,7.0,True,114,0.017364341228070176,0.03508771929824561,0.609,0.6175,144,108,0.928464232116058,0.9464732366183092,-36,-0.01800900450225118,2.0,Farrell frozen modules
zebrafish,FKBP11,notochord,notochord,7.0,True,114,0.15363550342105264,0.21929824561403508,0.8145,0.80625,93,57,0.9539769884942472,0.9719859929964982,-36,-0.01800900450225107,0.0,Farrell frozen modules
zebrafish,FKBP11,notochord,notochord,7.0,True,114,0.15363550342105264,0.21929824561403508,0.8145,0.80625,60,44,0.9704852426213106,0.9784892446223111,-16,-0.008004002001000488,1.0,Farrell frozen modules
zebrafish,FKBP11,notochord,notochord,7.0,True,114,0.15363550342105264,0.21929824561403508,0.8145,0.80625,62,46,0.9694847423711856,0.9774887443721861,-16,-0.008004002001000488,2.0,Farrell frozen modules
zebrafish,FOXA,notochord,notochord,7.0,True,114,1.1644578737719298,0.7807017543859649,0.9735,0.95925,23,66,0.9889944972486243,0.9674837418709354,43,0.021510755377688873,0.0,Farrell frozen modules
zebrafish,FOXA,notochord,notochord,7.0,True,114,1.1644578737719298,0.7807017543859649,0.9735,0.95925,26,107,0.9874937468734367,0.9469734867433717,81,0.040520260130065044,1.0,Farrell frozen modules
zebrafish,FOXA,notochord,notochord,7.0,True,114,1.1644578737719298,0.7807017543859649,0.9735,0.95925,39,58,0.9809904952476238,0.9714857428714357,19,0.009504752376188086,2.0,Farrell frozen modules
zebrafish,LRRC59,notochord,notochord,7.0,True,114,0.9163418078070175,0.8157894736842105,0.961,0.96475,48,1516,0.976488244122061,0.24212106053026516,1468,0.7343671835917959,0.0,Farrell frozen modules
zebrafish,LRRC59,notochord,notochord,7.0,True,114,0.9163418078070175,0.8157894736842105,0.961,0.96475,21,1261,0.9899949974987494,0.3696848424212106,1240,0.6203101550775388,1.0,Farrell frozen modules
zebrafish,LRRC59,notochord,notochord,7.0,True,114,0.9163418078070175,0.8157894736842105,0.961,0.96475,37,218,0.9819909954977488,0.8914457228614308,181,0.09054527263631806,2.0,Farrell frozen modules
zebrafish,NTD5,notochord,notochord,7.0,True,114,0.6577186368421053,0.543859649122807,0.939,0.92125,7,16,0.9969984992496248,0.992496248124062,9,0.004502251125562795,0.0,Farrell frozen modules
zebrafish,NTD5,notochord,notochord,7.0,True,114,0.6577186368421053,0.543859649122807,0.939,0.92125,6,13,0.9974987493746873,0.9939969984992496,7,0.0035017508754376925,1.0,Farrell frozen modules
zebrafish,NTD5,notochord,notochord,7.0,True,114,0.6577186368421053,0.543859649122807,0.939,0.92125,6,10,0.9974987493746873,0.9954977488744372,4,0.002001000500250094,2.0,Farrell frozen modules
zebrafish,P4HA1B,notochord,notochord,7.0,True,114,0.2076128103508772,0.24561403508771928,0.846,0.82,40,50,0.9804902451225613,0.9754877438719359,10,0.005002501250625402,0.0,Farrell frozen modules
zebrafish,P4HA1B,notochord,notochord,7.0,True,114,0.2076128103508772,0.24561403508771928,0.846,0.82,31,28,0.984992496248124,0.9864932466233116,-3,-0.0015007503751875984,1.0,Farrell frozen modules
zebrafish,P4HA1B,notochord,notochord,7.0,True,114,0.2076128103508772,0.24561403508771928,0.846,0.82,30,25,0.9854927463731866,0.9879939969984992,-5,-0.00250125062531259,2.0,Farrell frozen modules
zebrafish,PAK1,notochord,notochord,7.0,True,114,0.1555169012280702,0.2543859649122807,0.815,0.82575,202,141,0.8994497248624312,0.9299649824912456,-61,-0.030515257628814352,0.0,Farrell frozen modules
zebrafish,PAK1,notochord,notochord,7.0,True,114,0.1555169012280702,0.2543859649122807,0.815,0.82575,143,79,0.9289644822411206,0.9609804902451226,-64,-0.03201600800400195,1.0,Farrell frozen modules
zebrafish,PAK1,notochord,notochord,7.0,True,114,0.1555169012280702,0.2543859649122807,0.815,0.82575,102,61,0.9494747373686844,0.9699849924962481,-41,-0.02051025512756377,2.0,Farrell frozen modules
zebrafish,PLOD1A,notochord,notochord,7.0,True,114,0.3355988754385965,0.35964912280701755,0.8905,0.87,22,35,0.9894947473736868,0.9829914957478739,13,0.006503251625812889,0.0,Farrell frozen modules
zebrafish,PLOD1A,notochord,notochord,7.0,True,114,0.3355988754385965,0.35964912280701755,0.8905,0.87,19,24,0.9909954977488744,0.9884942471235618,5,0.00250125062531259,1.0,Farrell frozen modules
zebrafish,PLOD1A,notochord,notochord,7.0,True,114,0.3355988754385965,0.35964912280701755,0.8905,0.87,18,20,0.991495747873937,0.9904952476238119,2,0.0010005002501251026,2.0,Farrell frozen modules
zebrafish,PLP2,notochord,notochord,7.0,True,114,0.1051981048245614,0.15789473684210525,0.779,0.7735,63,34,0.968984492246123,0.9834917458729364,-29,-0.014507253626813377,0.0,Farrell frozen modules
zebrafish,PLP2,notochord,notochord,7.0,True,114,0.1051981048245614,0.15789473684210525,0.779,0.7735,49,35,0.9759879939969985,0.9829914957478739,-14,-0.007003501750875385,1.0,Farrell frozen modules
zebrafish,PLP2,notochord,notochord,7.0,True,114,0.1051981048245614,0.15789473684210525,0.779,0.7735,55,41,0.9729864932466233,0.9799899949974987,-14,-0.007003501750875385,2.0,Farrell frozen modules
zebrafish,PMP22B,notochord,notochord,7.0,True,114,0.007833788245614036,0.008771929824561403,0.51975,0.4625,102,74,0.9494747373686844,0.9634817408704353,-28,-0.014007003501750881,0.0,Farrell frozen modules
zebrafish,PMP22B,notochord,notochord,7.0,True,114,0.007833788245614036,0.008771929824561403,0.51975,0.4625,71,37,0.9649824912456229,0.9819909954977488,-34,-0.017008504252125967,1.0,Farrell frozen modules
zebrafish,PMP22B,notochord,notochord,7.0,True,114,0.007833788245614036,0.008771929824561403,0.51975,0.4625,57,33,0.9719859929964982,0.983991995997999,-24,-0.012006003001500787,2.0,Farrell frozen modules
zebrafish,PPP1R14C,notochord,notochord,7.0,True,114,0.4261297552631579,0.4649122807017544,0.9105,0.90175,20,19,0.9904952476238119,0.9909954977488744,-1,-0.0005002501250624958,0.0,Farrell frozen modules
zebrafish,PPP1R14C,notochord,notochord,7.0,True,114,0.4261297552631579,0.4649122807017544,0.9105,0.90175,16,16,0.992496248124062,0.992496248124062,0,0.0,1.0,Farrell frozen modules
zebrafish,PPP1R14C,notochord,notochord,7.0,True,114,0.4261297552631579,0.4649122807017544,0.9105,0.90175,15,15,0.9929964982491246,0.9929964982491246,0,0.0,2.0,Farrell frozen modules
zebrafish,RCN3,notochord,notochord,7.0,True,114,0.05486487078947368,0.11403508771929824,0.719,0.7435,105,45,0.9479739869934968,0.9779889944972486,-60,-0.030015007503751856,0.0,Farrell frozen modules
zebrafish,RCN3,notochord,notochord,7.0,True,114,0.05486487078947368,0.11403508771929824,0.719,0.7435,73,40,0.9639819909954978,0.9804902451225613,-33,-0.016508254127063582,1.0,Farrell frozen modules
zebrafish,RCN3,notochord,notochord,7.0,True,114,0.05486487078947368,0.11403508771929824,0.719,0.7435,76,51,0.9624812406203102,0.9749874937468734,-25,-0.012506253126563283,2.0,Farrell frozen modules
zebrafish,RRBP1B,notochord,notochord,7.0,True,114,0.392797162368421,0.4298245614035088,0.9045,0.889,61,41,0.9699849924962481,0.9799899949974987,-20,-0.010005002501250582,0.0,Farrell frozen modules
zebrafish,RRBP1B,notochord,notochord,7.0,True,114,0.392797162368421,0.4298245614035088,0.9045,0.889,47,34,0.9769884942471235,0.9834917458729364,-13,-0.006503251625812889,1.0,Farrell frozen modules
zebrafish,RRBP1B,notochord,notochord,7.0,True,114,0.392797162368421,0.4298245614035088,0.9045,0.889,34,29,0.9834917458729364,0.9859929964982491,-5,-0.002501250625312701,2.0,Farrell frozen modules
zebrafish,SERPINH1B,notochord,notochord,7.0,True,114,1.0044087511403508,0.7017543859649122,0.969,0.947,1,5,1.0,0.9979989994997499,4,0.002001000500250094,0.0,Farrell frozen modules
zebrafish,SERPINH1B,notochord,notochord,7.0,True,114,1.0044087511403508,0.7017543859649122,0.969,0.947,1,4,1.0,0.9984992496248124,3,0.0015007503751875984,1.0,Farrell frozen modules
zebrafish,SERPINH1B,notochord,notochord,7.0,True,114,1.0044087511403508,0.7017543859649122,0.969,0.947,2,4,0.9994997498749375,0.9984992496248124,2,0.0010005002501251026,2.0,Farrell frozen modules
zebrafish,SI:DKEY-261H17.1,notochord,notochord,7.0,True,114,0.15118266377192982,0.24561403508771928,0.8135,0.82,41,31,0.9799899949974987,0.984992496248124,-10,-0.005002501250625291,0.0,Farrell frozen modules
zebrafish,SI:DKEY-261H17.1,notochord,notochord,7.0,True,114,0.15118266377192982,0.24561403508771928,0.8135,0.82,51,26,0.9749874937468734,0.9874937468734367,-25,-0.012506253126563283,1.0,Farrell frozen modules
zebrafish,SI:DKEY-261H17.1,notochord,notochord,7.0,True,114,0.15118266377192982,0.24561403508771928,0.8135,0.82,43,30,0.9789894947473737,0.9854927463731866,-13,-0.006503251625812889,2.0,Farrell frozen modules
zebrafish,TA,notochord,notochord,7.0,True,114,1.9584964775438594,0.9649122807017544,0.9905,0.986,4,117,0.9984992496248124,0.9419709854927464,113,0.05652826413206602,0.0,Farrell frozen modules
zebrafish,TA,notochord,notochord,7.0,True,114,1.9584964775438594,0.9649122807017544,0.9905,0.986,10,87,0.9954977488744372,0.9569784892446223,77,0.03851925962981495,1.0,Farrell frozen modules
zebrafish,TA,notochord,notochord,7.0,True,114,1.9584964775438594,0.9649122807017544,0.9905,0.986,12,27,0.9944972486243121,0.9869934967483742,15,0.007503751875937881,2.0,Farrell frozen modules
zebrafish,TWIST2,notochord,notochord,7.0,True,114,0.8554706190350876,0.5087719298245614,0.956,0.9135,9,21,0.9959979989994997,0.9899949974987494,12,0.006003001500750282,0.0,Farrell frozen modules
zebrafish,TWIST2,notochord,notochord,7.0,True,114,0.8554706190350876,0.5087719298245614,0.956,0.9135,5,15,0.9979989994997499,0.9929964982491246,10,0.005002501250625291,1.0,Farrell frozen modules
zebrafish,TWIST2,notochord,notochord,7.0,True,114,0.8554706190350876,0.5087719298245614,0.956,0.9135,5,5,0.9979989994997499,0.9979989994997499,0,0.0,2.0,Farrell frozen modules
zebrafish,XBP1,notochord,notochord,7.0,True,114,2.8853408878947366,0.9824561403508771,0.995,0.989,5,147,0.9979989994997499,0.9269634817408704,142,0.07103551775887951,0.0,Farrell frozen modules
zebrafish,XBP1,notochord,notochord,7.0,True,114,2.8853408878947366,0.9824561403508771,0.995,0.989,11,136,0.9949974987493747,0.9324662331165583,125,0.06253126563281641,1.0,Farrell frozen modules
zebrafish,XBP1,notochord,notochord,7.0,True,114,2.8853408878947366,0.9824561403508771,0.995,0.989,13,37,0.9939969984992496,0.9819909954977488,24,0.012006003001500787,2.0,Farrell frozen modules
zebrafish,ZGC:153675,notochord,notochord,7.0,True,114,0.19358489403508772,0.3157894736842105,0.8375,0.8515,1470,1221,0.2651325662831415,0.38969484742371185,-249,-0.12456228114057033,0.0,Farrell frozen modules
zebrafish,ZGC:153675,notochord,notochord,7.0,True,114,0.19358489403508772,0.3157894736842105,0.8375,0.8515,114,321,0.943471735867934,0.83991995997999,207,0.10355177588794395,1.0,Farrell frozen modules
zebrafish,ZGC:153675,notochord,notochord,7.0,True,114,0.19358489403508772,0.3157894736842105,0.8375,0.8515,198,181,0.9014507253626813,0.9099549774887443,-17,-0.008504252126062983,2.0,Farrell frozen modules
zebrafish,ASPH,notochord,notochord,9.0,True,131,1.8926853356488549,0.9312977099236641,0.988,0.98875,2,38,0.9994997498749375,0.9814907453726863,36,0.01800900450225118,0.0,Farrell frozen modules
zebrafish,ASPH,notochord,notochord,9.0,True,131,1.8926853356488549,0.9312977099236641,0.988,0.98875,2,2,0.9994997498749375,0.9994997498749375,0,0.0,1.0,Farrell frozen modules
zebrafish,ASPH,notochord,notochord,9.0,True,131,1.8926853356488549,0.9312977099236641,0.988,0.98875,2,2,0.9994997498749375,0.9994997498749375,0,0.0,2.0,Farrell frozen modules
zebrafish,CALR3B,notochord,notochord,9.0,True,131,1.354226981984733,0.7862595419847328,0.9775,0.971,22,1977,0.9894947473736868,0.01150575287643818,1955,0.9779889944972486,0.0,Farrell frozen modules
zebrafish,CALR3B,notochord,notochord,9.0,True,131,1.354226981984733,0.7862595419847328,0.9775,0.971,25,1817,0.9879939969984992,0.09154577288644317,1792,0.896448224112056,1.0,Farrell frozen modules
zebrafish,CALR3B,notochord,notochord,9.0,True,131,1.354226981984733,0.7862595419847328,0.9775,0.971,29,1645,0.9859929964982491,0.17758879439719855,1616,0.8084042021010506,2.0,Farrell frozen modules
zebrafish,EMILIN3A,notochord,notochord,9.0,True,131,0.3211745138931298,0.2595419847328244,0.9,0.881,60,1994,0.9704852426213106,0.0030015007503751967,1934,0.9674837418709354,0.0,Farrell frozen modules
zebrafish,EMILIN3A,notochord,notochord,9.0,True,131,0.3211745138931298,0.2595419847328244,0.9,0.881,65,1970,0.967983991995998,0.015007503751875984,1905,0.9529764882441221,1.0,Farrell frozen modules
zebrafish,EMILIN3A,notochord,notochord,9.0,True,131,0.3211745138931298,0.2595419847328244,0.9,0.881,63,1924,0.968984492246123,0.038019009504752344,1861,0.9309654827413707,2.0,Farrell frozen modules
zebrafish,FKBP11,notochord,notochord,9.0,True,131,0.8604584143511451,0.7022900763358778,0.959,0.9635,27,1972,0.9869934967483742,0.014007003501750881,1945,0.9729864932466233,0.0,Farrell frozen modules
zebrafish,FKBP11,notochord,notochord,9.0,True,131,0.8604584143511451,0.7022900763358778,0.959,0.9635,28,1743,0.9864932466233116,0.12856428214107052,1715,0.8579289644822411,1.0,Farrell frozen modules
zebrafish,FKBP11,notochord,notochord,9.0,True,131,0.8604584143511451,0.7022900763358778,0.959,0.9635,26,210,0.9874937468734367,0.8954477238619309,184,0.09204602301150577,2.0,Farrell frozen modules
zebrafish,FOXA,notochord,notochord,9.0,True,131,1.4631099877862594,0.8244274809160306,0.9815,0.97575,29,1980,0.9859929964982491,0.010005002501250582,1951,0.9759879939969985,0.0,Farrell frozen modules
zebrafish,FOXA,notochord,notochord,9.0,True,131,1.4631099877862594,0.8244274809160306,0.9815,0.97575,30,1956,0.9854927463731866,0.02201100550275137,1926,0.9634817408704353,1.0,Farrell frozen modules
zebrafish,FOXA,notochord,notochord,9.0,True,131,1.4631099877862594,0.8244274809160306,0.9815,0.97575,31,1788,0.984992496248124,0.10605302651325665,1757,0.8789394697348674,2.0,Farrell frozen modules
zebrafish,LRRC59,notochord,notochord,9.0,True,131,1.6685664435114504,0.9236641221374046,0.9855,0.98775,14,1132,0.9934967483741871,0.4342171085542771,1118,0.55927963981991,0.0,Farrell frozen modules
zebrafish,LRRC59,notochord,notochord,9.0,True,131,1.6685664435114504,0.9236641221374046,0.9855,0.98775,13,47,0.9939969984992496,0.9769884942471235,34,0.017008504252126078,1.0,Farrell frozen modules
zebrafish,LRRC59,notochord,notochord,9.0,True,131,1.6685664435114504,0.9236641221374046,0.9855,0.98775,14,43,0.9934967483741871,0.9789894947473737,29,0.014507253626813377,2.0,Farrell frozen modules
zebrafish,NTD5,notochord,notochord,9.0,True,131,1.7985309316030533,0.8625954198473282,0.987,0.982,9,1979,0.9959979989994997,0.010505252626313188,1970,0.9854927463731865,0.0,Farrell frozen modules
zebrafish,NTD5,notochord,notochord,9.0,True,131,1.7985309316030533,0.8625954198473282,0.987,0.982,12,1774,0.9944972486243121,0.11305652826413204,1762,0.8814407203601801,1.0,Farrell frozen modules
zebrafish,NTD5,notochord,notochord,9.0,True,131,1.7985309316030533,0.8625954198473282,0.987,0.982,12,288,0.9944972486243121,0.8564282141070535,276,0.1380690345172586,2.0,Farrell frozen modules
zebrafish,P4HA1B,notochord,notochord,9.0,True,131,1.4523732752671756,0.8091603053435115,0.981,0.97275,20,1996,0.9904952476238119,0.002001000500250094,1976,0.9884942471235618,0.0,Farrell frozen modules
zebrafish,P4HA1B,notochord,notochord,9.0,True,131,1.4523732752671756,0.8091603053435115,0.981,0.97275,22,1990,0.9894947473736868,0.005002501250625291,1968,0.9844922461230615,1.0,Farrell frozen modules
zebrafish,P4HA1B,notochord,notochord,9.0,True,131,1.4523732752671756,0.8091603053435115,0.981,0.97275,20,1944,0.9904952476238119,0.028014007003501762,1924,0.9624812406203102,2.0,Farrell frozen modules
zebrafish,PAK1,notochord,notochord,9.0,True,131,0.6332144514503817,0.5038167938931297,0.9455,0.9415,36,1995,0.9824912456228114,0.002501250625312701,1959,0.9799899949974987,0.0,Farrell frozen modules
zebrafish,PAK1,notochord,notochord,9.0,True,131,0.6332144514503817,0.5038167938931297,0.9455,0.9415,34,1987,0.9834917458729364,0.006503251625812889,1953,0.9769884942471235,1.0,Farrell frozen modules
zebrafish,PAK1,notochord,notochord,9.0,True,131,0.6332144514503817,0.5038167938931297,0.9455,0.9415,34,1957,0.9834917458729364,0.021510755377688873,1923,0.9619809904952475,2.0,Farrell frozen modules
zebrafish,PLOD1A,notochord,notochord,9.0,True,131,1.4828219416030535,0.8473282442748091,0.982,0.98,19,1993,0.9909954977488744,0.0035017508754376925,1974,0.9874937468734367,0.0,Farrell frozen modules
zebrafish,PLOD1A,notochord,notochord,9.0,True,131,1.4828219416030535,0.8473282442748091,0.982,0.98,21,1989,0.9899949974987494,0.005502751375687898,1968,0.9844922461230615,1.0,Farrell frozen modules
zebrafish,PLOD1A,notochord,notochord,9.0,True,131,1.4828219416030535,0.8473282442748091,0.982,0.98,22,1947,0.9894947473736868,0.026513256628314164,1925,0.9629814907453726,2.0,Farrell frozen modules
zebrafish,PLP2,notochord,notochord,9.0,True,131,0.7894890951145038,0.6106870229007634,0.956,0.9545,38,1675,0.9814907453726863,0.16258129064532267,1637,0.8189094547273637,0.0,Farrell frozen modules
zebrafish,PLP2,notochord,notochord,9.0,True,131,0.7894890951145038,0.6106870229007634,0.956,0.9545,42,91,0.9794897448724362,0.9549774887443722,49,0.02451225612806407,1.0,Farrell frozen modules
zebrafish,PLP2,notochord,notochord,9.0,True,131,0.7894890951145038,0.6106870229007634,0.956,0.9545,37,54,0.9819909954977488,0.9734867433716858,17,0.008504252126062983,2.0,Farrell frozen modules
zebrafish,PMP22B,notochord,notochord,9.0,True,131,0.83901204740458,0.4961832061068702,0.958,0.9405,4,1997,0.9984992496248124,0.0015007503751875984,1993,0.9969984992496248,0.0,Farrell frozen modules
zebrafish,PMP22B,notochord,notochord,9.0,True,131,0.83901204740458,0.4961832061068702,0.958,0.9405,8,1982,0.9964982491245623,0.00900450225112559,1974,0.9874937468734367,1.0,Farrell frozen modules
zebrafish,PMP22B,notochord,notochord,9.0,True,131,0.83901204740458,0.4961832061068702,0.958,0.9405,5,1917,0.9979989994997499,0.04152076038019015,1912,0.9564782391195598,2.0,Farrell frozen modules
zebrafish,PPP1R14C,notochord,notochord,9.0,True,131,1.496338975419847,0.8473282442748091,0.9825,0.98,6,1648,0.9974987493746873,0.17608804402201106,1642,0.8214107053526762,0.0,Farrell frozen modules
zebrafish,PPP1R14C,notochord,notochord,9.0,True,131,1.496338975419847,0.8473282442748091,0.9825,0.98,9,70,0.9959979989994997,0.9654827413706853,61,0.030515257628814352,1.0,Farrell frozen modules
zebrafish,PPP1R14C,notochord,notochord,9.0,True,131,1.496338975419847,0.8473282442748091,0.9825,0.98,6,28,0.9974987493746873,0.9864932466233116,22,0.011005502751375684,2.0,Farrell frozen modules
zebrafish,RCN3,notochord,notochord,9.0,True,131,0.853147680687023,0.5801526717557252,0.9585,0.9525,8,1963,0.9964982491245623,0.018509254627313676,1955,0.9779889944972486,0.0,Farrell frozen modules
zebrafish,RCN3,notochord,notochord,9.0,True,131,0.853147680687023,0.5801526717557252,0.9585,0.9525,11,57,0.9949974987493747,0.9719859929964982,46,0.02301150575287647,1.0,Farrell frozen modules
zebrafish,RCN3,notochord,notochord,9.0,True,131,0.853147680687023,0.5801526717557252,0.9585,0.9525,7,33,0.9969984992496248,0.983991995997999,26,0.013006503251625778,2.0,Farrell frozen modules
zebrafish,RRBP1B,notochord,notochord,9.0,True,131,1.2976563253435112,0.7786259541984732,0.9735,0.96975,18,1947,0.991495747873937,0.026513256628314164,1929,0.9649824912456229,0.0,Farrell frozen modules
zebrafish,RRBP1B,notochord,notochord,9.0,True,131,1.2976563253435112,0.7786259541984732,0.9735,0.96975,20,461,0.9904952476238119,0.7698849424712356,441,0.2206103051525763,1.0,Farrell frozen modules
zebrafish,RRBP1B,notochord,notochord,9.0,True,131,1.2976563253435112,0.7786259541984732,0.9735,0.96975,17,97,0.9919959979989995,0.951975987993997,80,0.04002001000500255,2.0,Farrell frozen modules
zebrafish,SERPINH1B,notochord,notochord,9.0,True,131,2.332558907099237,0.9389312977099237,0.9935,0.99,1,480,1.0,0.7603801900950475,479,0.23961980990495246,0.0,Farrell frozen modules
zebrafish,SERPINH1B,notochord,notochord,9.0,True,131,2.332558907099237,0.9389312977099237,0.9935,0.99,1,19,1.0,0.9909954977488744,18,0.00900450225112559,1.0,Farrell frozen modules
zebrafish,SERPINH1B,notochord,notochord,9.0,True,131,2.332558907099237,0.9389312977099237,0.9935,0.99,1,4,1.0,0.9984992496248124,3,0.0015007503751875984,2.0,Farrell frozen modules
zebrafish,SI:DKEY-261H17.1,notochord,notochord,9.0,True,131,1.186565879923664,0.7786259541984732,0.9705,0.96975,13,1982,0.9939969984992496,0.00900450225112559,1969,0.984992496248124,0.0,Farrell frozen modules
zebrafish,SI:DKEY-261H17.1,notochord,notochord,9.0,True,131,1.186565879923664,0.7786259541984732,0.9705,0.96975,14,107,0.9934967483741871,0.9469734867433717,93,0.04652326163081544,1.0,Farrell frozen modules
zebrafish,SI:DKEY-261H17.1,notochord,notochord,9.0,True,131,1.186565879923664,0.7786259541984732,0.9705,0.96975,11,36,0.9949974987493747,0.9824912456228114,25,0.012506253126563283,2.0,Farrell frozen modules
zebrafish,TA,notochord,notochord,9.0,True,131,2.421841771984733,0.9465648854961832,0.994,0.991,11,1990,0.9949974987493747,0.005002501250625291,1979,0.9899949974987494,0.0,Farrell frozen modules
zebrafish,TA,notochord,notochord,9.0,True,131,2.421841771984733,0.9465648854961832,0.994,0.991,5,1995,0.9979989994997499,0.002501250625312701,1990,0.9954977488744372,1.0,Farrell frozen modules
zebrafish,TA,notochord,notochord,9.0,True,131,2.421841771984733,0.9465648854961832,0.994,0.991,13,1993,0.9939969984992496,0.0035017508754376925,1980,0.9904952476238119,2.0,Farrell frozen modules
zebrafish,TWIST2,notochord,notochord,9.0,True,131,2.0679649289312976,0.8244274809160306,0.9905,0.97575,15,1999,0.9929964982491246,0.0005002501250624958,1984,0.9924962481240621,0.0,Farrell frozen modules
zebrafish,TWIST2,notochord,notochord,9.0,True,131,2.0679649289312976,0.8244274809160306,0.9905,0.97575,23,1998,0.9889944972486243,0.0010005002501251026,1975,0.9879939969984992,1.0,Farrell frozen modules
zebrafish,TWIST2,notochord,notochord,9.0,True,131,2.0679649289312976,0.8244274809160306,0.9905,0.97575,21,1998,0.9899949974987494,0.0010005002501251026,1977,0.9889944972486243,2.0,Farrell frozen modules
zebrafish,XBP1,notochord,notochord,9.0,True,131,2.8397290567938933,0.9847328244274809,0.9965,0.9945,10,1973,0.9954977488744372,0.013506753376688385,1963,0.9819909954977488,0.0,Farrell frozen modules
zebrafish,XBP1,notochord,notochord,9.0,True,131,2.8397290567938933,0.9847328244274809,0.9965,0.9945,4,1986,0.9984992496248124,0.007003501750875385,1982,0.991495747873937,1.0,Farrell frozen modules
zebrafish,XBP1,notochord,notochord,9.0,True,131,2.8397290567938933,0.9847328244274809,0.9965,0.9945,10,1963,0.9954977488744372,0.018509254627313676,1953,0.9769884942471235,2.0,Farrell frozen modules
zebrafish,ZGC:153675,notochord,notochord,9.0,True,131,0.683368267557252,0.5648854961832062,0.9495,0.951,35,1859,0.9829914957478739,0.0705352676338169,1824,0.912456228114057,0.0,Farrell frozen modules
zebrafish,ZGC:153675,notochord,notochord,9.0,True,131,0.683368267557252,0.5648854961832062,0.9495,0.951,40,112,0.9804902451225613,0.9444722361180591,72,0.03601800900450225,1.0,Farrell frozen modules
zebrafish,ZGC:153675,notochord,notochord,9.0,True,131,0.683368267557252,0.5648854961832062,0.9495,0.951,36,88,0.9824912456228114,0.9564782391195598,52,0.026013006503251668,2.0,Farrell frozen modules
zebrafish,AKAP12B,pancreatic_intestinal_endoderm,pancreatic intestinal endoderm,9.0,True,65,2.225732111384615,0.9230769230769231,0.993,0.993,1979,1991,0.010505252626313188,0.004502251125562795,12,0.006003001500750393,0.0,Farrell frozen modules
zebrafish,AKAP12B,pancreatic_intestinal_endoderm,pancreatic intestinal endoderm,9.0,True,65,2.225732111384615,0.9230769230769231,0.993,0.993,362,1978,0.8194097048524263,0.011005502751375684,1616,0.8084042021010506,1.0,Farrell frozen modules
zebrafish,AKAP12B,pancreatic_intestinal_endoderm,pancreatic intestinal endoderm,9.0,True,65,2.225732111384615,0.9230769230769231,0.993,0.993,1917,1978,0.04152076038019015,0.011005502751375684,61,0.030515257628814463,2.0,Farrell frozen modules
zebrafish,ALCAMB,pancreatic_intestinal_endoderm,pancreatic intestinal endoderm,9.0,True,65,0.8615564892307692,0.47692307692307695,0.973,0.96425,18,11,0.991495747873937,0.9949974987493747,-7,-0.0035017508754376925,0.0,Farrell frozen modules
zebrafish,ALCAMB,pancreatic_intestinal_endoderm,pancreatic intestinal endoderm,9.0,True,65,0.8615564892307692,0.47692307692307695,0.973,0.96425,47,30,0.9769884942471235,0.9854927463731866,-17,-0.008504252126063094,1.0,Farrell frozen modules
zebrafish,ALCAMB,pancreatic_intestinal_endoderm,pancreatic intestinal endoderm,9.0,True,65,0.8615564892307692,0.47692307692307695,0.973,0.96425,38,19,0.9814907453726863,0.9909954977488744,-19,-0.009504752376188086,2.0,Farrell frozen modules
zebrafish,APELA,pancreatic_intestinal_endoderm,pancreatic intestinal endoderm,9.0,True,65,1.0603032893846154,0.6615384615384615,0.98,0.98125,124,8,0.9384692346173087,0.9964982491245623,-116,-0.05802901450725362,0.0,Farrell frozen modules
zebrafish,APELA,pancreatic_intestinal_endoderm,pancreatic intestinal endoderm,9.0,True,65,1.0603032893846154,0.6615384615384615,0.98,0.98125,109,44,0.9459729864932467,0.9784892446223111,-65,-0.032516258129064446,1.0,Farrell frozen modules
zebrafish,APELA,pancreatic_intestinal_endoderm,pancreatic intestinal endoderm,9.0,True,65,1.0603032893846154,0.6615384615384615,0.98,0.98125,111,47,0.9449724862431216,0.9769884942471235,-64,-0.03201600800400195,2.0,Farrell frozen modules
zebrafish,APOC1,pancreatic_intestinal_endoderm,pancreatic intestinal endoderm,9.0,True,65,2.9759010292307693,0.9384615384615385,0.9955,0.99375,1978,41,0.011005502751375684,0.9799899949974987,-1937,-0.968984492246123,0.0,Farrell frozen modules
zebrafish,APOC1,pancreatic_intestinal_endoderm,pancreatic intestinal endoderm,9.0,True,65,2.9759010292307693,0.9384615384615385,0.9955,0.99375,1981,56,0.009504752376188086,0.9724862431215607,-1925,-0.9629814907453726,1.0,Farrell frozen modules
zebrafish,APOC1,pancreatic_intestinal_endoderm,pancreatic intestinal endoderm,9.0,True,65,2.9759010292307693,0.9384615384615385,0.9955,0.99375,1970,193,0.015007503751875984,0.903951975987994,-1777,-0.888944472236118,2.0,Farrell frozen modules
zebrafish,APOEB,pancreatic_intestinal_endoderm,pancreatic intestinal endoderm,9.0,True,65,3.2233679523076924,0.9692307692307692,0.9975,0.995,1997,1987,0.0015007503751875984,0.006503251625812889,-10,-0.005002501250625291,0.0,Farrell frozen modules
zebrafish,APOEB,pancreatic_intestinal_endoderm,pancreatic intestinal endoderm,9.0,True,65,3.2233679523076924,0.9692307692307692,0.9975,0.995,1997,1993,0.0015007503751875984,0.0035017508754376925,-4,-0.002001000500250094,1.0,Farrell frozen modules
zebrafish,APOEB,pancreatic_intestinal_endoderm,pancreatic intestinal endoderm,9.0,True,65,3.2233679523076924,0.9692307692307692,0.9975,0.995,1995,1995,0.002501250625312701,0.002501250625312701,0,0.0,2.0,Farrell frozen modules
zebrafish,CDX4,pancreatic_intestinal_endoderm,pancreatic intestinal endoderm,9.0,True,65,1.9997567476923075,0.6461538461538462,0.9925,0.98025,12,14,0.9944972486243121,0.9934967483741871,2,0.0010005002501249916,0.0,Farrell frozen modules
zebrafish,CDX4,pancreatic_intestinal_endoderm,pancreatic intestinal endoderm,9.0,True,65,1.9997567476923075,0.6461538461538462,0.9925,0.98025,3,8,0.9989994997498749,0.9964982491245623,5,0.00250125062531259,1.0,Farrell frozen modules
zebrafish,CDX4,pancreatic_intestinal_endoderm,pancreatic intestinal endoderm,9.0,True,65,1.9997567476923075,0.6461538461538462,0.9925,0.98025,2,31,0.9994997498749375,0.984992496248124,29,0.014507253626813488,2.0,Farrell frozen modules
zebrafish,CHD,pancreatic_intestinal_endoderm,pancreatic intestinal endoderm,9.0,True,65,0.3053298512307692,0.2,0.916,0.90125,48,93,0.976488244122061,0.9539769884942472,45,0.022511255627813864,0.0,Farrell frozen modules
zebrafish,CHD,pancreatic_intestinal_endoderm,pancreatic intestinal endoderm,9.0,True,65,0.3053298512307692,0.2,0.916,0.90125,71,69,0.9649824912456229,0.9659829914957478,-2,-0.0010005002501249916,1.0,Farrell frozen modules
zebrafish,CHD,pancreatic_intestinal_endoderm,pancreatic intestinal endoderm,9.0,True,65,0.3053298512307692,0.2,0.916,0.90125,62,80,0.9694847423711856,0.9604802401200601,18,0.00900450225112559,2.0,Farrell frozen modules
zebrafish,CX43.4,pancreatic_intestinal_endoderm,pancreatic intestinal endoderm,9.0,True,65,1.9992864116923075,0.9692307692307692,0.992,0.995,142,43,0.9294647323661831,0.9789894947473737,-99,-0.049524762381190635,0.0,Farrell frozen modules
zebrafish,CX43.4,pancreatic_intestinal_endoderm,pancreatic intestinal endoderm,9.0,True,65,1.9992864116923075,0.9692307692307692,0.992,0.995,49,107,0.9759879939969985,0.9469734867433717,58,0.029014507253626864,1.0,Farrell frozen modules
zebrafish,CX43.4,pancreatic_intestinal_endoderm,pancreatic intestinal endoderm,9.0,True,65,1.9992864116923075,0.9692307692307692,0.992,0.995,93,71,0.9539769884942472,0.9649824912456229,-22,-0.011005502751375684,2.0,Farrell frozen modules
zebrafish,FGF8A,pancreatic_intestinal_endoderm,pancreatic intestinal endoderm,9.0,True,65,0.29455134615384615,0.18461538461538463,0.9115,0.89275,70,104,0.9654827413706853,0.9484742371185593,34,0.017008504252126078,0.0,Farrell frozen modules
zebrafish,FGF8A,pancreatic_intestinal_endoderm,pancreatic intestinal endoderm,9.0,True,65,0.29455134615384615,0.18461538461538463,0.9115,0.89275,63,43,0.968984492246123,0.9789894947473737,-20,-0.010005002501250693,1.0,Farrell frozen modules
zebrafish,FGF8A,pancreatic_intestinal_endoderm,pancreatic intestinal endoderm,9.0,True,65,0.29455134615384615,0.18461538461538463,0.9115,0.89275,69,76,0.9659829914957478,0.9624812406203102,7,0.0035017508754376925,2.0,Farrell frozen modules
zebrafish,H1F0,pancreatic_intestinal_endoderm,pancreatic intestinal endoderm,9.0,True,65,0.20508299846153846,0.13846153846153847,0.8755,0.861,160,1912,0.9204602301150575,0.04402201100550274,1752,0.8764382191095548,0.0,Farrell frozen modules
zebrafish,H1F0,pancreatic_intestinal_endoderm,pancreatic intestinal endoderm,9.0,True,65,0.20508299846153846,0.13846153846153847,0.8755,0.861,166,128,0.9174587293646823,0.9364682341170585,-38,-0.019009504752376172,1.0,Farrell frozen modules
zebrafish,H1F0,pancreatic_intestinal_endoderm,pancreatic intestinal endoderm,9.0,True,65,0.20508299846153846,0.13846153846153847,0.8755,0.861,120,185,0.9404702351175588,0.9079539769884942,65,0.03251625812906456,2.0,Farrell frozen modules
zebrafish,HER3,pancreatic_intestinal_endoderm,pancreatic intestinal endoderm,9.0,True,65,0.4127183815384615,0.2,0.932,0.90125,41,84,0.9799899949974987,0.9584792396198099,43,0.021510755377688873,0.0,Farrell frozen modules
zebrafish,HER3,pancreatic_intestinal_endoderm,pancreatic intestinal endoderm,9.0,True,65,0.4127183815384615,0.2,0.932,0.90125,43,63,0.9789894947473737,0.968984492246123,20,0.010005002501250693,1.0,Farrell frozen modules
zebrafish,HER3,pancreatic_intestinal_endoderm,pancreatic intestinal endoderm,9.0,True,65,0.4127183815384615,0.2,0.932,0.90125,48,75,0.976488244122061,0.9629814907453726,27,0.013506753376688385,2.0,Farrell frozen modules
zebrafish,HES6,pancreatic_intestinal_endoderm,pancreatic intestinal endoderm,9.0,True,65,0.8677463163076923,0.5384615384615384,0.9735,0.97225,5,33,0.9979989994997499,0.983991995997999,28,0.014007003501750881,0.0,Farrell frozen modules
zebrafish,HES6,pancreatic_intestinal_endoderm,pancreatic intestinal endoderm,9.0,True,65,0.8677463163076923,0.5384615384615384,0.9735,0.97225,4,17,0.9984992496248124,0.9919959979989995,13,0.006503251625812889,1.0,Farrell frozen modules
zebrafish,HES6,pancreatic_intestinal_endoderm,pancreatic intestinal endoderm,9.0,True,65,0.8677463163076923,0.5384615384615384,0.9735,0.97225,3,41,0.9989994997498749,0.9799899949974987,38,0.019009504752376172,2.0,Farrell frozen modules
zebrafish,HOXA9B,pancreatic_intestinal_endoderm,pancreatic intestinal endoderm,9.0,True,65,0.0,0.0,0.27375,0.27375,47,83,0.9769884942471235,0.9589794897448725,36,0.01800900450225107,0.0,Farrell frozen modules
zebrafish,HOXA9B,pancreatic_intestinal_endoderm,pancreatic intestinal endoderm,9.0,True,65,0.0,0.0,0.27375,0.27375,42,23,0.9794897448724362,0.9889944972486243,-19,-0.009504752376188086,1.0,Farrell frozen modules
zebrafish,HOXA9B,pancreatic_intestinal_endoderm,pancreatic intestinal endoderm,9.0,True,65,0.0,0.0,0.27375,0.27375,37,43,0.9819909954977488,0.9789894947473737,6,0.0030015007503750857,2.0,Farrell frozen modules
zebrafish,HOXB10A,pancreatic_intestinal_endoderm,pancreatic intestinal endoderm,9.0,True,65,0.02258419076923077,0.015384615384615385,0.64575,0.603,40,59,0.9804902451225613,0.9709854927463731,19,0.009504752376188197,0.0,Farrell frozen modules
zebrafish,HOXB10A,pancreatic_intestinal_endoderm,pancreatic intestinal endoderm,9.0,True,65,0.02258419076923077,0.015384615384615385,0.64575,0.603,32,16,0.9844922461230615,0.992496248124062,-16,-0.008004002001000488,1.0,Farrell frozen modules
zebrafish,HOXB10A,pancreatic_intestinal_endoderm,pancreatic intestinal endoderm,9.0,True,65,0.02258419076923077,0.015384615384615385,0.64575,0.603,28,37,0.9864932466233116,0.9819909954977488,9,0.004502251125562795,2.0,Farrell frozen modules
zebrafish,HOXB7A,pancreatic_intestinal_endoderm,pancreatic intestinal endoderm,9.0,True,65,0.1497654887692308,0.1076923076923077,0.8425,0.8315,6,17,0.9974987493746873,0.9919959979989995,11,0.005502751375687787,0.0,Farrell frozen modules
zebrafish,HOXB7A,pancreatic_intestinal_endoderm,pancreatic intestinal endoderm,9.0,True,65,0.1497654887692308,0.1076923076923077,0.8425,0.8315,7,4,0.9969984992496248,0.9984992496248124,-3,-0.0015007503751875984,1.0,Farrell frozen modules
zebrafish,HOXB7A,pancreatic_intestinal_endoderm,pancreatic intestinal endoderm,9.0,True,65,0.1497654887692308,0.1076923076923077,0.8425,0.8315,5,5,0.9979989994997499,0.9979989994997499,0,0.0,2.0,Farrell frozen modules
zebrafish,HOXB9A,pancreatic_intestinal_endoderm,pancreatic intestinal endoderm,9.0,True,65,0.0971394846153846,0.06153846153846154,0.799,0.771,28,38,0.9864932466233116,0.9814907453726863,10,0.005002501250625291,0.0,Farrell frozen modules
zebrafish,HOXB9A,pancreatic_intestinal_endoderm,pancreatic intestinal endoderm,9.0,True,65,0.0971394846153846,0.06153846153846154,0.799,0.771,29,22,0.9859929964982491,0.9894947473736868,-7,-0.0035017508754376925,1.0,Farrell frozen modules
zebrafish,HOXB9A,pancreatic_intestinal_endoderm,pancreatic intestinal endoderm,9.0,True,65,0.0971394846153846,0.06153846153846154,0.799,0.771,29,36,0.9859929964982491,0.9824912456228114,7,0.0035017508754376925,2.0,Farrell frozen modules
zebrafish,HOXC3A,pancreatic_intestinal_endoderm,pancreatic intestinal endoderm,9.0,True,65,0.19843017846153846,0.13846153846153847,0.872,0.861,4,18,0.9984992496248124,0.991495747873937,14,0.007003501750875385,0.0,Farrell frozen modules
zebrafish,HOXC3A,pancreatic_intestinal_endoderm,pancreatic intestinal endoderm,9.0,True,65,0.19843017846153846,0.13846153846153847,0.872,0.861,6,6,0.9974987493746873,0.9974987493746873,0,0.0,1.0,Farrell frozen modules
zebrafish,HOXC3A,pancreatic_intestinal_endoderm,pancreatic intestinal endoderm,9.0,True,65,0.19843017846153846,0.13846153846153847,0.872,0.861,4,8,0.9984992496248124,0.9964982491245623,4,0.002001000500250094,2.0,Farrell frozen modules
zebrafish,HOXC8A,pancreatic_intestinal_endoderm,pancreatic intestinal endoderm,9.0,True,65,0.23596893076923078,0.15384615384615385,0.8885,0.87275,20,31,0.9904952476238119,0.984992496248124,11,0.005502751375687898,0.0,Farrell frozen modules
zebrafish,HOXC8A,pancreatic_intestinal_endoderm,pancreatic intestinal endoderm,9.0,True,65,0.23596893076923078,0.15384615384615385,0.8885,0.87275,22,12,0.9894947473736868,0.9944972486243121,-10,-0.005002501250625291,1.0,Farrell frozen modules
zebrafish,HOXC8A,pancreatic_intestinal_endoderm,pancreatic intestinal endoderm,9.0,True,65,0.23596893076923078,0.15384615384615385,0.8885,0.87275,20,20,0.9904952476238119,0.9904952476238119,0,0.0,2.0,Farrell frozen modules
zebrafish,HOXD9A,pancreatic_intestinal_endoderm,pancreatic intestinal endoderm,9.0,True,65,0.0,0.0,0.27375,0.27375,59,89,0.9709854927463731,0.9559779889944973,30,0.015007503751875872,0.0,Farrell frozen modules
zebrafish,HOXD9A,pancreatic_intestinal_endoderm,pancreatic intestinal endoderm,9.0,True,65,0.0,0.0,0.27375,0.27375,53,26,0.9739869934967483,0.9874937468734367,-27,-0.013506753376688385,1.0,Farrell frozen modules
zebrafish,HOXD9A,pancreatic_intestinal_endoderm,pancreatic intestinal endoderm,9.0,True,65,0.0,0.0,0.27375,0.27375,46,45,0.9774887443721861,0.9779889944972486,-1,-0.0005002501250624958,2.0,Farrell frozen modules
zebrafish,MARCKSL1B,pancreatic_intestinal_endoderm,pancreatic intestinal endoderm,9.0,True,65,2.7639225,0.9384615384615385,0.995,0.99375,1999,1999,0.0005002501250624958,0.0005002501250624958,0,0.0,0.0,Farrell frozen modules
zebrafish,MARCKSL1B,pancreatic_intestinal_endoderm,pancreatic intestinal endoderm,9.0,True,65,2.7639225,0.9384615384615385,0.995,0.99375,1999,1999,0.0005002501250624958,0.0005002501250624958,0,0.0,1.0,Farrell frozen modules
zebrafish,MARCKSL1B,pancreatic_intestinal_endoderm,pancreatic intestinal endoderm,9.0,True,65,2.7639225,0.9384615384615385,0.995,0.99375,1998,1999,0.0010005002501251026,0.0005002501250624958,1,0.0005002501250626068,2.0,Farrell frozen modules
zebrafish,NKX1.2LA,pancreatic_intestinal_endoderm,pancreatic intestinal endoderm,9.0,True,65,0.0,0.0,0.27375,0.27375,224,555,0.8884442221110556,0.7228614307153577,331,0.16558279139569787,0.0,Farrell frozen modules
zebrafish,NKX1.2LA,pancreatic_intestinal_endoderm,pancreatic intestinal endoderm,9.0,True,65,0.0,0.0,0.27375,0.27375,214,150,0.8934467233616809,0.9254627313656828,-64,-0.03201600800400195,1.0,Farrell frozen modules
zebrafish,NKX1.2LA,pancreatic_intestinal_endoderm,pancreatic intestinal endoderm,9.0,True,65,0.0,0.0,0.27375,0.27375,189,232,0.9059529764882441,0.8844422211105553,43,0.021510755377688873,2.0,Farrell frozen modules
zebrafish,NOTO,pancreatic_intestinal_endoderm,pancreatic intestinal endoderm,9.0,True,65,0.055728030769230774,0.046153846153846156,0.7445,0.74,412,1801,0.7943971985992997,0.09954977488744376,1389,0.6948474237118559,0.0,Farrell frozen modules
zebrafish,NOTO,pancreatic_intestinal_endoderm,pancreatic intestinal endoderm,9.0,True,65,0.055728030769230774,0.046153846153846156,0.7445,0.74,194,179,0.9034517258629314,0.9109554777388694,-15,-0.007503751875937992,1.0,Farrell frozen modules
zebrafish,NOTO,pancreatic_intestinal_endoderm,pancreatic intestinal endoderm,9.0,True,65,0.055728030769230774,0.046153846153846156,0.7445,0.74,282,227,0.8594297148574287,0.886943471735868,-55,-0.027513756878439266,2.0,Farrell frozen modules
zebrafish,PTGDSB,pancreatic_intestinal_endoderm,pancreatic intestinal endoderm,9.0,True,65,0.4171135989230769,0.26153846153846155,0.9325,0.92525,43,45,0.9789894947473737,0.9779889944972486,2,0.0010005002501251026,0.0,Farrell frozen modules
zebrafish,PTGDSB,pancreatic_intestinal_endoderm,pancreatic intestinal endoderm,9.0,True,65,0.4171135989230769,0.26153846153846155,0.9325,0.92525,70,51,0.9654827413706853,0.9749874937468734,-19,-0.009504752376188086,1.0,Farrell frozen modules
zebrafish,PTGDSB,pancreatic_intestinal_endoderm,pancreatic intestinal endoderm,9.0,True,65,0.4171135989230769,0.26153846153846155,0.9325,0.92525,59,55,0.9709854927463731,0.9729864932466233,-4,-0.002001000500250205,2.0,Farrell frozen modules
zebrafish,SALL4,pancreatic_intestinal_endoderm,pancreatic intestinal endoderm,9.0,True,65,0.2919393573846154,0.23076923076923078,0.9095,0.91425,45,77,0.9779889944972486,0.9619809904952477,32,0.016008004002000975,0.0,Farrell frozen modules
zebrafish,SALL4,pancreatic_intestinal_endoderm,pancreatic intestinal endoderm,9.0,True,65,0.2919393573846154,0.23076923076923078,0.9095,0.91425,28,55,0.9864932466233116,0.9729864932466233,27,0.013506753376688274,1.0,Farrell frozen modules
zebrafish,SALL4,pancreatic_intestinal_endoderm,pancreatic intestinal endoderm,9.0,True,65,0.2919393573846154,0.23076923076923078,0.9095,0.91425,33,74,0.983991995997999,0.9634817408704353,41,0.02051025512756377,2.0,Farrell frozen modules
zebrafish,SERPINH1B,pancreatic_intestinal_endoderm,pancreatic intestinal endoderm,9.0,True,65,0.3627862946153846,0.23076923076923078,0.925,0.91425,23,109,0.9889944972486243,0.9459729864932467,86,0.043021510755377634,0.0,Farrell frozen modules
zebrafish,SERPINH1B,pancreatic_intestinal_endoderm,pancreatic intestinal endoderm,9.0,True,65,0.3627862946153846,0.23076923076923078,0.925,0.91425,13,40,0.9939969984992496,0.9804902451225613,27,0.013506753376688274,1.0,Farrell frozen modules
zebrafish,SERPINH1B,pancreatic_intestinal_endoderm,pancreatic intestinal endoderm,9.0,True,65,0.3627862946153846,0.23076923076923078,0.925,0.91425,12,51,0.9944972486243121,0.9749874937468734,39,0.019509754877438668,2.0,Farrell frozen modules
zebrafish,SI:DKEY-11C5.14,pancreatic_intestinal_endoderm,pancreatic intestinal endoderm,9.0,True,65,0.14039000923076925,0.09230769230769231,0.837,0.815,54,94,0.9734867433716858,0.9534767383691846,40,0.020010005002501274,0.0,Farrell frozen modules
zebrafish,SI:DKEY-11C5.14,pancreatic_intestinal_endoderm,pancreatic intestinal endoderm,9.0,True,65,0.14039000923076925,0.09230769230769231,0.837,0.815,67,24,0.966983491745873,0.9884942471235618,-43,-0.021510755377688873,1.0,Farrell frozen modules
zebrafish,SI:DKEY-11C5.14,pancreatic_intestinal_endoderm,pancreatic intestinal endoderm,9.0,True,65,0.14039000923076925,0.09230769230769231,0.837,0.815,47,44,0.9769884942471235,0.9784892446223111,-3,-0.0015007503751875984,2.0,Farrell frozen modules
zebrafish,SOX19A,pancreatic_intestinal_endoderm,pancreatic intestinal endoderm,9.0,True,65,0.5779807369230769,0.3230769230769231,0.955,0.943,21,23,0.9899949974987494,0.9889944972486243,2,0.0010005002501251026,0.0,Farrell frozen modules
zebrafish,SOX19A,pancreatic_intestinal_endoderm,pancreatic intestinal endoderm,9.0,True,65,0.5779807369230769,0.3230769230769231,0.955,0.943,39,25,0.9809904952476238,0.9879939969984992,-14,-0.007003501750875385,1.0,Farrell frozen modules
zebrafish,SOX19A,pancreatic_intestinal_endoderm,pancreatic intestinal endoderm,9.0,True,65,0.5779807369230769,0.3230769230769231,0.955,0.943,41,24,0.9799899949974987,0.9884942471235618,-17,-0.008504252126063094,2.0,Farrell frozen modules
zebrafish,SOX2,pancreatic_intestinal_endoderm,pancreatic intestinal endoderm,9.0,True,65,0.31294128969230767,0.2153846153846154,0.9175,0.90825,88,51,0.9564782391195598,0.9749874937468734,-37,-0.018509254627313676,0.0,Farrell frozen modules
zebrafish,SOX2,pancreatic_intestinal_endoderm,pancreatic intestinal endoderm,9.0,True,65,0.31294128969230767,0.2153846153846154,0.9175,0.90825,118,60,0.9414707353676839,0.9704852426213106,-58,-0.029014507253626753,1.0,Farrell frozen modules
zebrafish,SOX2,pancreatic_intestinal_endoderm,pancreatic intestinal endoderm,9.0,True,65,0.31294128969230767,0.2153846153846154,0.9175,0.90825,121,48,0.9399699849924963,0.976488244122061,-73,-0.036518259129564745,2.0,Farrell frozen modules
zebrafish,SP5L,pancreatic_intestinal_endoderm,pancreatic intestinal endoderm,9.0,True,65,1.0766461792307693,0.6461538461538462,0.9805,0.98025,1683,79,0.15857928964482237,0.9609804902451226,-1604,-0.8024012006003002,0.0,Farrell frozen modules
zebrafish,SP5L,pancreatic_intestinal_endoderm,pancreatic intestinal endoderm,9.0,True,65,1.0766461792307693,0.6461538461538462,0.9805,0.98025,240,1984,0.8804402201100551,0.008004002001000488,1744,0.8724362181090546,1.0,Farrell frozen modules
zebrafish,SP5L,pancreatic_intestinal_endoderm,pancreatic intestinal endoderm,9.0,True,65,1.0766461792307693,0.6461538461538462,0.9805,0.98025,1943,1970,0.028514257128564258,0.015007503751875984,27,0.013506753376688274,2.0,Farrell frozen modules
zebrafish,STMN1A,pancreatic_intestinal_endoderm,pancreatic intestinal endoderm,9.0,True,65,1.4581221587692308,0.7692307692307693,0.9865,0.9855,1954,62,0.02301150575287647,0.9694847423711856,-1892,-0.9464732366183092,0.0,Farrell frozen modules
zebrafish,STMN1A,pancreatic_intestinal_endoderm,pancreatic intestinal endoderm,9.0,True,65,1.4581221587692308,0.7692307692307693,0.9865,0.9855,406,167,0.7973986993496749,0.9169584792396198,-239,-0.11955977988994493,1.0,Farrell frozen modules
zebrafish,STMN1A,pancreatic_intestinal_endoderm,pancreatic intestinal endoderm,9.0,True,65,1.4581221587692308,0.7692307692307693,0.9865,0.9855,1957,79,0.021510755377688873,0.9609804902451226,-1878,-0.9394697348674337,2.0,Farrell frozen modules
zebrafish,TUBA1A,pancreatic_intestinal_endoderm,pancreatic intestinal endoderm,9.0,True,65,0.37893220123076926,0.2923076923076923,0.9275,0.934,17,26,0.9919959979989995,0.9874937468734367,9,0.004502251125562795,0.0,Farrell frozen modules
zebrafish,TUBA1A,pancreatic_intestinal_endoderm,pancreatic intestinal endoderm,9.0,True,65,0.37893220123076926,0.2923076923076923,0.9275,0.934,25,7,0.9879939969984992,0.9969984992496248,-18,-0.00900450225112559,1.0,Farrell frozen modules
zebrafish,TUBA1A,pancreatic_intestinal_endoderm,pancreatic intestinal endoderm,9.0,True,65,0.37893220123076926,0.2923076923076923,0.9275,0.934,22,10,0.9894947473736868,0.9954977488744372,-12,-0.006003001500750393,2.0,Farrell frozen modules
zebrafish,VED,pancreatic_intestinal_endoderm,pancreatic intestinal endoderm,9.0,True,65,0.7972682153846155,0.35384615384615387,0.9685,0.94725,614,108,0.6933466733366683,0.9464732366183092,-506,-0.25312656328164085,0.0,Farrell frozen modules
zebrafish,VED,pancreatic_intestinal_endoderm,pancreatic intestinal endoderm,9.0,True,65,0.7972682153846155,0.35384615384615387,0.9685,0.94725,119,1948,0.9409704852426213,0.026013006503251668,1829,0.9149574787393696,1.0,Farrell frozen modules
zebrafish,VED,pancreatic_intestinal_endoderm,pancreatic intestinal endoderm,9.0,True,65,0.7972682153846155,0.35384615384615387,0.9685,0.94725,290,1968,0.8554277138569284,0.016008004002000975,1678,0.8394197098549274,2.0,Farrell frozen modules
zebrafish,VOX,pancreatic_intestinal_endoderm,pancreatic intestinal endoderm,9.0,True,65,0.9421384989230769,0.5538461538461539,0.976,0.97375,42,36,0.9794897448724362,0.9824912456228114,-6,-0.0030015007503751967,0.0,Farrell frozen modules
zebrafish,VOX,pancreatic_intestinal_endoderm,pancreatic intestinal endoderm,9.0,True,65,0.9421384989230769,0.5538461538461539,0.976,0.97375,16,321,0.992496248124062,0.83991995997999,305,0.15257628814407198,1.0,Farrell frozen modules
zebrafish,VOX,pancreatic_intestinal_endoderm,pancreatic intestinal endoderm,9.0,True,65,0.9421384989230769,0.5538461538461539,0.976,0.97375,31,285,0.984992496248124,0.8579289644822411,254,0.12706353176588292,2.0,Farrell frozen modules
zebrafish,ZGC:110425,pancreatic_intestinal_endoderm,pancreatic intestinal endoderm,9.0,True,65,2.402999901538462,0.8923076923076924,0.994,0.992,2,75,0.9994997498749375,0.9629814907453726,73,0.036518259129564856,0.0,Farrell frozen modules
zebrafish,ZGC:110425,pancreatic_intestinal_endoderm,pancreatic intestinal endoderm,9.0,True,65,2.402999901538462,0.8923076923076924,0.994,0.992,2,31,0.9994997498749375,0.984992496248124,29,0.014507253626813488,1.0,Farrell frozen modules
zebrafish,ZGC:110425,pancreatic_intestinal_endoderm,pancreatic intestinal endoderm,9.0,True,65,2.402999901538462,0.8923076923076924,0.994,0.992,11,15,0.9949974987493747,0.9929964982491246,4,0.002001000500250094,2.0,Farrell frozen modules
zebrafish,ZGC:92242,pancreatic_intestinal_endoderm,pancreatic intestinal endoderm,9.0,True,65,0.7322934270769231,0.46153846153846156,0.9645,0.962,153,97,0.9239619809904952,0.951975987993997,-56,-0.028014007003501762,0.0,Farrell frozen modules
zebrafish,ZGC:92242,pancreatic_intestinal_endoderm,pancreatic intestinal endoderm,9.0,True,65,0.7322934270769231,0.46153846153846156,0.9645,0.962,99,1017,0.950975487743872,0.4917458729364682,918,0.45922961480740376,1.0,Farrell frozen modules
zebrafish,ZGC:92242,pancreatic_intestinal_endoderm,pancreatic intestinal endoderm,9.0,True,65,0.7322934270769231,0.46153846153846156,0.9645,0.962,101,210,0.9499749874937469,0.8954477238619309,109,0.054527263631815925,2.0,Farrell frozen modules
zebrafish,ZNFL2A,pancreatic_intestinal_endoderm,pancreatic intestinal endoderm,9.0,True,65,0.2767947186153846,0.23076923076923078,0.903,0.91425,110,50,0.9454727363681841,0.9754877438719359,-60,-0.030015007503751856,0.0,Farrell frozen modules
zebrafish,ZNFL2A,pancreatic_intestinal_endoderm,pancreatic intestinal endoderm,9.0,True,65,0.2767947186153846,0.23076923076923078,0.903,0.91425,93,42,0.9539769884942472,0.9794897448724362,-51,-0.02551275637818906,1.0,Farrell frozen modules
zebrafish,ZNFL2A,pancreatic_intestinal_endoderm,pancreatic intestinal endoderm,9.0,True,65,0.2767947186153846,0.23076923076923078,0.903,0.91425,119,59,0.9409704852426213,0.9709854927463731,-60,-0.030015007503751856,2.0,Farrell frozen modules
zebrafish,AKAP12B,pharyngeal_endoderm,pharyngeal endoderm,9.0,True,70,2.1932770428571433,0.8714285714285714,0.993,0.99125,31,341,0.984992496248124,0.8299149574787393,310,0.15507753876938468,0.0,Farrell frozen modules
zebrafish,AKAP12B,pharyngeal_endoderm,pharyngeal endoderm,9.0,True,70,2.1932770428571433,0.8714285714285714,0.993,0.99125,12,20,0.9944972486243121,0.9904952476238119,8,0.004002001000500188,1.0,Farrell frozen modules
zebrafish,AKAP12B,pharyngeal_endoderm,pharyngeal endoderm,9.0,True,70,2.1932770428571433,0.8714285714285714,0.993,0.99125,13,41,0.9939969984992496,0.9799899949974987,28,0.014007003501750881,2.0,Farrell frozen modules
zebrafish,APELA,pharyngeal_endoderm,pharyngeal endoderm,9.0,True,70,0.8382102155714286,0.5285714285714286,0.97,0.968,141,110,0.9299649824912456,0.9454727363681841,-31,-0.01550775387693848,0.0,Farrell frozen modules
zebrafish,APELA,pharyngeal_endoderm,pharyngeal endoderm,9.0,True,70,0.8382102155714286,0.5285714285714286,0.97,0.968,90,1951,0.9554777388694348,0.02451225612806407,1861,0.9309654827413707,1.0,Farrell frozen modules
zebrafish,APELA,pharyngeal_endoderm,pharyngeal endoderm,9.0,True,70,0.8382102155714286,0.5285714285714286,0.97,0.968,114,414,0.943471735867934,0.7933966983491746,300,0.1500750375187594,2.0,Farrell frozen modules
zebrafish,ASPH,pharyngeal_endoderm,pharyngeal endoderm,9.0,True,70,0.8130023157142856,0.4,0.968,0.953,176,1797,0.912456228114057,0.10155077538769386,1621,0.8109054527263632,0.0,Farrell frozen modules
zebrafish,ASPH,pharyngeal_endoderm,pharyngeal endoderm,9.0,True,70,0.8130023157142856,0.4,0.968,0.953,131,142,0.9349674837418709,0.9294647323661831,11,0.005502751375687787,1.0,Farrell frozen modules
zebrafish,ASPH,pharyngeal_endoderm,pharyngeal endoderm,9.0,True,70,0.8130023157142856,0.4,0.968,0.953,90,178,0.9554777388694348,0.9114557278639319,88,0.04402201100550285,2.0,Farrell frozen modules
zebrafish,CD9B,pharyngeal_endoderm,pharyngeal endoderm,9.0,True,70,0.298441165,0.21428571428571427,0.9055,0.90075,351,1073,0.824912456228114,0.46373186593296645,722,0.3611805902951476,0.0,Farrell frozen modules
zebrafish,CD9B,pharyngeal_endoderm,pharyngeal endoderm,9.0,True,70,0.298441165,0.21428571428571427,0.9055,0.90075,205,157,0.8979489744872436,0.9219609804902451,-48,-0.024012006003001463,1.0,Farrell frozen modules
zebrafish,CD9B,pharyngeal_endoderm,pharyngeal endoderm,9.0,True,70,0.298441165,0.21428571428571427,0.9055,0.90075,162,182,0.9194597298649325,0.9094547273636818,20,0.010005002501250693,2.0,Farrell frozen modules
zebrafish,CDH6,pharyngeal_endoderm,pharyngeal endoderm,9.0,True,70,0.622077491,0.3142857142857143,0.955,0.93725,55,70,0.9729864932466233,0.9654827413706853,15,0.007503751875937992,0.0,Farrell frozen modules
zebrafish,CDH6,pharyngeal_endoderm,pharyngeal endoderm,9.0,True,70,0.622077491,0.3142857142857143,0.955,0.93725,50,39,0.9754877438719359,0.9809904952476238,-11,-0.005502751375687898,1.0,Farrell frozen modules
zebrafish,CDH6,pharyngeal_endoderm,pharyngeal endoderm,9.0,True,70,0.622077491,0.3142857142857143,0.955,0.93725,40,48,0.9804902451225613,0.976488244122061,8,0.004002001000500299,2.0,Farrell frozen modules
zebrafish,F11R.1,pharyngeal_endoderm,pharyngeal endoderm,9.0,True,70,0.30351598514285716,0.22857142857142856,0.907,0.908,339,416,0.8309154577288644,0.7923961980990495,77,0.03851925962981495,0.0,Farrell frozen modules
zebrafish,F11R.1,pharyngeal_endoderm,pharyngeal endoderm,9.0,True,70,0.30351598514285716,0.22857142857142856,0.907,0.908,180,115,0.9104552276138069,0.9429714857428715,-65,-0.03251625812906456,1.0,Farrell frozen modules
zebrafish,F11R.1,pharyngeal_endoderm,pharyngeal endoderm,9.0,True,70,0.30351598514285716,0.22857142857142856,0.907,0.908,179,164,0.9109554777388694,0.9184592296148074,-15,-0.007503751875937992,2.0,Farrell frozen modules
zebrafish,GPM6AB,pharyngeal_endoderm,pharyngeal endoderm,9.0,True,70,0.34010331000000005,0.21428571428571427,0.916,0.90075,371,1917,0.8149074537268635,0.04152076038019015,1546,0.7733866933466733,0.0,Farrell frozen modules
zebrafish,GPM6AB,pharyngeal_endoderm,pharyngeal endoderm,9.0,True,70,0.34010331000000005,0.21428571428571427,0.916,0.90075,382,1579,0.8094047023511756,0.2106053026513257,1197,0.5987993996998499,1.0,Farrell frozen modules
zebrafish,GPM6AB,pharyngeal_endoderm,pharyngeal endoderm,9.0,True,70,0.34010331000000005,0.21428571428571427,0.916,0.90075,283,1823,0.8589294647323662,0.08854427213606808,1540,0.7703851925962981,2.0,Farrell frozen modules
zebrafish,HER9,pharyngeal_endoderm,pharyngeal endoderm,9.0,True,70,0.37473478571428576,0.22857142857142856,0.9215,0.908,6,2,0.9974987493746873,0.9994997498749375,-4,-0.002001000500250205,0.0,Farrell frozen modules
zebrafish,HER9,pharyngeal_endoderm,pharyngeal endoderm,9.0,True,70,0.37473478571428576,0.22857142857142856,0.9215,0.908,6,3,0.9974987493746873,0.9989994997498749,-3,-0.0015007503751875984,1.0,Farrell frozen modules
zebrafish,HER9,pharyngeal_endoderm,pharyngeal endoderm,9.0,True,70,0.37473478571428576,0.22857142857142856,0.9215,0.908,9,2,0.9959979989994997,0.9994997498749375,-7,-0.0035017508754378035,2.0,Farrell frozen modules
zebrafish,ID3,pharyngeal_endoderm,pharyngeal endoderm,9.0,True,70,0.45081024999999997,0.2857142857142857,0.9335,0.9305,185,1960,0.9079539769884942,0.020010005002501274,1775,0.887943971985993,0.0,Farrell frozen modules
zebrafish,ID3,pharyngeal_endoderm,pharyngeal endoderm,9.0,True,70,0.45081024999999997,0.2857142857142857,0.9335,0.9305,75,950,0.9629814907453726,0.5252626313156579,875,0.4377188594297148,1.0,Farrell frozen modules
zebrafish,ID3,pharyngeal_endoderm,pharyngeal endoderm,9.0,True,70,0.45081024999999997,0.2857142857142857,0.9335,0.9305,85,545,0.9579789894947474,0.727863931965983,460,0.23011505752876438,2.0,Farrell frozen modules
zebrafish,IRX7,pharyngeal_endoderm,pharyngeal endoderm,9.0,True,70,1.0559162471428571,0.5428571428571428,0.979,0.96975,33,138,0.983991995997999,0.9314657328664332,105,0.05252626313156583,0.0,Farrell frozen modules
zebrafish,IRX7,pharyngeal_endoderm,pharyngeal endoderm,9.0,True,70,1.0559162471428571,0.5428571428571428,0.979,0.96975,36,1961,0.9824912456228114,0.019509754877438668,1925,0.9629814907453728,1.0,Farrell frozen modules
zebrafish,IRX7,pharyngeal_endoderm,pharyngeal endoderm,9.0,True,70,1.0559162471428571,0.5428571428571428,0.979,0.96975,48,544,0.976488244122061,0.7283641820910456,496,0.24812406203101545,2.0,Farrell frozen modules
zebrafish,JUN,pharyngeal_endoderm,pharyngeal endoderm,9.0,True,70,0.1491575102857143,0.11428571428571428,0.846,0.84475,26,26,0.9874937468734367,0.9874937468734367,0,0.0,0.0,Farrell frozen modules
zebrafish,JUN,pharyngeal_endoderm,pharyngeal endoderm,9.0,True,70,0.1491575102857143,0.11428571428571428,0.846,0.84475,16,25,0.992496248124062,0.9879939969984992,9,0.004502251125562795,1.0,Farrell frozen modules
zebrafish,JUN,pharyngeal_endoderm,pharyngeal endoderm,9.0,True,70,0.1491575102857143,0.11428571428571428,0.846,0.84475,19,22,0.9909954977488744,0.9894947473736868,3,0.0015007503751875984,2.0,Farrell frozen modules
zebrafish,KRT18,pharyngeal_endoderm,pharyngeal endoderm,9.0,True,70,0.5076117771428571,0.24285714285714285,0.945,0.915,173,1938,0.9139569784892446,0.03101550775387696,1765,0.8829414707353677,0.0,Farrell frozen modules
zebrafish,KRT18,pharyngeal_endoderm,pharyngeal endoderm,9.0,True,70,0.5076117771428571,0.24285714285714285,0.945,0.915,119,98,0.9409704852426213,0.9514757378689345,-21,-0.010505252626313188,1.0,Farrell frozen modules
zebrafish,KRT18,pharyngeal_endoderm,pharyngeal endoderm,9.0,True,70,0.5076117771428571,0.24285714285714285,0.945,0.915,89,271,0.9559779889944973,0.8649324662331166,182,0.09104552276138067,2.0,Farrell frozen modules
zebrafish,KRT8,pharyngeal_endoderm,pharyngeal endoderm,9.0,True,70,0.3291972202857143,0.22857142857142856,0.9125,0.908,73,246,0.9639819909954978,0.8774387193596799,173,0.08654327163581788,0.0,Farrell frozen modules
zebrafish,KRT8,pharyngeal_endoderm,pharyngeal endoderm,9.0,True,70,0.3291972202857143,0.22857142857142856,0.9125,0.908,45,66,0.9779889944972486,0.9674837418709354,21,0.010505252626313188,1.0,Farrell frozen modules
zebrafish,KRT8,pharyngeal_endoderm,pharyngeal endoderm,9.0,True,70,0.3291972202857143,0.22857142857142856,0.9125,0.908,31,98,0.984992496248124,0.9514757378689345,67,0.03351675837918955,2.0,Farrell frozen modules
zebrafish,LSP1,pharyngeal_endoderm,pharyngeal endoderm,9.0,True,70,0.21572762285714286,0.15714285714285714,0.878,0.875,112,207,0.9444722361180591,0.8969484742371185,95,0.04752376188094054,0.0,Farrell frozen modules
zebrafish,LSP1,pharyngeal_endoderm,pharyngeal endoderm,9.0,True,70,0.21572762285714286,0.15714285714285714,0.878,0.875,87,60,0.9569784892446223,0.9704852426213106,-27,-0.013506753376688385,1.0,Farrell frozen modules
zebrafish,LSP1,pharyngeal_endoderm,pharyngeal endoderm,9.0,True,70,0.21572762285714286,0.15714285714285714,0.878,0.875,83,71,0.9589794897448725,0.9649824912456229,-12,-0.006003001500750393,2.0,Farrell frozen modules
zebrafish,MARCKSL1B,pharyngeal_endoderm,pharyngeal endoderm,9.0,True,70,3.0541830657142857,0.9571428571428572,0.996,0.9945,1996,1999,0.002001000500250094,0.0005002501250624958,3,0.0015007503751875984,0.0,Farrell frozen modules
zebrafish,MARCKSL1B,pharyngeal_endoderm,pharyngeal endoderm,9.0,True,70,3.0541830657142857,0.9571428571428572,0.996,0.9945,1993,1992,0.0035017508754376925,0.004002001000500299,-1,-0.0005002501250626068,1.0,Farrell frozen modules
zebrafish,MARCKSL1B,pharyngeal_endoderm,pharyngeal endoderm,9.0,True,70,3.0541830657142857,0.9571428571428572,0.996,0.9945,1992,1997,0.004002001000500299,0.0015007503751875984,5,0.002501250625312701,2.0,Farrell frozen modules
zebrafish,MCAMA,pharyngeal_endoderm,pharyngeal endoderm,9.0,True,70,0.06469886028571428,0.05714285714285714,0.761,0.76625,333,370,0.8339169584792396,0.815407703851926,37,0.018509254627313676,0.0,Farrell frozen modules
zebrafish,MCAMA,pharyngeal_endoderm,pharyngeal endoderm,9.0,True,70,0.06469886028571428,0.05714285714285714,0.761,0.76625,328,188,0.8364182091045522,0.9064532266133066,-140,-0.0700350175087544,1.0,Farrell frozen modules
zebrafish,MCAMA,pharyngeal_endoderm,pharyngeal endoderm,9.0,True,70,0.06469886028571428,0.05714285714285714,0.761,0.76625,265,220,0.8679339669834918,0.8904452226113057,-45,-0.022511255627813864,2.0,Farrell frozen modules
zebrafish,PLTP,pharyngeal_endoderm,pharyngeal endoderm,9.0,True,70,0.2632870457142857,0.18571428571428572,0.8935,0.8895,343,744,0.8289144572286143,0.6283141570785393,401,0.20060030015007502,0.0,Farrell frozen modules
zebrafish,PLTP,pharyngeal_endoderm,pharyngeal endoderm,9.0,True,70,0.2632870457142857,0.18571428571428572,0.8935,0.8895,308,257,0.8464232116058029,0.871935967983992,-51,-0.02551275637818906,1.0,Farrell frozen modules
zebrafish,PLTP,pharyngeal_endoderm,pharyngeal endoderm,9.0,True,70,0.2632870457142857,0.18571428571428572,0.8935,0.8895,274,286,0.863431715857929,0.8574287143571786,12,0.006003001500750393,2.0,Farrell frozen modules
zebrafish,PRDX5,pharyngeal_endoderm,pharyngeal endoderm,9.0,True,70,0.4908424548571429,0.24285714285714285,0.941,0.915,148,1879,0.9264632316158079,0.06053026513256632,1731,0.8659329664832416,0.0,Farrell frozen modules
zebrafish,PRDX5,pharyngeal_endoderm,pharyngeal endoderm,9.0,True,70,0.4908424548571429,0.24285714285714285,0.941,0.915,147,341,0.9269634817408704,0.8299149574787393,194,0.09704852426213106,1.0,Farrell frozen modules
zebrafish,PRDX5,pharyngeal_endoderm,pharyngeal endoderm,9.0,True,70,0.4908424548571429,0.24285714285714285,0.941,0.915,106,666,0.9474737368684342,0.6673336668334167,560,0.2801400700350175,2.0,Farrell frozen modules
zebrafish,SI:CH211-152C2.3,pharyngeal_endoderm,pharyngeal endoderm,9.0,True,70,3.388452901428571,1.0,0.9975,0.99825,1975,465,0.012506253126563283,0.7678839419709855,-1510,-0.7553776888444222,0.0,Farrell frozen modules
zebrafish,SI:CH211-152C2.3,pharyngeal_endoderm,pharyngeal endoderm,9.0,True,70,3.388452901428571,1.0,0.9975,0.99825,1985,1971,0.007503751875937992,0.014507253626813377,-14,-0.007003501750875385,1.0,Farrell frozen modules
zebrafish,SI:CH211-152C2.3,pharyngeal_endoderm,pharyngeal endoderm,9.0,True,70,3.388452901428571,1.0,0.9975,0.99825,1979,1978,0.010505252626313188,0.011005502751375684,-1,-0.0005002501250624958,2.0,Farrell frozen modules
zebrafish,SI:CH211-156J16.1,pharyngeal_endoderm,pharyngeal endoderm,9.0,True,70,0.47202017,0.22857142857142856,0.937,0.908,177,203,0.9119559779889945,0.8989494747373686,26,0.01300650325162589,0.0,Farrell frozen modules
zebrafish,SI:CH211-156J16.1,pharyngeal_endoderm,pharyngeal endoderm,9.0,True,70,0.47202017,0.22857142857142856,0.937,0.908,156,101,0.9224612306153077,0.9499749874937469,-55,-0.027513756878439155,1.0,Farrell frozen modules
zebrafish,SI:CH211-156J16.1,pharyngeal_endoderm,pharyngeal endoderm,9.0,True,70,0.47202017,0.22857142857142856,0.937,0.908,115,130,0.9429714857428715,0.9354677338669335,15,0.007503751875937992,2.0,Farrell frozen modules
zebrafish,SI:CH73-234B20.5,pharyngeal_endoderm,pharyngeal endoderm,9.0,True,70,0.10007797285714284,0.07142857142857142,0.81,0.79375,722,1798,0.6393196598299149,0.10105052526263136,1076,0.5382691345672835,0.0,Farrell frozen modules
zebrafish,SI:CH73-234B20.5,pharyngeal_endoderm,pharyngeal endoderm,9.0,True,70,0.10007797285714284,0.07142857142857142,0.81,0.79375,992,1184,0.5042521260630315,0.40820410205102553,192,0.09604802401200596,1.0,Farrell frozen modules
zebrafish,SI:CH73-234B20.5,pharyngeal_endoderm,pharyngeal endoderm,9.0,True,70,0.10007797285714284,0.07142857142857142,0.81,0.79375,572,865,0.7143571785892946,0.567783891945973,293,0.1465732866433216,2.0,Farrell frozen modules
zebrafish,SI:DKEY-261H17.1,pharyngeal_endoderm,pharyngeal endoderm,9.0,True,70,0.021554895714285715,0.014285714285714285,0.62875,0.5835,364,368,0.8184092046023012,0.8164082041020511,4,0.002001000500250094,0.0,Farrell frozen modules
zebrafish,SI:DKEY-261H17.1,pharyngeal_endoderm,pharyngeal endoderm,9.0,True,70,0.021554895714285715,0.014285714285714285,0.62875,0.5835,363,125,0.8189094547273637,0.9379689844922461,-238,-0.11905952976488243,1.0,Farrell frozen modules
zebrafish,SI:DKEY-261H17.1,pharyngeal_endoderm,pharyngeal endoderm,9.0,True,70,0.021554895714285715,0.014285714285714285,0.62875,0.5835,244,171,0.8784392196098049,0.9149574787393697,-73,-0.036518259129564856,2.0,Farrell frozen modules
zebrafish,TAGLN2,pharyngeal_endoderm,pharyngeal endoderm,9.0,True,70,0.4110442308571428,0.2,0.9295,0.89425,151,1970,0.9249624812406203,0.015007503751875984,1819,0.9099549774887443,0.0,Farrell frozen modules
zebrafish,TAGLN2,pharyngeal_endoderm,pharyngeal endoderm,9.0,True,70,0.4110442308571428,0.2,0.9295,0.89425,114,150,0.943471735867934,0.9254627313656828,36,0.01800900450225118,1.0,Farrell frozen modules
zebrafish,TAGLN2,pharyngeal_endoderm,pharyngeal endoderm,9.0,True,70,0.4110442308571428,0.2,0.9295,0.89425,38,333,0.9814907453726863,0.8339169584792396,295,0.1475737868934467,2.0,Farrell frozen modules
zebrafish,ASPH,prechordal_plate,prechordal plate,7.0,True,107,0.917073484859813,0.7850467289719626,0.9545,0.9465,37,15,0.9819909954977488,0.9929964982491246,-22,-0.011005502751375795,0.0,Farrell frozen modules
zebrafish,ASPH,prechordal_plate,prechordal plate,7.0,True,107,0.917073484859813,0.7850467289719626,0.9545,0.9465,82,14,0.959479739869935,0.9934967483741871,-68,-0.034017008504252155,1.0,Farrell frozen modules
zebrafish,ASPH,prechordal_plate,prechordal plate,7.0,True,107,0.917073484859813,0.7850467289719626,0.9545,0.9465,49,14,0.9759879939969985,0.9934967483741871,-35,-0.017508754377188573,2.0,Farrell frozen modules
zebrafish,ATPIF1B,prechordal_plate,prechordal plate,7.0,True,107,0.0839939046728972,0.1588785046728972,0.7585,0.7725,315,957,0.8429214607303652,0.5217608804402201,642,0.32116058029014516,0.0,Farrell frozen modules
zebrafish,ATPIF1B,prechordal_plate,prechordal plate,7.0,True,107,0.0839939046728972,0.1588785046728972,0.7585,0.7725,319,580,0.840920460230115,0.7103551775887944,261,0.1305652826413206,1.0,Farrell frozen modules
zebrafish,ATPIF1B,prechordal_plate,prechordal plate,7.0,True,107,0.0839939046728972,0.1588785046728972,0.7585,0.7725,1356,1125,0.32216108054027015,0.4377188594297149,-231,-0.11555777888944474,2.0,Farrell frozen modules
zebrafish,CALR3B,prechordal_plate,prechordal plate,7.0,True,107,1.6880046646728972,0.9252336448598131,0.982,0.97175,11,7,0.9949974987493747,0.9969984992496248,-4,-0.002001000500250094,0.0,Farrell frozen modules
zebrafish,CALR3B,prechordal_plate,prechordal plate,7.0,True,107,1.6880046646728972,0.9252336448598131,0.982,0.97175,9,4,0.9959979989994997,0.9984992496248124,-5,-0.002501250625312701,1.0,Farrell frozen modules
zebrafish,CALR3B,prechordal_plate,prechordal plate,7.0,True,107,1.6880046646728972,0.9252336448598131,0.982,0.97175,5,5,0.9979989994997499,0.9979989994997499,0,0.0,2.0,Farrell frozen modules
zebrafish,CD63,prechordal_plate,prechordal plate,7.0,True,107,0.35219658121495323,0.42990654205607476,0.8905,0.8785,142,17,0.9294647323661831,0.9919959979989995,-125,-0.06253126563281641,0.0,Farrell frozen modules
zebrafish,CD63,prechordal_plate,prechordal plate,7.0,True,107,0.35219658121495323,0.42990654205607476,0.8905,0.8785,151,15,0.9249624812406203,0.9929964982491246,-136,-0.06803401700850431,1.0,Farrell frozen modules
zebrafish,CD63,prechordal_plate,prechordal plate,7.0,True,107,0.35219658121495323,0.42990654205607476,0.8905,0.8785,48,18,0.976488244122061,0.991495747873937,-30,-0.015007503751875984,2.0,Farrell frozen modules
zebrafish,CITED4B,prechordal_plate,prechordal plate,7.0,True,107,2.008187057943925,0.9813084112149533,0.9885,0.98425,77,1538,0.9619809904952477,0.23111555777888948,1461,0.7308654327163582,0.0,Farrell frozen modules
zebrafish,CITED4B,prechordal_plate,prechordal plate,7.0,True,107,2.008187057943925,0.9813084112149533,0.9885,0.98425,34,496,0.9834917458729364,0.752376188094047,462,0.23111555777888937,1.0,Farrell frozen modules
zebrafish,CITED4B,prechordal_plate,prechordal plate,7.0,True,107,2.008187057943925,0.9813084112149533,0.9885,0.98425,32,129,0.9844922461230615,0.935967983991996,97,0.04852426213106553,2.0,Farrell frozen modules
zebrafish,CTSLB,prechordal_plate,prechordal plate,7.0,True,107,0.2355219078504673,0.19626168224299065,0.8565,0.795,1019,24,0.4907453726863432,0.9884942471235618,-995,-0.4977488744372186,0.0,Farrell frozen modules
zebrafish,CTSLB,prechordal_plate,prechordal plate,7.0,True,107,0.2355219078504673,0.19626168224299065,0.8565,0.795,1938,13,0.03101550775387696,0.9939969984992496,-1925,-0.9629814907453726,1.0,Farrell frozen modules
zebrafish,CTSLB,prechordal_plate,prechordal plate,7.0,True,107,0.2355219078504673,0.19626168224299065,0.8565,0.795,62,12,0.9694847423711856,0.9944972486243121,-50,-0.025012506253126454,2.0,Farrell frozen modules
zebrafish,FKBP11,prechordal_plate,prechordal plate,7.0,True,107,0.3604246085046729,0.411214953271028,0.894,0.875,110,48,0.9454727363681841,0.976488244122061,-62,-0.03101550775387696,0.0,Farrell frozen modules
zebrafish,FKBP11,prechordal_plate,prechordal plate,7.0,True,107,0.3604246085046729,0.411214953271028,0.894,0.875,164,26,0.9184592296148074,0.9874937468734367,-138,-0.0690345172586293,1.0,Farrell frozen modules
zebrafish,FKBP11,prechordal_plate,prechordal plate,7.0,True,107,0.3604246085046729,0.411214953271028,0.894,0.875,82,32,0.959479739869935,0.9844922461230615,-50,-0.025012506253126565,2.0,Farrell frozen modules
zebrafish,HE1A,prechordal_plate,prechordal plate,7.0,True,107,0.0,0.0,0.19975,0.19975,1735,69,0.13256628314157082,0.9659829914957478,-1666,-0.833416708354177,0.0,Farrell frozen modules
zebrafish,HE1A,prechordal_plate,prechordal plate,7.0,True,107,0.0,0.0,0.19975,0.19975,1903,50,0.04852426213106553,0.9754877438719359,-1853,-0.9269634817408704,1.0,Farrell frozen modules
zebrafish,HE1A,prechordal_plate,prechordal plate,7.0,True,107,0.0,0.0,0.19975,0.19975,592,60,0.704352176088044,0.9704852426213106,-532,-0.2661330665332666,2.0,Farrell frozen modules
zebrafish,HE1B,prechordal_plate,prechordal plate,7.0,True,107,0.0,0.0,0.19975,0.19975,1627,98,0.18659329664832414,0.9514757378689345,-1529,-0.7648824412206103,0.0,Farrell frozen modules
zebrafish,HE1B,prechordal_plate,prechordal plate,7.0,True,107,0.0,0.0,0.19975,0.19975,1797,69,0.10155077538769386,0.9659829914957478,-1728,-0.864432216108054,1.0,Farrell frozen modules
zebrafish,HE1B,prechordal_plate,prechordal plate,7.0,True,107,0.0,0.0,0.19975,0.19975,262,85,0.8694347173586794,0.9579789894947474,-177,-0.08854427213606797,2.0,Farrell frozen modules
zebrafish,ID3,prechordal_plate,prechordal plate,7.0,True,107,2.3285248130841123,1.0,0.9915,0.99475,8,12,0.9964982491245623,0.9944972486243121,4,0.002001000500250205,0.0,Farrell frozen modules
zebrafish,ID3,prechordal_plate,prechordal plate,7.0,True,107,2.3285248130841123,1.0,0.9915,0.99475,14,18,0.9934967483741871,0.991495747873937,4,0.002001000500250094,1.0,Farrell frozen modules
zebrafish,ID3,prechordal_plate,prechordal plate,7.0,True,107,2.3285248130841123,1.0,0.9915,0.99475,8,13,0.9964982491245623,0.9939969984992496,5,0.002501250625312701,2.0,Farrell frozen modules
zebrafish,KRT18,prechordal_plate,prechordal plate,7.0,True,107,1.1637649272897197,0.7102803738317757,0.9695,0.93275,1898,38,0.05102551275637823,0.9814907453726863,-1860,-0.9304652326163081,0.0,Farrell frozen modules
zebrafish,KRT18,prechordal_plate,prechordal plate,7.0,True,107,1.1637649272897197,0.7102803738317757,0.9695,0.93275,235,25,0.8829414707353677,0.9879939969984992,-210,-0.10505252626313155,1.0,Farrell frozen modules
zebrafish,KRT18,prechordal_plate,prechordal plate,7.0,True,107,1.1637649272897197,0.7102803738317757,0.9695,0.93275,36,30,0.9824912456228114,0.9854927463731866,-6,-0.0030015007503751967,2.0,Farrell frozen modules
zebrafish,LRRC59,prechordal_plate,prechordal plate,7.0,True,107,1.1400088556074768,0.8878504672897196,0.9675,0.96525,158,1555,0.9214607303651826,0.22261130565282639,1397,0.6988494247123562,0.0,Farrell frozen modules
zebrafish,LRRC59,prechordal_plate,prechordal plate,7.0,True,107,1.1400088556074768,0.8878504672897196,0.9675,0.96525,124,1240,0.9384692346173087,0.38019009504752377,1116,0.5582791395697849,1.0,Farrell frozen modules
zebrafish,LRRC59,prechordal_plate,prechordal plate,7.0,True,107,1.1400088556074768,0.8878504672897196,0.9675,0.96525,324,1272,0.8384192096048024,0.3641820910455228,948,0.47423711855927964,2.0,Farrell frozen modules
zebrafish,PITX2,prechordal_plate,prechordal plate,7.0,True,107,0.8560789077570093,0.8598130841121495,0.95,0.9585,44,34,0.9784892446223111,0.9834917458729364,-10,-0.005002501250625291,0.0,Farrell frozen modules
zebrafish,PITX2,prechordal_plate,prechordal plate,7.0,True,107,0.8560789077570093,0.8598130841121495,0.95,0.9585,43,31,0.9789894947473737,0.984992496248124,-12,-0.006003001500750282,1.0,Farrell frozen modules
zebrafish,PITX2,prechordal_plate,prechordal plate,7.0,True,107,0.8560789077570093,0.8598130841121495,0.95,0.9585,39,38,0.9809904952476238,0.9814907453726863,-1,-0.0005002501250624958,2.0,Farrell frozen modules
zebrafish,RRBP1B,prechordal_plate,prechordal plate,7.0,True,107,1.4637429092523364,0.9626168224299065,0.9785,0.979,15,8,0.9929964982491246,0.9964982491245623,-7,-0.0035017508754376925,0.0,Farrell frozen modules
zebrafish,RRBP1B,prechordal_plate,prechordal plate,7.0,True,107,1.4637429092523364,0.9626168224299065,0.9785,0.979,15,8,0.9929964982491246,0.9964982491245623,-7,-0.0035017508754376925,1.0,Farrell frozen modules
zebrafish,RRBP1B,prechordal_plate,prechordal plate,7.0,True,107,1.4637429092523364,0.9626168224299065,0.9785,0.979,12,8,0.9944972486243121,0.9964982491245623,-4,-0.002001000500250205,2.0,Farrell frozen modules
zebrafish,SI:DKEY-239J18.2,prechordal_plate,prechordal plate,7.0,True,107,0.03083012439252337,0.06542056074766354,0.6575,0.674,1706,72,0.1470735367683842,0.9644822411205602,-1634,-0.817408704352176,0.0,Farrell frozen modules
zebrafish,SI:DKEY-239J18.2,prechordal_plate,prechordal plate,7.0,True,107,0.03083012439252337,0.06542056074766354,0.6575,0.674,1931,51,0.03451725862931465,0.9749874937468734,-1880,-0.9404702351175588,1.0,Farrell frozen modules
zebrafish,SI:DKEY-239J18.2,prechordal_plate,prechordal plate,7.0,True,107,0.03083012439252337,0.06542056074766354,0.6575,0.674,694,57,0.6533266633316659,0.9719859929964982,-637,-0.31865932966483235,2.0,Farrell frozen modules
zebrafish,SI:DKEY-239J18.3,prechordal_plate,prechordal plate,7.0,True,107,0.02157186523364486,0.028037383177570093,0.6145,0.57,418,178,0.7913956978489245,0.9114557278639319,-240,-0.12006003001500742,0.0,Farrell frozen modules
zebrafish,SI:DKEY-239J18.3,prechordal_plate,prechordal plate,7.0,True,107,0.02157186523364486,0.028037383177570093,0.6145,0.57,1419,134,0.2906453226613307,0.9334667333666833,-1285,-0.6428214107053526,1.0,Farrell frozen modules
zebrafish,SI:DKEY-239J18.3,prechordal_plate,prechordal plate,7.0,True,107,0.02157186523364486,0.028037383177570093,0.6145,0.57,285,137,0.8579289644822411,0.9319659829914957,-148,-0.07403701850925459,2.0,Farrell frozen modules
zebrafish,SI:DKEY-269I1.3,prechordal_plate,prechordal plate,7.0,True,107,0.05060889635514019,0.06542056074766354,0.7105,0.674,1430,66,0.2851425712856428,0.9674837418709354,-1364,-0.6823411705852926,0.0,Farrell frozen modules
zebrafish,SI:DKEY-269I1.3,prechordal_plate,prechordal plate,7.0,True,107,0.05060889635514019,0.06542056074766354,0.7105,0.674,1874,49,0.06303151575787891,0.9759879939969985,-1825,-0.9129564782391196,1.0,Farrell frozen modules
zebrafish,SI:DKEY-269I1.3,prechordal_plate,prechordal plate,7.0,True,107,0.05060889635514019,0.06542056074766354,0.7105,0.674,180,50,0.9104552276138069,0.9754877438719359,-130,-0.065032516258129,2.0,Farrell frozen modules
zebrafish,SI:DKEY-26G8.5,prechordal_plate,prechordal plate,7.0,True,107,0.08937882009345796,0.12149532710280374,0.7675,0.73775,1696,60,0.15207603801900949,0.9704852426213106,-1636,-0.8184092046023012,0.0,Farrell frozen modules
zebrafish,SI:DKEY-26G8.5,prechordal_plate,prechordal plate,7.0,True,107,0.08937882009345796,0.12149532710280374,0.7675,0.73775,1934,35,0.03301650825412705,0.9829914957478739,-1899,-0.9499749874937469,1.0,Farrell frozen modules
zebrafish,SI:DKEY-26G8.5,prechordal_plate,prechordal plate,7.0,True,107,0.08937882009345796,0.12149532710280374,0.7675,0.73775,136,40,0.9324662331165583,0.9804902451225613,-96,-0.048024012006003036,2.0,Farrell frozen modules
zebrafish,TRAM1,prechordal_plate,prechordal plate,7.0,True,107,1.3285784394392521,0.8691588785046729,0.9745,0.96075,92,58,0.9544772386193097,0.9714857428714357,-34,-0.017008504252126078,0.0,Farrell frozen modules
zebrafish,TRAM1,prechordal_plate,prechordal plate,7.0,True,107,1.3285784394392521,0.8691588785046729,0.9745,0.96075,126,27,0.9374687343671836,0.9869934967483742,-99,-0.049524762381190635,1.0,Farrell frozen modules
zebrafish,TRAM1,prechordal_plate,prechordal plate,7.0,True,107,1.3285784394392521,0.8691588785046729,0.9745,0.96075,34,27,0.9834917458729364,0.9869934967483742,-7,-0.0035017508754378035,2.0,Farrell frozen modules
zebrafish,XBP1,prechordal_plate,prechordal plate,7.0,True,107,3.197503388785046,1.0,0.997,0.99475,6,9,0.9974987493746873,0.9959979989994997,3,0.0015007503751875984,0.0,Farrell frozen modules
zebrafish,XBP1,prechordal_plate,prechordal plate,7.0,True,107,3.197503388785046,1.0,0.997,0.99475,4,10,0.9984992496248124,0.9954977488744372,6,0.0030015007503751967,1.0,Farrell frozen modules
zebrafish,XBP1,prechordal_plate,prechordal plate,7.0,True,107,3.197503388785046,1.0,0.997,0.99475,6,9,0.9974987493746873,0.9959979989994997,3,0.0015007503751875984,2.0,Farrell frozen modules
zebrafish,ZGC:174153,prechordal_plate,prechordal plate,7.0,True,107,1.131806836728972,0.5233644859813084,0.967,0.90375,48,6,0.976488244122061,0.9974987493746873,-42,-0.021010505252626266,0.0,Farrell frozen modules
zebrafish,ZGC:174153,prechordal_plate,prechordal plate,7.0,True,107,1.131806836728972,0.5233644859813084,0.967,0.90375,132,3,0.9344672336168084,0.9989994997498749,-129,-0.06453226613306651,1.0,Farrell frozen modules
zebrafish,ZGC:174153,prechordal_plate,prechordal plate,7.0,True,107,1.131806836728972,0.5233644859813084,0.967,0.90375,10,3,0.9954977488744372,0.9989994997498749,-7,-0.0035017508754376925,2.0,Farrell frozen modules
zebrafish,ZGC:174855,prechordal_plate,prechordal plate,7.0,True,107,0.5636083557009346,0.40186915887850466,0.9245,0.872,148,19,0.9264632316158079,0.9909954977488744,-129,-0.06453226613306651,0.0,Farrell frozen modules
zebrafish,ZGC:174855,prechordal_plate,prechordal plate,7.0,True,107,0.5636083557009346,0.40186915887850466,0.9245,0.872,1806,9,0.09704852426213106,0.9959979989994997,-1797,-0.8989494747373686,1.0,Farrell frozen modules
zebrafish,ZGC:174855,prechordal_plate,prechordal plate,7.0,True,107,0.5636083557009346,0.40186915887850466,0.9245,0.872,29,10,0.9859929964982491,0.9954977488744372,-19,-0.009504752376188086,2.0,Farrell frozen modules
zebrafish,ASPH,prechordal_plate,prechordal plate,9.0,True,109,2.050715936972477,0.9908256880733946,0.9865,0.99125,6,1669,0.9974987493746873,0.16558279139569787,1663,0.8319159579789894,0.0,Farrell frozen modules
zebrafish,ASPH,prechordal_plate,prechordal plate,9.0,True,109,2.050715936972477,0.9908256880733946,0.9865,0.99125,15,57,0.9929964982491246,0.9719859929964982,42,0.021010505252626377,1.0,Farrell frozen modules
zebrafish,ASPH,prechordal_plate,prechordal plate,9.0,True,109,2.050715936972477,0.9908256880733946,0.9865,0.99125,11,42,0.9949974987493747,0.9794897448724362,31,0.01550775387693848,2.0,Farrell frozen modules
zebrafish,ATPIF1B,prechordal_plate,prechordal plate,9.0,True,109,0.16164562183486236,0.22935779816513763,0.838,0.84825,1428,1987,0.2861430715357679,0.006503251625812889,559,0.279639819909955,0.0,Farrell frozen modules
zebrafish,ATPIF1B,prechordal_plate,prechordal plate,9.0,True,109,0.16164562183486236,0.22935779816513763,0.838,0.84825,1765,1983,0.11755877938969483,0.008504252126062983,218,0.10905452726363185,1.0,Farrell frozen modules
zebrafish,ATPIF1B,prechordal_plate,prechordal plate,9.0,True,109,0.16164562183486236,0.22935779816513763,0.838,0.84825,1760,1972,0.12006003001500754,0.014007003501750881,212,0.10605302651325665,2.0,Farrell frozen modules
zebrafish,CALR3B,prechordal_plate,prechordal plate,9.0,True,109,3.2450245546788987,1.0,0.9995,0.99625,1,1860,1.0,0.0700350175087544,1859,0.9299649824912456,0.0,Farrell frozen modules
zebrafish,CALR3B,prechordal_plate,prechordal plate,9.0,True,109,3.2450245546788987,1.0,0.9995,0.99625,5,164,0.9979989994997499,0.9184592296148074,159,0.07953976988494249,1.0,Farrell frozen modules
zebrafish,CALR3B,prechordal_plate,prechordal plate,9.0,True,109,3.2450245546788987,1.0,0.9995,0.99625,6,140,0.9974987493746873,0.9304652326163082,134,0.0670335167583791,2.0,Farrell frozen modules
zebrafish,CD63,prechordal_plate,prechordal plate,9.0,True,109,1.5992604188073392,0.9357798165137615,0.9815,0.9835,12,67,0.9944972486243121,0.966983491745873,55,0.027513756878439155,0.0,Farrell frozen modules
zebrafish,CD63,prechordal_plate,prechordal plate,9.0,True,109,1.5992604188073392,0.9357798165137615,0.9815,0.9835,16,29,0.992496248124062,0.9859929964982491,13,0.006503251625812889,1.0,Farrell frozen modules
zebrafish,CD63,prechordal_plate,prechordal plate,9.0,True,109,1.5992604188073392,0.9357798165137615,0.9815,0.9835,15,28,0.9929964982491246,0.9864932466233116,13,0.006503251625813,2.0,Farrell frozen modules
zebrafish,CITED4B,prechordal_plate,prechordal plate,9.0,True,109,2.287737191743119,0.981651376146789,0.9885,0.98925,60,39,0.9704852426213106,0.9809904952476238,-21,-0.010505252626313188,0.0,Farrell frozen modules
zebrafish,CITED4B,prechordal_plate,prechordal plate,9.0,True,109,2.287737191743119,0.981651376146789,0.9885,0.98925,38,89,0.9814907453726863,0.9559779889944973,51,0.02551275637818906,1.0,Farrell frozen modules
zebrafish,CITED4B,prechordal_plate,prechordal plate,9.0,True,109,2.287737191743119,0.981651376146789,0.9885,0.98925,42,129,0.9794897448724362,0.935967983991996,87,0.04352176088044024,2.0,Farrell frozen modules
zebrafish,CTSLB,prechordal_plate,prechordal plate,9.0,True,109,1.9496057410091745,0.7614678899082569,0.985,0.9615,34,1988,0.9834917458729364,0.006003001500750393,1954,0.977488744372186,0.0,Farrell frozen modules
zebrafish,CTSLB,prechordal_plate,prechordal plate,9.0,True,109,1.9496057410091745,0.7614678899082569,0.985,0.9615,63,1861,0.968984492246123,0.0695347673836918,1798,0.8994497248624312,1.0,Farrell frozen modules
zebrafish,CTSLB,prechordal_plate,prechordal plate,9.0,True,109,1.9496057410091745,0.7614678899082569,0.985,0.9615,79,1983,0.9609804902451226,0.008504252126062983,1904,0.9524762381190596,2.0,Farrell frozen modules
zebrafish,FKBP11,prechordal_plate,prechordal plate,9.0,True,109,1.148720018348624,0.8165137614678899,0.972,0.9685,32,1999,0.9844922461230615,0.0005002501250624958,1967,0.983991995997999,0.0,Farrell frozen modules
zebrafish,FKBP11,prechordal_plate,prechordal plate,9.0,True,109,1.148720018348624,0.8165137614678899,0.972,0.9685,67,1995,0.966983491745873,0.002501250625312701,1928,0.9644822411205602,1.0,Farrell frozen modules
zebrafish,FKBP11,prechordal_plate,prechordal plate,9.0,True,109,1.148720018348624,0.8165137614678899,0.972,0.9685,48,1995,0.976488244122061,0.002501250625312701,1947,0.9739869934967483,2.0,Farrell frozen modules
zebrafish,HE1A,prechordal_plate,prechordal plate,9.0,True,109,0.39252938779816515,0.24770642201834864,0.9135,0.8595,28,2000,0.9864932466233116,0.0,1972,0.9864932466233116,0.0,Farrell frozen modules
zebrafish,HE1A,prechordal_plate,prechordal plate,9.0,True,109,0.39252938779816515,0.24770642201834864,0.9135,0.8595,124,1998,0.9384692346173087,0.0010005002501251026,1874,0.9374687343671836,1.0,Farrell frozen modules
zebrafish,HE1A,prechordal_plate,prechordal plate,9.0,True,109,0.39252938779816515,0.24770642201834864,0.9135,0.8595,1601,1997,0.19959979989995003,0.0015007503751875984,396,0.19809904952476243,2.0,Farrell frozen modules
zebrafish,HE1B,prechordal_plate,prechordal plate,9.0,True,109,0.20849537944954127,0.1559633027522936,0.8635,0.79675,46,1998,0.9774887443721861,0.0010005002501251026,1952,0.976488244122061,0.0,Farrell frozen modules
zebrafish,HE1B,prechordal_plate,prechordal plate,9.0,True,109,0.20849537944954127,0.1559633027522936,0.8635,0.79675,272,1954,0.864432216108054,0.02301150575287647,1682,0.8414207103551775,1.0,Farrell frozen modules
zebrafish,HE1B,prechordal_plate,prechordal plate,9.0,True,109,0.20849537944954127,0.1559633027522936,0.8635,0.79675,1762,1956,0.11905952976488243,0.02201100550275137,194,0.09704852426213106,2.0,Farrell frozen modules
zebrafish,ID3,prechordal_plate,prechordal plate,9.0,True,109,2.2254416980733946,0.981651376146789,0.988,0.98925,9,24,0.9959979989994997,0.9884942471235618,15,0.007503751875937881,0.0,Farrell frozen modules
zebrafish,ID3,prechordal_plate,prechordal plate,9.0,True,109,2.2254416980733946,0.981651376146789,0.988,0.98925,12,21,0.9944972486243121,0.9899949974987494,9,0.004502251125562684,1.0,Farrell frozen modules
zebrafish,ID3,prechordal_plate,prechordal plate,9.0,True,109,2.2254416980733946,0.981651376146789,0.988,0.98925,10,31,0.9954977488744372,0.984992496248124,21,0.010505252626313188,2.0,Farrell frozen modules
zebrafish,KRT18,prechordal_plate,prechordal plate,9.0,True,109,2.309328432385321,0.9174311926605505,0.989,0.98025,16,54,0.992496248124062,0.9734867433716858,38,0.019009504752376172,0.0,Farrell frozen modules
zebrafish,KRT18,prechordal_plate,prechordal plate,9.0,True,109,2.309328432385321,0.9174311926605505,0.989,0.98025,4,63,0.9984992496248124,0.968984492246123,59,0.02951475737868936,1.0,Farrell frozen modules
zebrafish,KRT18,prechordal_plate,prechordal plate,9.0,True,109,2.309328432385321,0.9174311926605505,0.989,0.98025,4,63,0.9984992496248124,0.968984492246123,59,0.02951475737868936,2.0,Farrell frozen modules
zebrafish,LRRC59,prechordal_plate,prechordal plate,9.0,True,109,1.5772453783486238,0.9541284403669725,0.9805,0.986,69,1804,0.9659829914957478,0.09804902451225617,1735,0.8679339669834917,0.0,Farrell frozen modules
zebrafish,LRRC59,prechordal_plate,prechordal plate,9.0,True,109,1.5772453783486238,0.9541284403669725,0.9805,0.986,110,390,0.9454727363681841,0.8054027013506754,280,0.1400700350175087,1.0,Farrell frozen modules
zebrafish,LRRC59,prechordal_plate,prechordal plate,9.0,True,109,1.5772453783486238,0.9541284403669725,0.9805,0.986,162,331,0.9194597298649325,0.8349174587293646,169,0.08454227113556789,2.0,Farrell frozen modules
zebrafish,PITX2,prechordal_plate,prechordal plate,9.0,True,109,1.1600483458715596,0.8715596330275229,0.9725,0.97575,7,23,0.9969984992496248,0.9889944972486243,16,0.008004002001000488,0.0,Farrell frozen modules
zebrafish,PITX2,prechordal_plate,prechordal plate,9.0,True,109,1.1600483458715596,0.8715596330275229,0.9725,0.97575,9,13,0.9959979989994997,0.9939969984992496,4,0.002001000500250094,1.0,Farrell frozen modules
zebrafish,PITX2,prechordal_plate,prechordal plate,9.0,True,109,1.1600483458715596,0.8715596330275229,0.9725,0.97575,12,12,0.9944972486243121,0.9944972486243121,0,0.0,2.0,Farrell frozen modules
zebrafish,RRBP1B,prechordal_plate,prechordal plate,9.0,True,109,2.6847941880733943,0.9908256880733946,0.9945,0.99125,2,63,0.9994997498749375,0.968984492246123,61,0.030515257628814463,0.0,Farrell frozen modules
zebrafish,RRBP1B,prechordal_plate,prechordal plate,9.0,True,109,2.6847941880733943,0.9908256880733946,0.9945,0.99125,6,39,0.9974987493746873,0.9809904952476238,33,0.01650825412706347,1.0,Farrell frozen modules
zebrafish,RRBP1B,prechordal_plate,prechordal plate,9.0,True,109,2.6847941880733943,0.9908256880733946,0.9945,0.99125,5,34,0.9979989994997499,0.9834917458729364,29,0.014507253626813488,2.0,Farrell frozen modules
zebrafish,SI:DKEY-239J18.2,prechordal_plate,prechordal plate,9.0,True,109,0.8761676586238534,0.6238532110091743,0.9575,0.94025,75,1979,0.9629814907453726,0.010505252626313188,1904,0.9524762381190595,0.0,Farrell frozen modules
zebrafish,SI:DKEY-239J18.2,prechordal_plate,prechordal plate,9.0,True,109,0.8761676586238534,0.6238532110091743,0.9575,0.94025,338,1915,0.8314157078539269,0.04252126063031514,1577,0.7888944472236118,1.0,Farrell frozen modules
zebrafish,SI:DKEY-239J18.2,prechordal_plate,prechordal plate,9.0,True,109,0.8761676586238534,0.6238532110091743,0.9575,0.94025,501,1961,0.7498749374687343,0.019509754877438668,1460,0.7303651825912957,2.0,Farrell frozen modules
zebrafish,SI:DKEY-239J18.3,prechordal_plate,prechordal plate,9.0,True,109,0.26124016871559635,0.29357798165137616,0.882,0.87225,1481,1994,0.25962981490745374,0.0030015007503751967,513,0.25662831415707854,0.0,Farrell frozen modules
zebrafish,SI:DKEY-239J18.3,prechordal_plate,prechordal plate,9.0,True,109,0.26124016871559635,0.29357798165137616,0.882,0.87225,1785,1992,0.10755377688844425,0.004002001000500299,207,0.10355177588794395,1.0,Farrell frozen modules
zebrafish,SI:DKEY-239J18.3,prechordal_plate,prechordal plate,9.0,True,109,0.26124016871559635,0.29357798165137616,0.882,0.87225,1849,1991,0.07553776888444219,0.004502251125562795,142,0.0710355177588794,2.0,Farrell frozen modules
zebrafish,SI:DKEY-269I1.3,prechordal_plate,prechordal plate,9.0,True,109,0.8827083886238533,0.5688073394495413,0.958,0.933,215,1997,0.8929464732366184,0.0015007503751875984,1782,0.8914457228614308,0.0,Farrell frozen modules
zebrafish,SI:DKEY-269I1.3,prechordal_plate,prechordal plate,9.0,True,109,0.8827083886238533,0.5688073394495413,0.958,0.933,333,1994,0.8339169584792396,0.0030015007503751967,1661,0.8309154577288644,1.0,Farrell frozen modules
zebrafish,SI:DKEY-269I1.3,prechordal_plate,prechordal plate,9.0,True,109,0.8827083886238533,0.5688073394495413,0.958,0.933,1020,1998,0.4902451225612806,0.0010005002501251026,978,0.4892446223111555,2.0,Farrell frozen modules
zebrafish,SI:DKEY-26G8.5,prechordal_plate,prechordal plate,9.0,True,109,1.1039637920183485,0.6697247706422018,0.97,0.9485,76,1963,0.9624812406203102,0.018509254627313676,1887,0.9439719859929965,0.0,Farrell frozen modules
zebrafish,SI:DKEY-26G8.5,prechordal_plate,prechordal plate,9.0,True,109,1.1039637920183485,0.6697247706422018,0.97,0.9485,606,1279,0.6973486743371686,0.360680340170085,673,0.33666833416708364,1.0,Farrell frozen modules
zebrafish,SI:DKEY-26G8.5,prechordal_plate,prechordal plate,9.0,True,109,1.1039637920183485,0.6697247706422018,0.97,0.9485,1570,1927,0.2151075537768884,0.036518259129564745,357,0.17858929464732365,2.0,Farrell frozen modules
zebrafish,TRAM1,prechordal_plate,prechordal plate,9.0,True,109,2.6714744316513763,0.9908256880733946,0.994,0.99125,17,930,0.9919959979989995,0.5352676338169085,913,0.45672836418209106,0.0,Farrell frozen modules
zebrafish,TRAM1,prechordal_plate,prechordal plate,9.0,True,109,2.6714744316513763,0.9908256880733946,0.994,0.99125,17,95,0.9919959979989995,0.9529764882441221,78,0.039019509754877446,1.0,Farrell frozen modules
zebrafish,TRAM1,prechordal_plate,prechordal plate,9.0,True,109,2.6714744316513763,0.9908256880733946,0.994,0.99125,18,159,0.991495747873937,0.9209604802401201,141,0.0705352676338169,2.0,Farrell frozen modules
zebrafish,XBP1,prechordal_plate,prechordal plate,9.0,True,109,3.3592602587155964,1.0,1.0,0.99625,8,71,0.9964982491245623,0.9649824912456229,63,0.031515757878939454,0.0,Farrell frozen modules
zebrafish,XBP1,prechordal_plate,prechordal plate,9.0,True,109,3.3592602587155964,1.0,1.0,0.99625,7,96,0.9969984992496248,0.9524762381190596,89,0.04452226113056523,1.0,Farrell frozen modules
zebrafish,XBP1,prechordal_plate,prechordal plate,9.0,True,109,3.3592602587155964,1.0,1.0,0.99625,7,102,0.9969984992496248,0.9494747373686844,95,0.04752376188094043,2.0,Farrell frozen modules
zebrafish,ZGC:174153,prechordal_plate,prechordal plate,9.0,True,109,3.09507890293578,0.8715596330275229,0.9985,0.97575,49,1917,0.9759879939969985,0.04152076038019015,1868,0.9344672336168084,0.0,Farrell frozen modules
zebrafish,ZGC:174153,prechordal_plate,prechordal plate,9.0,True,109,3.09507890293578,0.8715596330275229,0.9985,0.97575,56,1373,0.9724862431215607,0.31365682841420706,1317,0.6588294147073537,1.0,Farrell frozen modules
zebrafish,ZGC:174153,prechordal_plate,prechordal plate,9.0,True,109,3.09507890293578,0.8715596330275229,0.9985,0.97575,55,1986,0.9729864932466233,0.007003501750875385,1931,0.965982991495748,2.0,Farrell frozen modules
zebrafish,ZGC:174855,prechordal_plate,prechordal plate,9.0,True,109,2.368997854954128,0.8348623853211009,0.9895,0.97125,61,1985,0.9699849924962481,0.007503751875937992,1924,0.9624812406203102,0.0,Farrell frozen modules
zebrafish,ZGC:174855,prechordal_plate,prechordal plate,9.0,True,109,2.368997854954128,0.8348623853211009,0.9895,0.97125,99,1918,0.950975487743872,0.04102051025512754,1819,0.9099549774887444,1.0,Farrell frozen modules
zebrafish,ZGC:174855,prechordal_plate,prechordal plate,9.0,True,109,2.368997854954128,0.8348623853211009,0.9895,0.97125,101,1990,0.9499749874937469,0.005002501250625291,1889,0.9449724862431216,2.0,Farrell frozen modules
zebrafish,ALDH1A2,somites,somites,7.0,True,55,1.0920041772727271,0.7272727272727273,0.9705,0.96375,22,54,0.9894947473736868,0.9734867433716858,32,0.016008004002000975,0.0,Farrell frozen modules
zebrafish,ALDH1A2,somites,somites,7.0,True,55,1.0920041772727271,0.7272727272727273,0.9705,0.96375,21,71,0.9899949974987494,0.9649824912456229,50,0.025012506253126565,1.0,Farrell frozen modules
zebrafish,ALDH1A2,somites,somites,7.0,True,55,1.0920041772727271,0.7272727272727273,0.9705,0.96375,34,77,0.9834917458729364,0.9619809904952477,43,0.02151075537768876,2.0,Farrell frozen modules
zebrafish,ANGPTL7,somites,somites,7.0,True,55,0.0,0.0,0.2755,0.2755,225,135,0.887943971985993,0.9329664832416208,-90,-0.04502251125562784,0.0,Farrell frozen modules
zebrafish,ANGPTL7,somites,somites,7.0,True,55,0.0,0.0,0.2755,0.2755,284,140,0.8584292146073036,0.9304652326163082,-144,-0.07203601800900461,1.0,Farrell frozen modules
zebrafish,ANGPTL7,somites,somites,7.0,True,55,0.0,0.0,0.2755,0.2755,247,124,0.8769384692346173,0.9384692346173087,-123,-0.06153076538269142,2.0,Farrell frozen modules
zebrafish,ARL4AA,somites,somites,7.0,True,55,0.0907519290909091,0.09090909090909091,0.7805,0.7615,180,91,0.9104552276138069,0.9549774887443722,-89,-0.04452226113056523,0.0,Farrell frozen modules
zebrafish,ARL4AA,somites,somites,7.0,True,55,0.0907519290909091,0.09090909090909091,0.7805,0.7615,126,81,0.9374687343671836,0.9599799899949975,-45,-0.022511255627813864,1.0,Farrell frozen modules
zebrafish,ARL4AA,somites,somites,7.0,True,55,0.0907519290909091,0.09090909090909091,0.7805,0.7615,153,74,0.9239619809904952,0.9634817408704353,-79,-0.03951975987994005,2.0,Farrell frozen modules
zebrafish,ASPH,somites,somites,7.0,True,55,1.1616262967272726,0.7636363636363637,0.974,0.9685,9,12,0.9959979989994997,0.9944972486243121,3,0.0015007503751875984,0.0,Farrell frozen modules
zebrafish,ASPH,somites,somites,7.0,True,55,1.1616262967272726,0.7636363636363637,0.974,0.9685,3,11,0.9989994997498749,0.9949974987493747,8,0.004002001000500188,1.0,Farrell frozen modules
zebrafish,ASPH,somites,somites,7.0,True,55,1.1616262967272726,0.7636363636363637,0.974,0.9685,7,10,0.9969984992496248,0.9954977488744372,3,0.0015007503751875984,2.0,Farrell frozen modules
zebrafish,BTG2,somites,somites,7.0,True,55,0.4888303865454546,0.5272727272727272,0.923,0.9375,187,1182,0.9069534767383691,0.4092046023011505,995,0.4977488744372186,0.0,Farrell frozen modules
zebrafish,BTG2,somites,somites,7.0,True,55,0.4888303865454546,0.5272727272727272,0.923,0.9375,125,325,0.9379689844922461,0.8379189594797398,200,0.10005002501250626,1.0,Farrell frozen modules
zebrafish,BTG2,somites,somites,7.0,True,55,0.4888303865454546,0.5272727272727272,0.923,0.9375,165,177,0.9179589794897449,0.9119559779889945,12,0.006003001500750393,2.0,Farrell frozen modules
zebrafish,CPN1,somites,somites,7.0,True,55,0.1647997109090909,0.2,0.8335,0.84125,265,140,0.8679339669834918,0.9304652326163082,-125,-0.06253126563281641,0.0,Farrell frozen modules
zebrafish,CPN1,somites,somites,7.0,True,55,0.1647997109090909,0.2,0.8335,0.84125,182,144,0.9094547273636818,0.928464232116058,-38,-0.019009504752376172,1.0,Farrell frozen modules
zebrafish,CPN1,somites,somites,7.0,True,55,0.1647997109090909,0.2,0.8335,0.84125,222,129,0.8894447223611806,0.935967983991996,-93,-0.04652326163081544,2.0,Farrell frozen modules
zebrafish,CX43.4,somites,somites,7.0,True,55,2.5860789163636366,1.0,0.9945,0.997,13,11,0.9939969984992496,0.9949974987493747,-2,-0.0010005002501251026,0.0,Farrell frozen modules
zebrafish,CX43.4,somites,somites,7.0,True,55,2.5860789163636366,1.0,0.9945,0.997,12,9,0.9944972486243121,0.9959979989994997,-3,-0.0015007503751875984,1.0,Farrell frozen modules
zebrafish,CX43.4,somites,somites,7.0,True,55,2.5860789163636366,1.0,0.9945,0.997,8,7,0.9964982491245623,0.9969984992496248,-1,-0.0005002501250624958,2.0,Farrell frozen modules
zebrafish,DMRT2A,somites,somites,7.0,True,55,0.0,0.0,0.2755,0.2755,402,343,0.799399699849925,0.8289144572286143,-59,-0.02951475737868936,0.0,Farrell frozen modules
zebrafish,DMRT2A,somites,somites,7.0,True,55,0.0,0.0,0.2755,0.2755,477,311,0.7618809404702351,0.8449224612306153,-166,-0.08304152076038018,1.0,Farrell frozen modules
zebrafish,DMRT2A,somites,somites,7.0,True,55,0.0,0.0,0.2755,0.2755,442,378,0.7793896948474237,0.8114057028514257,-64,-0.03201600800400195,2.0,Farrell frozen modules
zebrafish,EFEMP2B,somites,somites,7.0,True,55,0.48977928709090907,0.4727272727272727,0.9235,0.92775,17,16,0.9919959979989995,0.992496248124062,-1,-0.0005002501250624958,0.0,Farrell frozen modules
zebrafish,EFEMP2B,somites,somites,7.0,True,55,0.48977928709090907,0.4727272727272727,0.9235,0.92775,10,16,0.9954977488744372,0.992496248124062,6,0.0030015007503751967,1.0,Farrell frozen modules
zebrafish,EFEMP2B,somites,somites,7.0,True,55,0.48977928709090907,0.4727272727272727,0.9235,0.92775,16,14,0.992496248124062,0.9934967483741871,-2,-0.0010005002501251026,2.0,Farrell frozen modules
zebrafish,EMP2,somites,somites,7.0,True,55,0.011876758181818181,0.01818181818181818,0.5815,0.60025,556,357,0.7223611805902952,0.8219109554777388,-199,-0.09954977488744365,0.0,Farrell frozen modules
zebrafish,EMP2,somites,somites,7.0,True,55,0.011876758181818181,0.01818181818181818,0.5815,0.60025,482,421,0.7593796898449224,0.7898949474737369,-61,-0.030515257628814463,1.0,Farrell frozen modules
zebrafish,EMP2,somites,somites,7.0,True,55,0.011876758181818181,0.01818181818181818,0.5815,0.60025,543,444,0.728864432216108,0.7783891945972987,-99,-0.049524762381190746,2.0,Farrell frozen modules
zebrafish,FN1B,somites,somites,7.0,True,55,0.06832211272727273,0.09090909090909091,0.753,0.7615,86,64,0.9574787393696849,0.9684842421210605,-22,-0.011005502751375684,0.0,Farrell frozen modules
zebrafish,FN1B,somites,somites,7.0,True,55,0.06832211272727273,0.09090909090909091,0.753,0.7615,81,70,0.9599799899949975,0.9654827413706853,-11,-0.005502751375687898,1.0,Farrell frozen modules
zebrafish,FN1B,somites,somites,7.0,True,55,0.06832211272727273,0.09090909090909091,0.753,0.7615,92,61,0.9544772386193097,0.9699849924962481,-31,-0.01550775387693848,2.0,Farrell frozen modules
zebrafish,FSTL1A,somites,somites,7.0,True,55,0.04955049454545455,0.05454545454545454,0.718,0.712,1007,624,0.4967483741870935,0.688344172086043,-383,-0.19159579789894954,0.0,Farrell frozen modules
zebrafish,FSTL1A,somites,somites,7.0,True,55,0.04955049454545455,0.05454545454545454,0.718,0.712,624,773,0.688344172086043,0.6138069034517258,149,0.0745372686343172,1.0,Farrell frozen modules
zebrafish,FSTL1A,somites,somites,7.0,True,55,0.04955049454545455,0.05454545454545454,0.718,0.712,1329,926,0.3356678339169584,0.5372686343171587,-403,-0.20160080040020023,2.0,Farrell frozen modules
zebrafish,HER1,somites,somites,7.0,True,55,0.619644968,0.5272727272727272,0.9405,0.9375,21,66,0.9899949974987494,0.9674837418709354,45,0.022511255627813975,0.0,Farrell frozen modules
zebrafish,HER1,somites,somites,7.0,True,55,0.619644968,0.5272727272727272,0.9405,0.9375,37,88,0.9819909954977488,0.9564782391195598,51,0.02551275637818906,1.0,Farrell frozen modules
zebrafish,HER1,somites,somites,7.0,True,55,0.619644968,0.5272727272727272,0.9405,0.9375,39,49,0.9809904952476238,0.9759879939969985,10,0.005002501250625291,2.0,Farrell frozen modules
zebrafish,HES6,somites,somites,7.0,True,55,1.566123166909091,0.8363636363636363,0.985,0.9775,5,4,0.9979989994997499,0.9984992496248124,-1,-0.0005002501250624958,0.0,Farrell frozen modules
zebrafish,HES6,somites,somites,7.0,True,55,1.566123166909091,0.8363636363636363,0.985,0.9775,5,4,0.9979989994997499,0.9984992496248124,-1,-0.0005002501250624958,1.0,Farrell frozen modules
zebrafish,HES6,somites,somites,7.0,True,55,1.566123166909091,0.8363636363636363,0.985,0.9775,5,4,0.9979989994997499,0.9984992496248124,-1,-0.0005002501250624958,2.0,Farrell frozen modules
zebrafish,HOXB7A,somites,somites,7.0,True,55,0.0,0.0,0.2755,0.2755,109,21,0.9459729864932467,0.9899949974987494,-88,-0.04402201100550274,0.0,Farrell frozen modules
zebrafish,HOXB7A,somites,somites,7.0,True,55,0.0,0.0,0.2755,0.2755,71,25,0.9649824912456229,0.9879939969984992,-46,-0.02301150575287636,1.0,Farrell frozen modules
zebrafish,HOXB7A,somites,somites,7.0,True,55,0.0,0.0,0.2755,0.2755,75,28,0.9629814907453726,0.9864932466233116,-47,-0.023511755877938967,2.0,Farrell frozen modules
zebrafish,ID1,somites,somites,7.0,True,55,1.5253511563636364,0.8363636363636363,0.984,0.9775,8,15,0.9964982491245623,0.9929964982491246,7,0.0035017508754376925,0.0,Farrell frozen modules
zebrafish,ID1,somites,somites,7.0,True,55,1.5253511563636364,0.8363636363636363,0.984,0.9775,15,8,0.9929964982491246,0.9964982491245623,-7,-0.0035017508754376925,1.0,Farrell frozen modules
zebrafish,ID1,somites,somites,7.0,True,55,1.5253511563636364,0.8363636363636363,0.984,0.9775,13,8,0.9939969984992496,0.9964982491245623,-5,-0.002501250625312701,2.0,Farrell frozen modules
zebrafish,KAZALD2,somites,somites,7.0,True,55,0.04297847090909091,0.07272727272727272,0.708,0.739,399,107,0.8009004502251126,0.9469734867433717,-292,-0.1460730365182591,0.0,Farrell frozen modules
zebrafish,KAZALD2,somites,somites,7.0,True,55,0.04297847090909091,0.07272727272727272,0.708,0.739,319,100,0.840920460230115,0.9504752376188094,-219,-0.10955477738869435,1.0,Farrell frozen modules
zebrafish,KAZALD2,somites,somites,7.0,True,55,0.04297847090909091,0.07272727272727272,0.708,0.739,274,108,0.863431715857929,0.9464732366183092,-166,-0.08304152076038018,2.0,Farrell frozen modules
zebrafish,MDKA,somites,somites,7.0,True,55,0.04876098472727273,0.07272727272727272,0.7165,0.739,1858,1680,0.0710355177588794,0.16008004002000997,-178,-0.08904452226113058,0.0,Farrell frozen modules
zebrafish,MDKA,somites,somites,7.0,True,55,0.04876098472727273,0.07272727272727272,0.7165,0.739,1863,1735,0.0685342671335668,0.13256628314157082,-128,-0.06403201600800401,1.0,Farrell frozen modules
zebrafish,MDKA,somites,somites,7.0,True,55,0.04876098472727273,0.07272727272727272,0.7165,0.739,1843,1626,0.07853926963481739,0.18709354677338674,-217,-0.10855427713856936,2.0,Farrell frozen modules
zebrafish,MEOX1,somites,somites,7.0,True,55,0.0121834,0.01818181818181818,0.58525,0.60025,120,34,0.9404702351175588,0.9834917458729364,-86,-0.043021510755377634,0.0,Farrell frozen modules
zebrafish,MEOX1,somites,somites,7.0,True,55,0.0121834,0.01818181818181818,0.58525,0.60025,84,34,0.9584792396198099,0.9834917458729364,-50,-0.025012506253126565,1.0,Farrell frozen modules
zebrafish,MEOX1,somites,somites,7.0,True,55,0.0121834,0.01818181818181818,0.58525,0.60025,108,44,0.9464732366183092,0.9784892446223111,-64,-0.03201600800400195,2.0,Farrell frozen modules
zebrafish,MYF5,somites,somites,7.0,True,55,0.34090528309090906,0.3090909090909091,0.899,0.89075,54,23,0.9734867433716858,0.9889944972486243,-31,-0.01550775387693848,0.0,Farrell frozen modules
zebrafish,MYF5,somites,somites,7.0,True,55,0.34090528309090906,0.3090909090909091,0.899,0.89075,29,22,0.9859929964982491,0.9894947473736868,-7,-0.0035017508754376925,1.0,Farrell frozen modules
zebrafish,MYF5,somites,somites,7.0,True,55,0.34090528309090906,0.3090909090909091,0.899,0.89075,50,24,0.9754877438719359,0.9884942471235618,-26,-0.01300650325162589,2.0,Farrell frozen modules
zebrafish,NID2A,somites,somites,7.0,True,55,0.5037810147272728,0.43636363636363634,0.9255,0.92125,29,20,0.9859929964982491,0.9904952476238119,-9,-0.004502251125562795,0.0,Farrell frozen modules
zebrafish,NID2A,somites,somites,7.0,True,55,0.5037810147272728,0.43636363636363634,0.9255,0.92125,24,21,0.9884942471235618,0.9899949974987494,-3,-0.0015007503751875984,1.0,Farrell frozen modules
zebrafish,NID2A,somites,somites,7.0,True,55,0.5037810147272728,0.43636363636363634,0.9255,0.92125,24,17,0.9884942471235618,0.9919959979989995,-7,-0.0035017508754376925,2.0,Farrell frozen modules
zebrafish,NR2F5,somites,somites,7.0,True,55,0.0,0.0,0.2755,0.2755,219,158,0.8909454727363681,0.9214607303651826,-61,-0.030515257628814463,0.0,Farrell frozen modules
zebrafish,NR2F5,somites,somites,7.0,True,55,0.0,0.0,0.2755,0.2755,236,167,0.8824412206103052,0.9169584792396198,-69,-0.03451725862931465,1.0,Farrell frozen modules
zebrafish,NR2F5,somites,somites,7.0,True,55,0.0,0.0,0.2755,0.2755,237,183,0.8819409704852426,0.9089544772386193,-54,-0.02701350675337677,2.0,Farrell frozen modules
zebrafish,PCDH8,somites,somites,7.0,True,55,0.7303276967272726,0.6181818181818182,0.9515,0.95025,36,1095,0.9824912456228114,0.45272636318159076,1059,0.5297648824412207,0.0,Farrell frozen modules
zebrafish,PCDH8,somites,somites,7.0,True,55,0.7303276967272726,0.6181818181818182,0.9515,0.95025,49,1602,0.9759879939969985,0.19909954977488742,1553,0.7768884442221111,1.0,Farrell frozen modules
zebrafish,PCDH8,somites,somites,7.0,True,55,0.7303276967272726,0.6181818181818182,0.9515,0.95025,55,1008,0.9729864932466233,0.496248124062031,953,0.47673836918459234,2.0,Farrell frozen modules
zebrafish,PLP2,somites,somites,7.0,True,55,0.06404415454545455,0.05454545454545454,0.747,0.712,95,35,0.9529764882441221,0.9829914957478739,-60,-0.030015007503751856,0.0,Farrell frozen modules
zebrafish,PLP2,somites,somites,7.0,True,55,0.06404415454545455,0.05454545454545454,0.747,0.712,79,36,0.9609804902451226,0.9824912456228114,-43,-0.021510755377688873,1.0,Farrell frozen modules
zebrafish,PLP2,somites,somites,7.0,True,55,0.06404415454545455,0.05454545454545454,0.747,0.712,95,40,0.9529764882441221,0.9804902451225613,-55,-0.027513756878439266,2.0,Farrell frozen modules
zebrafish,RIPPLY1,somites,somites,7.0,True,55,0.3992843774545454,0.2909090909090909,0.9095,0.88375,170,214,0.9154577288644322,0.8934467233616809,44,0.02201100550275137,0.0,Farrell frozen modules
zebrafish,RIPPLY1,somites,somites,7.0,True,55,0.3992843774545454,0.2909090909090909,0.9095,0.88375,80,197,0.9604802401200601,0.9019509754877438,117,0.058529264632316225,1.0,Farrell frozen modules
zebrafish,RIPPLY1,somites,somites,7.0,True,55,0.3992843774545454,0.2909090909090909,0.9095,0.88375,146,164,0.927463731865933,0.9184592296148074,18,0.00900450225112559,2.0,Farrell frozen modules
zebrafish,RIPPLY2,somites,somites,7.0,True,55,0.18008097254545455,0.21818181818181817,0.843,0.854,117,388,0.9419709854927464,0.8064032016008004,271,0.13556778389194601,0.0,Farrell frozen modules
zebrafish,RIPPLY2,somites,somites,7.0,True,55,0.18008097254545455,0.21818181818181817,0.843,0.854,133,252,0.9339669834917459,0.8744372186093047,119,0.059529764882441216,1.0,Farrell frozen modules
zebrafish,RIPPLY2,somites,somites,7.0,True,55,0.18008097254545455,0.21818181818181817,0.843,0.854,171,105,0.9149574787393697,0.9479739869934968,-66,-0.03301650825412705,2.0,Farrell frozen modules
zebrafish,SERPINH1B,somites,somites,7.0,True,55,0.5244192998181818,0.4727272727272727,0.9295,0.92775,15,33,0.9929964982491246,0.983991995997999,18,0.00900450225112559,0.0,Farrell frozen modules
zebrafish,SERPINH1B,somites,somites,7.0,True,55,0.5244192998181818,0.4727272727272727,0.9295,0.92775,17,23,0.9919959979989995,0.9889944972486243,6,0.0030015007503751967,1.0,Farrell frozen modules
zebrafish,SERPINH1B,somites,somites,7.0,True,55,0.5244192998181818,0.4727272727272727,0.9295,0.92775,14,19,0.9934967483741871,0.9909954977488744,5,0.002501250625312701,2.0,Farrell frozen modules
zebrafish,SI:DKEY-11C5.14,somites,somites,7.0,True,55,0.0,0.0,0.2755,0.2755,177,52,0.9119559779889945,0.9744872436218109,-125,-0.06253126563281641,0.0,Farrell frozen modules
zebrafish,SI:DKEY-11C5.14,somites,somites,7.0,True,55,0.0,0.0,0.2755,0.2755,156,56,0.9224612306153077,0.9724862431215607,-100,-0.05002501250625302,1.0,Farrell frozen modules
zebrafish,SI:DKEY-11C5.14,somites,somites,7.0,True,55,0.0,0.0,0.2755,0.2755,164,60,0.9184592296148074,0.9704852426213106,-104,-0.052026013006503224,2.0,Farrell frozen modules
zebrafish,TBX6,somites,somites,7.0,True,55,0.09166610909090908,0.10909090909090909,0.7815,0.78275,165,72,0.9179589794897449,0.9644822411205602,-93,-0.04652326163081533,0.0,Farrell frozen modules
zebrafish,TBX6,somites,somites,7.0,True,55,0.09166610909090908,0.10909090909090909,0.7815,0.78275,101,64,0.9499749874937469,0.9684842421210605,-37,-0.018509254627313676,1.0,Farrell frozen modules
zebrafish,TBX6,somites,somites,7.0,True,55,0.09166610909090908,0.10909090909090909,0.7815,0.78275,180,65,0.9104552276138069,0.967983991995998,-115,-0.05752876438219112,2.0,Farrell frozen modules
zebrafish,TCF15,somites,somites,7.0,True,55,0.013210821090909092,0.01818181818181818,0.6025,0.60025,133,25,0.9339669834917459,0.9879939969984992,-108,-0.05402701350675332,0.0,Farrell frozen modules
zebrafish,TCF15,somites,somites,7.0,True,55,0.013210821090909092,0.01818181818181818,0.6025,0.60025,83,31,0.9589794897448725,0.984992496248124,-52,-0.026013006503251557,1.0,Farrell frozen modules
zebrafish,TCF15,somites,somites,7.0,True,55,0.013210821090909092,0.01818181818181818,0.6025,0.60025,111,35,0.9449724862431216,0.9829914957478739,-76,-0.038019009504752344,2.0,Farrell frozen modules
zebrafish,TGFBI,somites,somites,7.0,True,55,0.0,0.0,0.2755,0.2755,530,461,0.735367683841921,0.7698849424712356,-69,-0.03451725862931465,0.0,Farrell frozen modules
zebrafish,TGFBI,somites,somites,7.0,True,55,0.0,0.0,0.2755,0.2755,578,551,0.7113556778389194,0.7248624312156078,-27,-0.013506753376688385,1.0,Farrell frozen modules
zebrafish,TGFBI,somites,somites,7.0,True,55,0.0,0.0,0.2755,0.2755,738,412,0.6313156578289145,0.7943971985992997,-326,-0.16308154077038517,2.0,Farrell frozen modules
zebrafish,TUBA8L2,somites,somites,7.0,True,55,0.42327408218181817,0.43636363636363634,0.9145,0.92125,28,18,0.9864932466233116,0.991495747873937,-10,-0.005002501250625402,0.0,Farrell frozen modules
zebrafish,TUBA8L2,somites,somites,7.0,True,55,0.42327408218181817,0.43636363636363634,0.9145,0.92125,22,19,0.9894947473736868,0.9909954977488744,-3,-0.0015007503751875984,1.0,Farrell frozen modules
zebrafish,TUBA8L2,somites,somites,7.0,True,55,0.42327408218181817,0.43636363636363634,0.9145,0.92125,26,16,0.9874937468734367,0.992496248124062,-10,-0.005002501250625291,2.0,Farrell frozen modules
zebrafish,ZFAND5A,somites,somites,7.0,True,55,0.6900639094545454,0.6727272727272727,0.9475,0.95675,31,60,0.984992496248124,0.9704852426213106,29,0.014507253626813377,0.0,Farrell frozen modules
zebrafish,ZFAND5A,somites,somites,7.0,True,55,0.6900639094545454,0.6727272727272727,0.9475,0.95675,43,49,0.9789894947473737,0.9759879939969985,6,0.0030015007503751967,1.0,Farrell frozen modules
zebrafish,ZFAND5A,somites,somites,7.0,True,55,0.6900639094545454,0.6727272727272727,0.9475,0.95675,46,37,0.9774887443721861,0.9819909954977488,-9,-0.004502251125562684,2.0,Farrell frozen modules
zebrafish,ZIC3,somites,somites,7.0,True,55,0.46103094636363634,0.41818181818181815,0.919,0.916,162,137,0.9194597298649325,0.9319659829914957,-25,-0.012506253126563172,0.0,Farrell frozen modules
zebrafish,ZIC3,somites,somites,7.0,True,55,0.46103094636363634,0.41818181818181815,0.919,0.916,103,156,0.9489744872436218,0.9224612306153077,53,0.026513256628314052,1.0,Farrell frozen modules
zebrafish,ZIC3,somites,somites,7.0,True,55,0.46103094636363634,0.41818181818181815,0.919,0.916,177,314,0.9119559779889945,0.8434217108554277,137,0.0685342671335668,2.0,Farrell frozen modules
zebrafish,ALDH1A2,somites,somites,9.0,True,416,0.9730417442067307,0.6322115384615384,0.966,0.94875,156,1985,0.9224612306153077,0.007503751875937992,1829,0.9149574787393697,0.0,Farrell frozen modules
zebrafish,ALDH1A2,somites,somites,9.0,True,416,0.9730417442067307,0.6322115384615384,0.966,0.94875,187,1988,0.9069534767383691,0.006003001500750393,1801,0.9009504752376187,1.0,Farrell frozen modules
zebrafish,ALDH1A2,somites,somites,9.0,True,416,0.9730417442067307,0.6322115384615384,0.966,0.94875,145,1980,0.9279639819909955,0.010005002501250582,1835,0.9179589794897449,2.0,Farrell frozen modules
zebrafish,ANGPTL7,somites,somites,9.0,True,416,0.0722505176923077,0.07451923076923077,0.7595,0.74425,133,149,0.9339669834917459,0.9259629814907454,16,0.008004002001000488,0.0,Farrell frozen modules
zebrafish,ANGPTL7,somites,somites,9.0,True,416,0.0722505176923077,0.07451923076923077,0.7595,0.74425,137,99,0.9319659829914957,0.950975487743872,-38,-0.019009504752376283,1.0,Farrell frozen modules
zebrafish,ANGPTL7,somites,somites,9.0,True,416,0.0722505176923077,0.07451923076923077,0.7595,0.74425,133,133,0.9339669834917459,0.9339669834917459,0,0.0,2.0,Farrell frozen modules
zebrafish,ARL4AA,somites,somites,9.0,True,416,0.39286609504807696,0.3293269230769231,0.909,0.89425,70,1968,0.9654827413706853,0.016008004002000975,1898,0.9494747373686844,0.0,Farrell frozen modules
zebrafish,ARL4AA,somites,somites,9.0,True,416,0.39286609504807696,0.3293269230769231,0.909,0.89425,74,916,0.9634817408704353,0.5422711355677838,842,0.4212106053026514,1.0,Farrell frozen modules
zebrafish,ARL4AA,somites,somites,9.0,True,416,0.39286609504807696,0.3293269230769231,0.909,0.89425,65,339,0.967983991995998,0.8309154577288644,274,0.1370685342671336,2.0,Farrell frozen modules
zebrafish,ASPH,somites,somites,9.0,True,416,1.7849963069471155,0.90625,0.9895,0.988,8,178,0.9964982491245623,0.9114557278639319,170,0.08504252126063039,0.0,Farrell frozen modules
zebrafish,ASPH,somites,somites,9.0,True,416,1.7849963069471155,0.90625,0.9895,0.988,8,52,0.9964982491245623,0.9744872436218109,44,0.02201100550275137,1.0,Farrell frozen modules
zebrafish,ASPH,somites,somites,9.0,True,416,1.7849963069471155,0.90625,0.9895,0.988,7,32,0.9969984992496248,0.9844922461230615,25,0.012506253126563283,2.0,Farrell frozen modules
zebrafish,BTG2,somites,somites,9.0,True,416,0.6506578191346153,0.5600961538461539,0.941,0.94125,42,98,0.9794897448724362,0.9514757378689345,56,0.028014007003501762,0.0,Farrell frozen modules
zebrafish,BTG2,somites,somites,9.0,True,416,0.6506578191346153,0.5600961538461539,0.941,0.94125,38,20,0.9814907453726863,0.9904952476238119,-18,-0.00900450225112559,1.0,Farrell frozen modules
zebrafish,BTG2,somites,somites,9.0,True,416,0.6506578191346153,0.5600961538461539,0.941,0.94125,30,14,0.9854927463731866,0.9934967483741871,-16,-0.008004002001000488,2.0,Farrell frozen modules
zebrafish,CPN1,somites,somites,9.0,True,416,0.3436173292307692,0.2932692307692308,0.8955,0.8835,89,1940,0.9559779889944973,0.030015007503751856,1851,0.9259629814907454,0.0,Farrell frozen modules
zebrafish,CPN1,somites,somites,9.0,True,416,0.3436173292307692,0.2932692307692308,0.8955,0.8835,80,1929,0.9604802401200601,0.035517758879439754,1849,0.9249624812406203,1.0,Farrell frozen modules
zebrafish,CPN1,somites,somites,9.0,True,416,0.3436173292307692,0.2932692307692308,0.8955,0.8835,77,571,0.9619809904952477,0.7148574287143572,494,0.24712356178089045,2.0,Farrell frozen modules
zebrafish,CX43.4,somites,somites,9.0,True,416,2.6496860591346145,0.9927884615384616,0.9945,0.99575,86,33,0.9574787393696849,0.983991995997999,-53,-0.026513256628314164,0.0,Farrell frozen modules
zebrafish,CX43.4,somites,somites,9.0,True,416,2.6496860591346145,0.9927884615384616,0.9945,0.99575,77,83,0.9619809904952477,0.9589794897448725,6,0.0030015007503751967,1.0,Farrell frozen modules
zebrafish,CX43.4,somites,somites,9.0,True,416,2.6496860591346145,0.9927884615384616,0.9945,0.99575,80,104,0.9604802401200601,0.9484742371185593,24,0.012006003001500787,2.0,Farrell frozen modules
zebrafish,DMRT2A,somites,somites,9.0,True,416,0.012695298197115384,0.014423076923076924,0.5755,0.5675,179,1733,0.9109554777388694,0.1335667833916958,1554,0.7773886943471736,0.0,Farrell frozen modules
zebrafish,DMRT2A,somites,somites,9.0,True,416,0.012695298197115384,0.014423076923076924,0.5755,0.5675,183,114,0.9089544772386193,0.943471735867934,-69,-0.03451725862931465,1.0,Farrell frozen modules
zebrafish,DMRT2A,somites,somites,9.0,True,416,0.012695298197115384,0.014423076923076924,0.5755,0.5675,165,150,0.9179589794897449,0.9254627313656828,-15,-0.007503751875937881,2.0,Farrell frozen modules
zebrafish,EFEMP2B,somites,somites,9.0,True,416,1.2116528400721156,0.7884615384615384,0.9745,0.974,25,1983,0.9879939969984992,0.008504252126062983,1958,0.9794897448724362,0.0,Farrell frozen modules
zebrafish,EFEMP2B,somites,somites,9.0,True,416,1.2116528400721156,0.7884615384615384,0.9745,0.974,27,1935,0.9869934967483742,0.03251625812906456,1908,0.9544772386193097,1.0,Farrell frozen modules
zebrafish,EFEMP2B,somites,somites,9.0,True,416,1.2116528400721156,0.7884615384615384,0.9745,0.974,24,280,0.9884942471235618,0.8604302151075538,256,0.12806403201600802,2.0,Farrell frozen modules
zebrafish,EMP2,somites,somites,9.0,True,416,0.037327328124999996,0.052884615384615384,0.6875,0.7005,259,963,0.870935467733867,0.5187593796898449,704,0.3521760880440221,0.0,Farrell frozen modules
zebrafish,EMP2,somites,somites,9.0,True,416,0.037327328124999996,0.052884615384615384,0.6875,0.7005,279,284,0.8609304652326163,0.8584292146073036,5,0.002501250625312701,1.0,Farrell frozen modules
zebrafish,EMP2,somites,somites,9.0,True,416,0.037327328124999996,0.052884615384615384,0.6875,0.7005,246,277,0.8774387193596799,0.8619309654827414,31,0.01550775387693848,2.0,Farrell frozen modules
zebrafish,FN1B,somites,somites,9.0,True,416,0.4646449885576923,0.44711538461538464,0.92,0.9215,19,49,0.9909954977488744,0.9759879939969985,30,0.015007503751875872,0.0,Farrell frozen modules
zebrafish,FN1B,somites,somites,9.0,True,416,0.4646449885576923,0.44711538461538464,0.92,0.9215,21,18,0.9899949974987494,0.991495747873937,-3,-0.0015007503751875984,1.0,Farrell frozen modules
zebrafish,FN1B,somites,somites,9.0,True,416,0.4646449885576923,0.44711538461538464,0.92,0.9215,18,19,0.991495747873937,0.9909954977488744,1,0.0005002501250626068,2.0,Farrell frozen modules
zebrafish,FSTL1A,somites,somites,9.0,True,416,0.1175772751923077,0.10336538461538461,0.8005,0.7775,107,1391,0.9469734867433717,0.3046523261630816,1284,0.6423211605802901,0.0,Farrell frozen modules
zebrafish,FSTL1A,somites,somites,9.0,True,416,0.1175772751923077,0.10336538461538461,0.8005,0.7775,102,239,0.9494747373686844,0.8809404702351176,137,0.0685342671335668,1.0,Farrell frozen modules
zebrafish,FSTL1A,somites,somites,9.0,True,416,0.1175772751923077,0.10336538461538461,0.8005,0.7775,94,185,0.9534767383691846,0.9079539769884942,91,0.045522761380690335,2.0,Farrell frozen modules
zebrafish,HER1,somites,somites,9.0,True,416,0.45676307983173076,0.36778846153846156,0.919,0.90425,75,1991,0.9629814907453726,0.004502251125562795,1916,0.9584792396198099,0.0,Farrell frozen modules
zebrafish,HER1,somites,somites,9.0,True,416,0.45676307983173076,0.36778846153846156,0.919,0.90425,105,1991,0.9479739869934968,0.004502251125562795,1886,0.943471735867934,1.0,Farrell frozen modules
zebrafish,HER1,somites,somites,9.0,True,416,0.45676307983173076,0.36778846153846156,0.919,0.90425,100,1990,0.9504752376188094,0.005002501250625291,1890,0.9454727363681841,2.0,Farrell frozen modules
zebrafish,HES6,somites,somites,9.0,True,416,1.7578569048076924,0.8605769230769231,0.989,0.98125,16,19,0.992496248124062,0.9909954977488744,3,0.0015007503751875984,0.0,Farrell frozen modules
zebrafish,HES6,somites,somites,9.0,True,416,1.7578569048076924,0.8605769230769231,0.989,0.98125,17,15,0.9919959979989995,0.9929964982491246,-2,-0.0010005002501251026,1.0,Farrell frozen modules
zebrafish,HES6,somites,somites,9.0,True,416,1.7578569048076924,0.8605769230769231,0.989,0.98125,16,21,0.992496248124062,0.9899949974987494,5,0.00250125062531259,2.0,Farrell frozen modules
zebrafish,HOXB7A,somites,somites,9.0,True,416,0.4584466456971154,0.37259615384615385,0.9195,0.9055,4,6,0.9984992496248124,0.9974987493746873,2,0.0010005002501251026,0.0,Farrell frozen modules
zebrafish,HOXB7A,somites,somites,9.0,True,416,0.4584466456971154,0.37259615384615385,0.9195,0.9055,4,2,0.9984992496248124,0.9994997498749375,-2,-0.0010005002501251026,1.0,Farrell frozen modules
zebrafish,HOXB7A,somites,somites,9.0,True,416,0.4584466456971154,0.37259615384615385,0.9195,0.9055,5,2,0.9979989994997499,0.9994997498749375,-3,-0.0015007503751875984,2.0,Farrell frozen modules
zebrafish,ID1,somites,somites,9.0,True,416,1.9577535368749999,0.9447115384615384,0.9905,0.9915,14,24,0.9934967483741871,0.9884942471235618,10,0.005002501250625291,0.0,Farrell frozen modules
zebrafish,ID1,somites,somites,9.0,True,416,1.9577535368749999,0.9447115384615384,0.9905,0.9915,14,33,0.9934967483741871,0.983991995997999,19,0.009504752376188086,1.0,Farrell frozen modules
zebrafish,ID1,somites,somites,9.0,True,416,1.9577535368749999,0.9447115384615384,0.9905,0.9915,15,48,0.9929964982491246,0.976488244122061,33,0.016508254127063582,2.0,Farrell frozen modules
zebrafish,KAZALD2,somites,somites,9.0,True,416,0.1367127656730769,0.13701923076923078,0.815,0.80725,171,606,0.9149574787393697,0.6973486743371686,435,0.2176088044022011,0.0,Farrell frozen modules
zebrafish,KAZALD2,somites,somites,9.0,True,416,0.1367127656730769,0.13701923076923078,0.815,0.80725,167,232,0.9169584792396198,0.8844422211105553,65,0.03251625812906456,1.0,Farrell frozen modules
zebrafish,KAZALD2,somites,somites,9.0,True,416,0.1367127656730769,0.13701923076923078,0.815,0.80725,157,211,0.9219609804902451,0.8949474737368684,54,0.02701350675337666,2.0,Farrell frozen modules
zebrafish,MDKA,somites,somites,9.0,True,416,0.14874299927884616,0.12259615384615384,0.8235,0.79525,63,73,0.968984492246123,0.9639819909954978,10,0.005002501250625291,0.0,Farrell frozen modules
zebrafish,MDKA,somites,somites,9.0,True,416,0.14874299927884616,0.12259615384615384,0.8235,0.79525,56,31,0.9724862431215607,0.984992496248124,-25,-0.012506253126563283,1.0,Farrell frozen modules
zebrafish,MDKA,somites,somites,9.0,True,416,0.14874299927884616,0.12259615384615384,0.8235,0.79525,58,24,0.9714857428714357,0.9884942471235618,-34,-0.017008504252126078,2.0,Farrell frozen modules
zebrafish,MEOX1,somites,somites,9.0,True,416,0.31204015247596156,0.21153846153846154,0.8895,0.849,7,46,0.9969984992496248,0.9774887443721861,39,0.019509754877438668,0.0,Farrell frozen modules
zebrafish,MEOX1,somites,somites,9.0,True,416,0.31204015247596156,0.21153846153846154,0.8895,0.849,5,4,0.9979989994997499,0.9984992496248124,-1,-0.0005002501250624958,1.0,Farrell frozen modules
zebrafish,MEOX1,somites,somites,9.0,True,416,0.31204015247596156,0.21153846153846154,0.8895,0.849,3,4,0.9989994997498749,0.9984992496248124,1,0.0005002501250624958,2.0,Farrell frozen modules
zebrafish,MYF5,somites,somites,9.0,True,416,0.6018163302403846,0.36538461538461536,0.9375,0.903,5,1811,0.9979989994997499,0.09454727363681836,1806,0.9034517258629315,0.0,Farrell frozen modules
zebrafish,MYF5,somites,somites,9.0,True,416,0.6018163302403846,0.36538461538461536,0.9375,0.903,9,19,0.9959979989994997,0.9909954977488744,10,0.005002501250625291,1.0,Farrell frozen modules
zebrafish,MYF5,somites,somites,9.0,True,416,0.6018163302403846,0.36538461538461536,0.9375,0.903,6,22,0.9974987493746873,0.9894947473736868,16,0.008004002001000488,2.0,Farrell frozen modules
zebrafish,NID2A,somites,somites,9.0,True,416,0.9256008145673077,0.75,0.964,0.9675,21,117,0.9899949974987494,0.9419709854927464,96,0.048024012006003036,0.0,Farrell frozen modules
zebrafish,NID2A,somites,somites,9.0,True,416,0.9256008145673077,0.75,0.964,0.9675,23,61,0.9889944972486243,0.9699849924962481,38,0.019009504752376172,1.0,Farrell frozen modules
zebrafish,NID2A,somites,somites,9.0,True,416,0.9256008145673077,0.75,0.964,0.9675,20,55,0.9904952476238119,0.9729864932466233,35,0.017508754377188573,2.0,Farrell frozen modules
zebrafish,NR2F5,somites,somites,9.0,True,416,0.014718147836538463,0.016826923076923076,0.5915,0.5825,351,266,0.824912456228114,0.8674337168584292,-85,-0.04252126063031514,0.0,Farrell frozen modules
zebrafish,NR2F5,somites,somites,9.0,True,416,0.014718147836538463,0.016826923076923076,0.5915,0.5825,331,181,0.8349174587293646,0.9099549774887443,-150,-0.0750375187593797,1.0,Farrell frozen modules
zebrafish,NR2F5,somites,somites,9.0,True,416,0.014718147836538463,0.016826923076923076,0.5915,0.5825,299,190,0.8509254627313657,0.9054527263631816,-109,-0.054527263631815925,2.0,Farrell frozen modules
zebrafish,PCDH8,somites,somites,9.0,True,416,0.7130591980528845,0.5841346153846154,0.947,0.9435,38,1903,0.9814907453726863,0.04852426213106553,1865,0.9329664832416208,0.0,Farrell frozen modules
zebrafish,PCDH8,somites,somites,9.0,True,416,0.7130591980528845,0.5841346153846154,0.947,0.9435,40,1581,0.9804902451225613,0.2096048024012006,1541,0.7708854427213607,1.0,Farrell frozen modules
zebrafish,PCDH8,somites,somites,9.0,True,416,0.7130591980528845,0.5841346153846154,0.947,0.9435,37,1725,0.9819909954977488,0.1375687843921961,1688,0.8444222111055527,2.0,Farrell frozen modules
zebrafish,PLP2,somites,somites,9.0,True,416,0.3528834390625,0.3605769230769231,0.899,0.901,33,127,0.983991995997999,0.9369684842421211,94,0.047023511755877934,0.0,Farrell frozen modules
zebrafish,PLP2,somites,somites,9.0,True,416,0.3528834390625,0.3605769230769231,0.899,0.901,39,23,0.9809904952476238,0.9889944972486243,-16,-0.008004002001000488,1.0,Farrell frozen modules
zebrafish,PLP2,somites,somites,9.0,True,416,0.3528834390625,0.3605769230769231,0.899,0.901,28,28,0.9864932466233116,0.9864932466233116,0,0.0,2.0,Farrell frozen modules
zebrafish,RIPPLY1,somites,somites,9.0,True,416,0.3785767771394231,0.2403846153846154,0.906,0.861,20,95,0.9904952476238119,0.9529764882441221,75,0.03751875937968985,0.0,Farrell frozen modules
zebrafish,RIPPLY1,somites,somites,9.0,True,416,0.3785767771394231,0.2403846153846154,0.906,0.861,16,223,0.992496248124062,0.888944472236118,207,0.10355177588794395,1.0,Farrell frozen modules
zebrafish,RIPPLY1,somites,somites,9.0,True,416,0.3785767771394231,0.2403846153846154,0.906,0.861,23,73,0.9889944972486243,0.9639819909954978,50,0.025012506253126565,2.0,Farrell frozen modules
zebrafish,RIPPLY2,somites,somites,9.0,True,416,0.355789332548077,0.2764423076923077,0.9,0.87875,280,1997,0.8604302151075538,0.0015007503751875984,1717,0.8589294647323662,0.0,Farrell frozen modules
zebrafish,RIPPLY2,somites,somites,9.0,True,416,0.355789332548077,0.2764423076923077,0.9,0.87875,330,1994,0.8354177088544272,0.0030015007503751967,1664,0.832416208104052,1.0,Farrell frozen modules
zebrafish,RIPPLY2,somites,somites,9.0,True,416,0.355789332548077,0.2764423076923077,0.9,0.87875,255,1993,0.8729364682341171,0.0035017508754376925,1738,0.8694347173586794,2.0,Farrell frozen modules
zebrafish,SERPINH1B,somites,somites,9.0,True,416,0.9988474079086539,0.6875,0.967,0.96,9,1973,0.9959979989994997,0.013506753376688385,1964,0.9824912456228113,0.0,Farrell frozen modules
zebrafish,SERPINH1B,somites,somites,9.0,True,416,0.9988474079086539,0.6875,0.967,0.96,7,40,0.9969984992496248,0.9804902451225613,33,0.01650825412706347,1.0,Farrell frozen modules
zebrafish,SERPINH1B,somites,somites,9.0,True,416,0.9988474079086539,0.6875,0.967,0.96,10,46,0.9954977488744372,0.9774887443721861,36,0.01800900450225107,2.0,Farrell frozen modules
zebrafish,SI:DKEY-11C5.14,somites,somites,9.0,True,416,0.09333852031249999,0.10576923076923077,0.784,0.78125,18,9,0.991495747873937,0.9959979989994997,-9,-0.004502251125562684,0.0,Farrell frozen modules
zebrafish,SI:DKEY-11C5.14,somites,somites,9.0,True,416,0.09333852031249999,0.10576923076923077,0.784,0.78125,18,3,0.991495747873937,0.9989994997498749,-15,-0.007503751875937881,1.0,Farrell frozen modules
zebrafish,SI:DKEY-11C5.14,somites,somites,9.0,True,416,0.09333852031249999,0.10576923076923077,0.784,0.78125,17,5,0.9919959979989995,0.9979989994997499,-12,-0.006003001500750393,2.0,Farrell frozen modules
zebrafish,TBX6,somites,somites,9.0,True,416,0.4678270417307692,0.3173076923076923,0.9215,0.891,82,1993,0.959479739869935,0.0035017508754376925,1911,0.9559779889944973,0.0,Farrell frozen modules
zebrafish,TBX6,somites,somites,9.0,True,416,0.4678270417307692,0.3173076923076923,0.9215,0.891,93,1959,0.9539769884942472,0.02051025512756377,1866,0.9334667333666834,1.0,Farrell frozen modules
zebrafish,TBX6,somites,somites,9.0,True,416,0.4678270417307692,0.3173076923076923,0.9215,0.891,85,1964,0.9579789894947474,0.01800900450225118,1879,0.9399699849924962,2.0,Farrell frozen modules
zebrafish,TCF15,somites,somites,9.0,True,416,0.4488489434855769,0.35096153846153844,0.9185,0.8995,11,79,0.9949974987493747,0.9609804902451226,68,0.034017008504252155,0.0,Farrell frozen modules
zebrafish,TCF15,somites,somites,9.0,True,416,0.4488489434855769,0.35096153846153844,0.9185,0.8995,11,14,0.9949974987493747,0.9934967483741871,3,0.0015007503751875984,1.0,Farrell frozen modules
zebrafish,TCF15,somites,somites,9.0,True,416,0.4488489434855769,0.35096153846153844,0.9185,0.8995,9,11,0.9959979989994997,0.9949974987493747,2,0.0010005002501249916,2.0,Farrell frozen modules
zebrafish,TGFBI,somites,somites,9.0,True,416,0.005971253822115385,0.009615384615384616,0.4915,0.51525,433,485,0.7838919459729865,0.7578789394697348,52,0.026013006503251668,0.0,Farrell frozen modules
zebrafish,TGFBI,somites,somites,9.0,True,416,0.005971253822115385,0.009615384615384616,0.4915,0.51525,497,286,0.7518759379689846,0.8574287143571786,-211,-0.10555277638819405,1.0,Farrell frozen modules
zebrafish,TGFBI,somites,somites,9.0,True,416,0.005971253822115385,0.009615384615384616,0.4915,0.51525,396,292,0.8024012006003002,0.8544272136068034,-104,-0.052026013006503224,2.0,Farrell frozen modules
zebrafish,TUBA8L2,somites,somites,9.0,True,416,1.0129343447596155,0.7764423076923077,0.9675,0.971,46,582,0.9774887443721861,0.7093546773386694,536,0.2681340670335167,0.0,Farrell frozen modules
zebrafish,TUBA8L2,somites,somites,9.0,True,416,1.0129343447596155,0.7764423076923077,0.9675,0.971,57,190,0.9719859929964982,0.9054527263631816,133,0.0665332666333166,1.0,Farrell frozen modules
zebrafish,TUBA8L2,somites,somites,9.0,True,416,1.0129343447596155,0.7764423076923077,0.9675,0.971,47,165,0.9769884942471235,0.9179589794897449,118,0.05902951475737861,2.0,Farrell frozen modules
zebrafish,ZFAND5A,somites,somites,9.0,True,416,0.8874370671634615,0.6802884615384616,0.961,0.95875,57,1971,0.9719859929964982,0.014507253626813377,1914,0.9574787393696849,0.0,Farrell frozen modules
zebrafish,ZFAND5A,somites,somites,9.0,True,416,0.8874370671634615,0.6802884615384616,0.961,0.95875,63,1950,0.968984492246123,0.025012506253126565,1887,0.9439719859929965,1.0,Farrell frozen modules
zebrafish,ZFAND5A,somites,somites,9.0,True,416,0.8874370671634615,0.6802884615384616,0.961,0.95875,63,1954,0.968984492246123,0.02301150575287647,1891,0.9459729864932466,2.0,Farrell frozen modules
zebrafish,ZIC3,somites,somites,9.0,True,416,0.38135533230769236,0.35096153846153844,0.9065,0.8995,139,1838,0.9309654827413707,0.08104052026013009,1699,0.8499249624812406,0.0,Farrell frozen modules
zebrafish,ZIC3,somites,somites,9.0,True,416,0.38135533230769236,0.35096153846153844,0.9065,0.8995,149,1859,0.9259629814907454,0.0705352676338169,1710,0.8554277138569285,1.0,Farrell frozen modules
zebrafish,ZIC3,somites,somites,9.0,True,416,0.38135533230769236,0.35096153846153844,0.9065,0.8995,139,417,0.9309654827413707,0.791895947973987,278,0.1390695347673837,2.0,Farrell frozen modules
