dataset,gene,lineage,time,heldout,cell,expression
pancreas,NEUROG3,neurog3_late,0.0,False,stg5diff1_S5d0_b1.bcFBNL,0.0
pancreas,NEUROG3,neurog3_late,1.0,False,stg5diff1_S5d1_b1.bcGIJL,1.4964107
pancreas,NEUROG3,neurog3_late,1.0,False,stg5diff1_S5d1_b1.bcBWEG,0.0
pancreas,NEUROG3,neurog3_late,1.0,False,stg5diff1_S5d1_b1.bcELRD,0.4572516
pancreas,NEUROG3,neurog3_late,1.0,False,stg5diff1_S5d1_b1.bcFJRS,1.5951585
pancreas,NEUROG3,neurog3_late,1.0,False,stg5diff1_S5d1_b1.bcDDFD,0.69282746
pancreas,NEUROG3,neurog3_late,1.0,False,stg5diff1_S5d1_b1.bcBWAD,0.8320205
pancreas,NEUROG3,neurog3_late,1.0,False,stg5diff1_S5d1_b1.bcEBIN,0.0
pancreas,NEUROG3,neurog3_late,1.0,False,stg5diff2_S5d1_b1.bcEOMN,1.4332738
pancreas,NEUROG3,neurog3_late,1.0,False,stg5diff2_S5d1_b1.bcBXGJ,0.7807072
pancreas,NEUROG3,neurog3_late,1.0,False,stg5diff2_S5d1_b1.bcHAVZ,0.0
pancreas,NEUROG3,neurog3_late,1.0,False,stg5diff2_S5d1_b1.bcCBCP,1.5181143
pancreas,NEUROG3,neurog3_late,1.0,False,stg5diff2_S5d1_b1.bcHXWV,0.0
pancreas,NEUROG3,neurog3_late,1.0,False,stg5diff2_S5d1_b1.bcFRYC,0.90932286
pancreas,NEUROG3,neurog3_late,1.0,False,stg5diff1_S5d1_b2.bcFBDJ,1.8552623
pancreas,NEUROG3,neurog3_late,1.0,False,stg5diff1_S5d1_b2.bcFRIM,0.0
pancreas,NEUROG3,neurog3_late,1.0,False,stg5diff1_S5d1_b2.bcGDWP,0.38039637
pancreas,NEUROG3,neurog3_late,1.0,False,stg5diff1_S5d1_b2.bcERUV,1.714267
pancreas,NEUROG3,neurog3_late,1.0,False,stg5diff2_S5d1_b2.bcFKKP,0.0
pancreas,NEUROG3,neurog3_late,1.0,False,stg5diff2_S5d1_b2.bcBGUA,1.8733234
pancreas,NEUROG3,neurog3_late,1.0,False,stg5diff2_S5d1_b2.bcGXXK,1.9343047
pancreas,NEUROG3,neurog3_late,1.0,False,stg5diff2_S5d1_b2.bcDPSG,0.0
pancreas,NEUROG3,neurog3_late,1.0,False,stg5diff2_S5d1_b2.bcBXVH,1.7438295
pancreas,NEUROG3,neurog3_late,1.0,False,stg5diff2_S5d1_b2.bcAQPX,0.0
pancreas,NEUROG3,neurog3_late,1.0,False,stg5diff2_S5d1_b2.bcALII,1.3489121
pancreas,NEUROG3,neurog3_late,1.0,False,stg5diff2_S5d1_b2.bcHGBF,0.0
pancreas,NEUROG3,neurog3_late,1.0,False,stg5diff2_S5d1_b2.bcDJUF,0.0
pancreas,NEUROG3,neurog3_late,1.0,False,stg5diff2_S5d1_b2.bcCVAF,1.6370237
pancreas,NEUROG3,neurog3_late,1.0,False,stg5diff2_S5d1_b2.bcEHVB,0.0
pancreas,NEUROG3,neurog3_late,2.0,False,stg5diff1_S5d2_b1.bcANPF,0.0
pancreas,NEUROG3,neurog3_late,2.0,False,stg5diff1_S5d2_b1.bcFTTY,0.75688446
pancreas,NEUROG3,neurog3_late,2.0,False,stg5diff1_S5d2_b1.bcHHSE,0.34643516
pancreas,NEUROG3,neurog3_late,2.0,False,stg5diff1_S5d2_b1.bcDBRU,0.0
pancreas,NEUROG3,neurog3_late,2.0,False,stg5diff1_S5d2_b1.bcGYOW,1.7824897
pancreas,NEUROG3,neurog3_late,2.0,False,stg5diff1_S5d2_b1.bcBUNW,0.9473195
pancreas,NEUROG3,neurog3_late,2.0,False,stg5diff1_S5d2_b1.bcBZPM,0.6189127
pancreas,NEUROG3,neurog3_late,2.0,False,stg5diff1_S5d2_b1.bcADFV,1.2073873
pancreas,NEUROG3,neurog3_late,2.0,False,stg5diff1_S5d2_b1.bcEPVF,1.2762842
pancreas,NEUROG3,neurog3_late,2.0,False,stg5diff1_S5d2_b1.bcAPUM,1.0804697
pancreas,NEUROG3,neurog3_late,2.0,False,stg5diff1_S5d2_b1.bcAKTK,0.61694574
pancreas,NEUROG3,neurog3_late,2.0,False,stg5diff1_S5d2_b1.bcAZCK,1.3970425
pancreas,NEUROG3,neurog3_late,2.0,False,stg5diff1_S5d2_b1.bcCJER,1.388313
pancreas,NEUROG3,neurog3_late,2.0,False,stg5diff1_S5d2_b1.bcEZHA,1.5724105
pancreas,NEUROG3,neurog3_late,2.0,False,stg5diff1_S5d2_b1.bcIDZZ,0.99960375
pancreas,NEUROG3,neurog3_late,2.0,False,stg5diff1_S5d2_b1.bcBVZZ,1.571772
pancreas,NEUROG3,neurog3_late,2.0,False,stg5diff1_S5d2_b1.bcEHCE,0.0
pancreas,NEUROG3,neurog3_late,2.0,False,stg5diff1_S5d2_b1.bcACPL,1.6612387
pancreas,NEUROG3,neurog3_late,2.0,False,stg5diff1_S5d2_b1.bcBEVD,1.5012473
pancreas,NEUROG3,neurog3_late,2.0,False,stg5diff1_S5d2_b1.bcADEN,0.0
pancreas,NEUROG3,neurog3_late,2.0,False,stg5diff1_S5d2_b1.bcHXAG,0.0
pancreas,NEUROG3,neurog3_late,2.0,False,stg5diff1_S5d2_b1.bcCBSL,2.0916286
pancreas,NEUROG3,neurog3_late,2.0,False,stg5diff1_S5d2_b1.bcGEGL,0.81347114
pancreas,NEUROG3,neurog3_late,2.0,False,stg5diff1_S5d2_b1.bcHQSW,0.0
pancreas,NEUROG3,neurog3_late,2.0,False,stg5diff1_S5d2_b1.bcEWDW,0.0
pancreas,NEUROG3,neurog3_late,2.0,False,stg5diff1_S5d2_b1.bcFYCB,1.58055
pancreas,NEUROG3,neurog3_late,2.0,False,stg5diff1_S5d2_b1.bcFQYW,1.3712265
pancreas,NEUROG3,neurog3_late,2.0,False,stg5diff1_S5d2_b1.bcFBUZ,0.0
pancreas,NEUROG3,neurog3_late,2.0,False,stg5diff1_S5d2_b1.bcEXIT,1.2070719
pancreas,NEUROG3,neurog3_late,2.0,False,stg5diff2_S5d2_b1.bcIGJB,0.0
pancreas,NEUROG3,neurog3_late,2.0,False,stg5diff2_S5d2_b1.bcEGZM,0.35977852
pancreas,NEUROG3,neurog3_late,2.0,False,stg5diff2_S5d2_b1.bcGJNZ,1.8910542
pancreas,NEUROG3,neurog3_late,2.0,False,stg5diff2_S5d2_b1.bcEKTY,1.0492165
pancreas,NEUROG3,neurog3_late,2.0,False,stg5diff2_S5d2_b1.bcCNFK,0.0
pancreas,NEUROG3,neurog3_late,2.0,False,stg5diff2_S5d2_b1.bcHFYA,1.0950422
pancreas,NEUROG3,neurog3_late,2.0,False,stg5diff2_S5d2_b1.bcAJGT,1.1399239
pancreas,NEUROG3,neurog3_late,2.0,False,stg5diff2_S5d2_b1.bcBARP,0.0
pancreas,NEUROG3,neurog3_late,2.0,False,stg5diff2_S5d2_b1.bcFBQN,1.5274397
pancreas,NEUROG3,neurog3_late,2.0,False,stg5diff2_S5d2_b1.bcERUK,1.3735472
pancreas,NEUROG3,neurog3_late,2.0,False,stg5diff2_S5d2_b1.bcGTZD,2.0315228
pancreas,NEUROG3,neurog3_late,2.0,False,stg5diff2_S5d2_b1.bcGBRV,0.41576877
pancreas,NEUROG3,neurog3_late,2.0,False,stg5diff2_S5d2_b1.bcGZWM,1.3667517
pancreas,NEUROG3,neurog3_late,2.0,False,stg5diff2_S5d2_b1.bcEKJD,0.0
pancreas,NEUROG3,neurog3_late,2.0,False,stg5diff2_S5d2_b1.bcBJZW,0.6276138
pancreas,NEUROG3,neurog3_late,2.0,False,stg5diff2_S5d2_b1.bcBXPD,1.2372168
pancreas,NEUROG3,neurog3_late,2.0,False,stg5diff2_S5d2_b1.bcBRXJ,0.0
pancreas,NEUROG3,neurog3_late,2.0,False,stg5diff2_S5d2_b1.bcDYHY,2.2625637
pancreas,NEUROG3,neurog3_late,2.0,False,stg5diff2_S5d2_b1.bcHNPC,0.0
pancreas,NEUROG3,neurog3_late,2.0,False,stg5diff2_S5d2_b1.bcEIVV,0.0
pancreas,NEUROG3,neurog3_late,2.0,False,stg5diff2_S5d2_b1.bcFUKW,0.0
pancreas,NEUROG3,neurog3_late,2.0,False,stg5diff2_S5d2_b1.bcAWZX,2.2663403
pancreas,NEUROG3,neurog3_late,2.0,False,stg5diff2_S5d2_b1.bcFRVK,1.2965906
pancreas,NEUROG3,neurog3_late,2.0,False,stg5diff2_S5d2_b1.bcGALP,0.0
pancreas,NEUROG3,neurog3_late,2.0,False,stg5diff2_S5d2_b1.bcHBFB,0.0
pancreas,NEUROG3,neurog3_late,2.0,False,stg5diff1_S5d2_b2.bcBFLL,0.0
pancreas,NEUROG3,neurog3_late,2.0,False,stg5diff1_S5d2_b2.bcCEYE,1.5674925
pancreas,NEUROG3,neurog3_late,2.0,False,stg5diff1_S5d2_b2.bcANIR,0.0
pancreas,NEUROG3,neurog3_late,2.0,False,stg5diff1_S5d2_b2.bcCTKQ,1.7519915
pancreas,NEUROG3,neurog3_late,2.0,False,stg5diff1_S5d2_b2.bcDMPX,0.51584023
pancreas,NEUROG3,neurog3_late,2.0,False,stg5diff1_S5d2_b2.bcHCCB,0.6375382
pancreas,NEUROG3,neurog3_late,2.0,False,stg5diff1_S5d2_b2.bcBZGE,0.78541267
pancreas,NEUROG3,neurog3_late,2.0,False,stg5diff1_S5d2_b2.bcFJQL,1.5267175
pancreas,NEUROG3,neurog3_late,2.0,False,stg5diff1_S5d2_b2.bcBCNU,0.0
pancreas,NEUROG3,neurog3_late,2.0,False,stg5diff1_S5d2_b2.bcHHRF,1.1713966
pancreas,NEUROG3,neurog3_late,2.0,False,stg5diff1_S5d2_b2.bcGUPM,1.7001894
pancreas,NEUROG3,neurog3_late,2.0,False,stg5diff1_S5d2_b2.bcAPEM,1.3601707
pancreas,NEUROG3,neurog3_late,2.0,False,stg5diff1_S5d2_b2.bcDKVF,0.6309916
pancreas,NEUROG3,neurog3_late,2.0,False,stg5diff1_S5d2_b2.bcFTUL,0.0
pancreas,NEUROG3,neurog3_late,2.0,False,stg5diff1_S5d2_b2.bcFJEN,0.54198384
pancreas,NEUROG3,neurog3_late,2.0,False,stg5diff1_S5d2_b2.bcIENG,0.7112865
pancreas,NEUROG3,neurog3_late,2.0,False,stg5diff1_S5d2_b2.bcCPPJ,1.2188659
pancreas,NEUROG3,neurog3_late,2.0,False,stg5diff1_S5d2_b2.bcAQAM,0.0
pancreas,NEUROG3,neurog3_late,2.0,False,stg5diff1_S5d2_b2.bcGKZM,0.0
pancreas,NEUROG3,neurog3_late,2.0,False,stg5diff1_S5d2_b2.bcHGPT,2.1589184
pancreas,NEUROG3,neurog3_late,2.0,False,stg5diff1_S5d2_b2.bcGQUX,0.0
pancreas,NEUROG3,neurog3_late,2.0,False,stg5diff1_S5d2_b2.bcHTGK,1.3678671
pancreas,NEUROG3,neurog3_late,2.0,False,stg5diff1_S5d2_b2.bcGNGJ,0.5302334
pancreas,NEUROG3,neurog3_late,2.0,False,stg5diff1_S5d2_b2.bcHHIE,1.5143864
pancreas,NEUROG3,neurog3_late,2.0,False,stg5diff1_S5d2_b2.bcEPSE,1.78539
pancreas,NEUROG3,neurog3_late,2.0,False,stg5diff1_S5d2_b2.bcGXEK,0.0
pancreas,NEUROG3,neurog3_late,2.0,False,stg5diff1_S5d2_b2.bcCADB,0.63528705
pancreas,NEUROG3,neurog3_late,2.0,False,stg5diff1_S5d2_b2.bcDMEQ,1.5149176
pancreas,NEUROG3,neurog3_late,2.0,False,stg5diff2_S5d2_b2.bcHOSR,0.0
pancreas,NEUROG3,neurog3_late,2.0,False,stg5diff2_S5d2_b2.bcGLCT,0.0
pancreas,NEUROG3,neurog3_late,2.0,False,stg5diff2_S5d2_b2.bcAPJF,1.746492
pancreas,NEUROG3,neurog3_late,2.0,False,stg5diff2_S5d2_b2.bcAAUR,0.72830945
pancreas,NEUROG3,neurog3_late,2.0,False,stg5diff2_S5d2_b2.bcBGGO,1.0118452
pancreas,NEUROG3,neurog3_late,2.0,False,stg5diff2_S5d2_b2.bcEWXN,0.0
pancreas,NEUROG3,neurog3_late,2.0,False,stg5diff2_S5d2_b2.bcFVZD,1.2833344
pancreas,NEUROG3,neurog3_late,2.0,False,stg5diff2_S5d2_b2.bcBJZX,1.1118369
pancreas,NEUROG3,neurog3_late,2.0,False,stg5diff2_S5d2_b2.bcAZQZ,0.0
pancreas,NEUROG3,neurog3_late,2.0,False,stg5diff2_S5d2_b2.bcGALP,0.0
pancreas,NEUROG3,neurog3_late,2.0,False,stg5diff2_S5d2_b2.bcAYCC,0.0
pancreas,NEUROG3,neurog3_late,2.0,False,stg5diff2_S5d2_b2.bcFTJQ,1.619962
pancreas,NEUROG3,neurog3_late,2.0,False,stg5diff2_S5d2_b2.bcBTWP,0.0
pancreas,NEUROG3,neurog3_late,2.0,False,stg5diff2_S5d2_b2.bcFXUE,1.4410999
pancreas,NEUROG3,neurog3_late,2.0,False,stg5diff2_S5d2_b2.bcFWNZ,0.0
pancreas,NEUROG3,neurog3_late,2.0,False,stg5diff2_S5d2_b2.bcFKOB,0.0
pancreas,NEUROG3,neurog3_late,2.0,False,stg5diff2_S5d2_b2.bcHXZU,0.8345616
pancreas,NEUROG3,neurog3_late,2.0,False,stg5diff2_S5d2_b2.bcBMGC,1.1545653
pancreas,NEUROG3,neurog3_late,2.0,False,stg5diff2_S5d2_b2.bcGNRJ,0.0
pancreas,NEUROG3,neurog3_late,2.0,False,stg5diff2_S5d2_b2.bcFETF,1.9501998
pancreas,NEUROG3,neurog3_late,2.0,False,stg5diff2_S5d2_b2.bcFPID,1.1541847
pancreas,NEUROG3,neurog3_late,2.0,False,stg5diff2_S5d2_b2.bcFQEY,0.9754628
pancreas,NEUROG3,neurog3_late,2.0,False,stg5diff2_S5d2_b2.bcHCRF,0.0
pancreas,NEUROG3,neurog3_late,2.0,False,stg5diff2_S5d2_b2.bcGXFB,2.0026097
pancreas,NEUROG3,neurog3_late,2.0,False,stg5diff2_S5d2_b2.bcDGYE,0.0
pancreas,NEUROG3,neurog3_late,2.0,False,stg5diff2_S5d2_b2.bcGXXE,1.4370179
pancreas,NEUROG3,neurog3_late,2.0,False,stg5diff2_S5d2_b2.bcEDEC,0.9901204
pancreas,NEUROG3,neurog3_late,2.0,False,stg5diff2_S5d2_b2.bcDIRC,0.9631838
pancreas,NEUROG3,neurog3_late,2.0,False,stg5diff2_S5d2_b2.bcCLLQ,0.65822184
pancreas,NEUROG3,neurog3_late,2.0,False,stg5diff2_S5d2_b2.bcBKJK,2.2255085
pancreas,NEUROG3,neurog3_late,2.0,False,stg5diff2_S5d2_b2.bcAQXF,0.0
pancreas,NEUROG3,neurog3_late,2.0,False,stg5diff2_S5d2_b2.bcCXPR,1.1360519
pancreas,NEUROG3,neurog3_late,2.0,False,stg5diff2_S5d2_b2.bcCVGL,1.3456769
pancreas,NEUROG3,neurog3_late,2.0,False,stg5diff2_S5d2_b2.bcEIHL,1.8984263
pancreas,NEUROG3,neurog3_late,2.0,False,stg5diff2_S5d2_b2.bcCTYR,1.3493177
pancreas,NEUROG3,neurog3_late,2.0,False,stg5diff2_S5d2_b2.bcDVZQ,0.0
pancreas,NEUROG3,neurog3_late,2.0,False,stg5diff2_S5d2_b2.bcGEBG,0.80721605
pancreas,NEUROG3,neurog3_late,2.0,False,stg5diff2_S5d2_b2.bcDKWG,0.0
pancreas,NEUROG3,neurog3_late,3.0,True,stg5diff1_S5d3_b1.bcCCVE,0.0
pancreas,NEUROG3,neurog3_late,3.0,True,stg5diff1_S5d3_b1.bcBOSS,0.9560032
pancreas,NEUROG3,neurog3_late,3.0,True,stg5diff1_S5d3_b1.bcFYSH,2.1683643
pancreas,NEUROG3,neurog3_late,3.0,True,stg5diff1_S5d3_b1.bcAPKZ,1.9055396
pancreas,NEUROG3,neurog3_late,3.0,True,stg5diff1_S5d3_b1.bcEPHF,1.3094791
pancreas,NEUROG3,neurog3_late,3.0,True,stg5diff1_S5d3_b1.bcFXWR,1.7336153
pancreas,NEUROG3,neurog3_late,3.0,True,stg5diff1_S5d3_b1.bcAUSC,0.0
pancreas,NEUROG3,neurog3_late,3.0,True,stg5diff1_S5d3_b1.bcBDWS,1.5037979
pancreas,NEUROG3,neurog3_late,3.0,True,stg5diff1_S5d3_b1.bcAACM,1.7965672
pancreas,NEUROG3,neurog3_late,3.0,True,stg5diff1_S5d3_b1.bcELWT,0.49112505
pancreas,NEUROG3,neurog3_late,3.0,True,stg5diff1_S5d3_b1.bcGFTW,0.7252946
pancreas,NEUROG3,neurog3_late,3.0,True,stg5diff1_S5d3_b1.bcAMDU,0.70708895
pancreas,NEUROG3,neurog3_late,3.0,True,stg5diff1_S5d3_b1.bcBMAU,0.9825294
pancreas,NEUROG3,neurog3_late,3.0,True,stg5diff1_S5d3_b1.bcFPJY,0.0
pancreas,NEUROG3,neurog3_late,3.0,True,stg5diff1_S5d3_b1.bcGKHV,1.1919224
pancreas,NEUROG3,neurog3_late,3.0,True,stg5diff1_S5d3_b1.bcHHBU,0.81920385
pancreas,NEUROG3,neurog3_late,3.0,True,stg5diff1_S5d3_b1.bcFCFB,0.9944057
pancreas,NEUROG3,neurog3_late,3.0,True,stg5diff1_S5d3_b1.bcFCRK,1.0011735
pancreas,NEUROG3,neurog3_late,3.0,True,stg5diff1_S5d3_b1.bcCVYQ,1.0048842
pancreas,NEUROG3,neurog3_late,3.0,True,stg5diff1_S5d3_b1.bcALLO,1.4482093
pancreas,NEUROG3,neurog3_late,3.0,True,stg5diff1_S5d3_b1.bcGEWB,1.7631917
pancreas,NEUROG3,neurog3_late,3.0,True,stg5diff1_S5d3_b1.bcADSF,1.5203072
pancreas,NEUROG3,neurog3_late,3.0,True,stg5diff1_S5d3_b1.bcHEYX,0.0
pancreas,NEUROG3,neurog3_late,3.0,True,stg5diff1_S5d3_b1.bcAQEZ,1.3993727
pancreas,NEUROG3,neurog3_late,3.0,True,stg5diff1_S5d3_b1.bcERLH,0.0
pancreas,NEUROG3,neurog3_late,3.0,True,stg5diff1_S5d3_b1.bcHBYX,1.9744766
pancreas,NEUROG3,neurog3_late,3.0,True,stg5diff1_S5d3_b1.bcEEHU,1.1537324
pancreas,NEUROG3,neurog3_late,3.0,True,stg5diff1_S5d3_b1.bcCBPJ,0.0
pancreas,NEUROG3,neurog3_late,3.0,True,stg5diff1_S5d3_b1.bcDXPZ,0.0
pancreas,NEUROG3,neurog3_late,3.0,True,stg5diff1_S5d3_b1.bcCOIQ,0.0
pancreas,NEUROG3,neurog3_late,3.0,True,stg5diff1_S5d3_b1.bcGDTO,0.58970976
pancreas,NEUROG3,neurog3_late,3.0,True,stg5diff1_S5d3_b1.bcFOOW,2.0133128
pancreas,NEUROG3,neurog3_late,3.0,True,stg5diff1_S5d3_b1.bcAZRY,0.0
pancreas,NEUROG3,neurog3_late,3.0,True,stg5diff1_S5d3_b1.bcDJBD,0.998356
pancreas,NEUROG3,neurog3_late,3.0,True,stg5diff1_S5d3_b1.bcBYQI,1.138478
pancreas,NEUROG3,neurog3_late,3.0,True,stg5diff1_S5d3_b1.bcIECT,0.0
pancreas,NEUROG3,neurog3_late,3.0,True,stg5diff1_S5d3_b1.bcBTKB,0.8009459
pancreas,NEUROG3,neurog3_late,3.0,True,stg5diff1_S5d3_b1.bcFKCY,1.513211
pancreas,NEUROG3,neurog3_late,3.0,True,stg5diff1_S5d3_b1.bcBBQH,1.6647673
pancreas,NEUROG3,neurog3_late,3.0,True,stg5diff1_S5d3_b1.bcGXXO,0.95521665
pancreas,NEUROG3,neurog3_late,3.0,True,stg5diff1_S5d3_b1.bcDPLN,1.5316454
pancreas,NEUROG3,neurog3_late,3.0,True,stg5diff1_S5d3_b1.bcAPLM,1.8780454
pancreas,NEUROG3,neurog3_late,3.0,True,stg5diff1_S5d3_b1.bcDDMT,0.0
pancreas,NEUROG3,neurog3_late,3.0,True,stg5diff1_S5d3_b1.bcFBYQ,1.8365164
pancreas,NEUROG3,neurog3_late,3.0,True,stg5diff1_S5d3_b1.bcDHRK,1.7689687
pancreas,NEUROG3,neurog3_late,3.0,True,stg5diff1_S5d3_b1.bcFVHI,1.3730115
pancreas,NEUROG3,neurog3_late,3.0,True,stg5diff1_S5d3_b1.bcEEWF,0.69040334
pancreas,NEUROG3,neurog3_late,3.0,True,stg5diff1_S5d3_b1.bcFCON,0.91299725
pancreas,NEUROG3,neurog3_late,3.0,True,stg5diff1_S5d3_b1.bcEVJK,1.3002776
pancreas,NEUROG3,neurog3_late,3.0,True,stg5diff1_S5d3_b1.bcFEFQ,0.33606204
pancreas,NEUROG3,neurog3_late,3.0,True,stg5diff1_S5d3_b1.bcHKJN,0.0
pancreas,NEUROG3,neurog3_late,3.0,True,stg5diff1_S5d3_b1.bcGWYQ,1.0925796
pancreas,NEUROG3,neurog3_late,3.0,True,stg5diff1_S5d3_b1.bcBUBT,0.59307396
pancreas,NEUROG3,neurog3_late,3.0,True,stg5diff1_S5d3_b1.bcGSOR,1.1353774
pancreas,NEUROG3,neurog3_late,3.0,True,stg5diff1_S5d3_b1.bcFSJL,2.4654548
pancreas,NEUROG3,neurog3_late,3.0,True,stg5diff1_S5d3_b1.bcDOGZ,1.379505
pancreas,NEUROG3,neurog3_late,3.0,True,stg5diff1_S5d3_b1.bcFQMR,0.8886341
pancreas,NEUROG3,neurog3_late,3.0,True,stg5diff1_S5d3_b1.bcFJIP,0.5729753
pancreas,NEUROG3,neurog3_late,3.0,True,stg5diff1_S5d3_b1.bcACSM,0.0
pancreas,NEUROG3,neurog3_late,3.0,True,stg5diff1_S5d3_b1.bcEHJH,1.1948211
pancreas,NEUROG3,neurog3_late,3.0,True,stg5diff1_S5d3_b1.bcDMLZ,0.0
pancreas,NEUROG3,neurog3_late,3.0,True,stg5diff1_S5d3_b1.bcBEAC,0.0
pancreas,NEUROG3,neurog3_late,3.0,True,stg5diff1_S5d3_b1.bcCXHI,0.0
pancreas,NEUROG3,neurog3_late,3.0,True,stg5diff1_S5d3_b1.bcEGLS,0.0
pancreas,NEUROG3,neurog3_late,3.0,True,stg5diff1_S5d3_b1.bcDEFV,0.43349636
pancreas,NEUROG3,neurog3_late,3.0,True,stg5diff1_S5d3_b1.bcGCLJ,0.49456912
pancreas,NEUROG3,neurog3_late,3.0,True,stg5diff1_S5d3_b1.bcCBSZ,0.9547455
pancreas,NEUROG3,neurog3_late,3.0,True,stg5diff1_S5d3_b1.bcIDMH,0.0
pancreas,NEUROG3,neurog3_late,3.0,True,stg5diff1_S5d3_b1.bcCYWL,2.376121
pancreas,NEUROG3,neurog3_late,3.0,True,stg5diff1_S5d3_b1.bcCHSC,0.5409719
pancreas,NEUROG3,neurog3_late,3.0,True,stg5diff1_S5d3_b1.bcBTZV,0.85699725
pancreas,NEUROG3,neurog3_late,3.0,True,stg5diff1_S5d3_b1.bcAEPA,0.62484473
pancreas,NEUROG3,neurog3_late,3.0,True,stg5diff1_S5d3_b1.bcFDPU,1.2488409
pancreas,NEUROG3,neurog3_late,3.0,True,stg5diff1_S5d3_b1.bcFLQV,1.3170702
pancreas,NEUROG3,neurog3_late,3.0,True,stg5diff1_S5d3_b1.bcGUCF,0.0
pancreas,NEUROG3,neurog3_late,3.0,True,stg5diff1_S5d3_b1.bcHNIH,1.1148438
pancreas,NEUROG3,neurog3_late,3.0,True,stg5diff1_S5d3_b1.bcBRPT,0.46209174
pancreas,NEUROG3,neurog3_late,3.0,True,stg5diff1_S5d3_b1.bcDOMX,0.0
pancreas,NEUROG3,neurog3_late,3.0,True,stg5diff1_S5d3_b1.bcCFUZ,0.49480844
pancreas,NEUROG3,neurog3_late,3.0,True,stg5diff1_S5d3_b1.bcGKVJ,1.8178406
pancreas,NEUROG3,neurog3_late,3.0,True,stg5diff1_S5d3_b1.bcCHWE,0.76371324
pancreas,NEUROG3,neurog3_late,3.0,True,stg5diff1_S5d3_b1.bcCDWU,0.0
pancreas,NEUROG3,neurog3_late,3.0,True,stg5diff1_S5d3_b1.bcGYVL,1.2568853
pancreas,NEUROG3,neurog3_late,3.0,True,stg5diff1_S5d3_b1.bcGGXF,1.622678
pancreas,NEUROG3,neurog3_late,3.0,True,stg5diff1_S5d3_b1.bcEBJV,0.0
pancreas,NEUROG3,neurog3_late,3.0,True,stg5diff1_S5d3_b1.bcDJWV,2.4004037
pancreas,NEUROG3,neurog3_late,3.0,True,stg5diff1_S5d3_b1.bcAOFX,0.0
pancreas,NEUROG3,neurog3_late,3.0,True,stg5diff1_S5d3_b1.bcGCRA,1.5854704
pancreas,NEUROG3,neurog3_late,3.0,True,stg5diff1_S5d3_b1.bcEVGU,0.9043836
pancreas,NEUROG3,neurog3_late,3.0,True,stg5diff1_S5d3_b1.bcFDRH,1.3027952
pancreas,NEUROG3,neurog3_late,3.0,True,stg5diff1_S5d3_b1.bcDTJB,0.0
pancreas,NEUROG3,neurog3_late,3.0,True,stg5diff1_S5d3_b1.bcDXWE,1.246975
pancreas,NEUROG3,neurog3_late,3.0,True,stg5diff1_S5d3_b1.bcDKPH,1.5472393
pancreas,NEUROG3,neurog3_late,3.0,True,stg5diff1_S5d3_b1.bcEFUI,1.3524165
pancreas,NEUROG3,neurog3_late,3.0,True,stg5diff1_S5d3_b1.bcHECF,2.3911707
pancreas,NEUROG3,neurog3_late,3.0,True,stg5diff1_S5d3_b1.bcEJUO,1.3519075
pancreas,NEUROG3,neurog3_late,3.0,True,stg5diff1_S5d3_b1.bcFIRI,0.51088953
pancreas,NEUROG3,neurog3_late,3.0,True,stg5diff1_S5d3_b1.bcGVWH,0.0
pancreas,NEUROG3,neurog3_late,3.0,True,stg5diff1_S5d3_b1.bcBAJW,0.8966272
pancreas,NEUROG3,neurog3_late,3.0,True,stg5diff1_S5d3_b1.bcGQNX,1.2007402
pancreas,NEUROG3,neurog3_late,3.0,True,stg5diff1_S5d3_b1.bcIGBG,2.0968237
pancreas,NEUROG3,neurog3_late,3.0,True,stg5diff1_S5d3_b1.bcHFRG,0.70692253
pancreas,NEUROG3,neurog3_late,3.0,True,stg5diff1_S5d3_b1.bcAYTK,1.3428205
pancreas,NEUROG3,neurog3_late,3.0,True,stg5diff1_S5d3_b1.bcASJB,1.7137158
pancreas,NEUROG3,neurog3_late,3.0,True,stg5diff1_S5d3_b1.bcFGLA,1.8502502
pancreas,NEUROG3,neurog3_late,3.0,True,stg5diff1_S5d3_b1.bcGXYI,1.1069872
pancreas,NEUROG3,neurog3_late,3.0,True,stg5diff1_S5d3_b1.bcCDRM,0.0
pancreas,NEUROG3,neurog3_late,3.0,True,stg5diff1_S5d3_b1.bcFKHE,1.2424213
pancreas,NEUROG3,neurog3_late,3.0,True,stg5diff1_S5d3_b1.bcFSFF,0.0
pancreas,NEUROG3,neurog3_late,3.0,True,stg5diff1_S5d3_b1.bcFMKK,0.63837814
pancreas,NEUROG3,neurog3_late,3.0,True,stg5diff1_S5d3_b1.bcESTT,0.0
pancreas,NEUROG3,neurog3_late,3.0,True,stg5diff1_S5d3_b1.bcAATY,0.0
pancreas,NEUROG3,neurog3_late,3.0,True,stg5diff1_S5d3_b1.bcGXGI,0.65242624
pancreas,NEUROG3,neurog3_late,3.0,True,stg5diff1_S5d3_b1.bcHWAT,0.0
pancreas,NEUROG3,neurog3_late,3.0,True,stg5diff1_S5d3_b1.bcAJUM,0.3782946
pancreas,NEUROG3,neurog3_late,3.0,True,stg5diff1_S5d3_b1.bcFEJK,0.0
pancreas,NEUROG3,neurog3_late,3.0,True,stg5diff1_S5d3_b1.bcFXDN,1.416129
pancreas,NEUROG3,neurog3_late,3.0,True,stg5diff1_S5d3_b1.bcCKRP,1.5250071
pancreas,NEUROG3,neurog3_late,3.0,True,stg5diff1_S5d3_b1.bcBTPZ,0.0
pancreas,NEUROG3,neurog3_late,3.0,True,stg5diff1_S5d3_b1.bcBPCV,0.6339661
pancreas,NEUROG3,neurog3_late,3.0,True,stg5diff1_S5d3_b1.bcAQAG,0.0
pancreas,NEUROG3,neurog3_late,3.0,True,stg5diff1_S5d3_b1.bcHDGW,0.0
pancreas,NEUROG3,neurog3_late,3.0,True,stg5diff1_S5d3_b1.bcERLF,0.0
pancreas,NEUROG3,neurog3_late,3.0,True,stg5diff1_S5d3_b1.bcFACP,1.8985696
pancreas,NEUROG3,neurog3_late,3.0,True,stg5diff1_S5d3_b1.bcGBVE,0.95805454
pancreas,NEUROG3,neurog3_late,3.0,True,stg5diff1_S5d3_b1.bcBDCI,0.0
pancreas,NEUROG3,neurog3_late,3.0,True,stg5diff1_S5d3_b1.bcHUKE,0.0
pancreas,NEUROG3,neurog3_late,3.0,True,stg5diff1_S5d3_b1.bcGBTQ,1.7763901
pancreas,NEUROG3,neurog3_late,3.0,True,stg5diff1_S5d3_b1.bcDDRI,0.88585615
pancreas,NEUROG3,neurog3_late,3.0,True,stg5diff1_S5d3_b1.bcHWDR,0.756094
pancreas,NEUROG3,neurog3_late,3.0,True,stg5diff1_S5d3_b1.bcEGBV,1.2883533
pancreas,NEUROG3,neurog3_late,3.0,True,stg5diff1_S5d3_b1.bcARUS,1.2078439
pancreas,NEUROG3,neurog3_late,3.0,True,stg5diff1_S5d3_b1.bcCNBE,1.2424213
pancreas,NEUROG3,neurog3_late,3.0,True,stg5diff1_S5d3_b1.bcDVFA,1.0905848
pancreas,NEUROG3,neurog3_late,3.0,True,stg5diff1_S5d3_b1.bcDOUA,1.0156586
pancreas,NEUROG3,neurog3_late,3.0,True,stg5diff1_S5d3_b1.bcICJE,1.0191705
pancreas,NEUROG3,neurog3_late,3.0,True,stg5diff1_S5d3_b1.bcFTZU,0.26503405
pancreas,NEUROG3,neurog3_late,3.0,True,stg5diff1_S5d3_b1.bcFNCA,0.0
pancreas,NEUROG3,neurog3_late,3.0,True,stg5diff1_S5d3_b1.bcBDZE,0.0
pancreas,NEUROG3,neurog3_late,3.0,True,stg5diff1_S5d3_b1.bcEDPB,0.0
pancreas,NEUROG3,neurog3_late,3.0,True,stg5diff1_S5d3_b1.bcHFCG,0.0
pancreas,NEUROG3,neurog3_late,3.0,True,stg5diff1_S5d3_b1.bcEZKR,0.51178575
pancreas,NEUROG3,neurog3_late,3.0,True,stg5diff1_S5d3_b1.bcFJYU,0.0
pancreas,NEUROG3,neurog3_late,3.0,True,stg5diff1_S5d3_b1.bcGNBA,0.0
pancreas,NEUROG3,neurog3_late,3.0,True,stg5diff1_S5d3_b1.bcCRFE,1.4165606
pancreas,NEUROG3,neurog3_late,3.0,True,stg5diff1_S5d3_b1.bcHGXW,0.0
pancreas,NEUROG3,neurog3_late,3.0,True,stg5diff1_S5d3_b1.bcHLOZ,1.2888093
pancreas,NEUROG3,neurog3_late,3.0,True,stg5diff1_S5d3_b1.bcHDJG,1.4856757
pancreas,NEUROG3,neurog3_late,3.0,True,stg5diff1_S5d3_b1.bcBGRU,1.527934
pancreas,NEUROG3,neurog3_late,3.0,True,stg5diff1_S5d3_b1.bcHRZX,1.5954039
pancreas,NEUROG3,neurog3_late,3.0,True,stg5diff1_S5d3_b1.bcCHHB,0.0
pancreas,NEUROG3,neurog3_late,3.0,True,stg5diff1_S5d3_b1.bcBQJZ,0.0
pancreas,NEUROG3,neurog3_late,3.0,True,stg5diff1_S5d3_b1.bcHAFE,0.0
pancreas,NEUROG3,neurog3_late,3.0,True,stg5diff1_S5d3_b1.bcAKZL,0.0
pancreas,NEUROG3,neurog3_late,3.0,True,stg5diff1_S5d3_b1.bcBCLG,0.90609944
pancreas,NEUROG3,neurog3_late,3.0,True,stg5diff1_S5d3_b1.bcFFKM,0.0
pancreas,NEUROG3,neurog3_late,3.0,True,stg5diff1_S5d3_b1.bcFLMN,0.81288177
pancreas,NEUROG3,neurog3_late,3.0,True,stg5diff1_S5d3_b1.bcFDLD,0.6984599
pancreas,NEUROG3,neurog3_late,3.0,True,stg5diff1_S5d3_b1.bcCRUX,1.6645362
pancreas,NEUROG3,neurog3_late,3.0,True,stg5diff1_S5d3_b1.bcDKLN,0.0
pancreas,NEUROG3,neurog3_late,3.0,True,stg5diff1_S5d3_b1.bcGMFQ,0.0
pancreas,NEUROG3,neurog3_late,3.0,True,stg5diff1_S5d3_b1.bcEYXL,1.5537149
pancreas,NEUROG3,neurog3_late,3.0,True,stg5diff1_S5d3_b1.bcAZKV,1.482516
pancreas,NEUROG3,neurog3_late,3.0,True,stg5diff1_S5d3_b1.bcFKBO,1.0103068
pancreas,NEUROG3,neurog3_late,3.0,True,stg5diff1_S5d3_b1.bcDQKR,0.77647257
pancreas,NEUROG3,neurog3_late,3.0,True,stg5diff1_S5d3_b1.bcFHKK,0.4762687
pancreas,NEUROG3,neurog3_late,3.0,True,stg5diff1_S5d3_b1.bcBNYR,1.0934219
pancreas,NEUROG3,neurog3_late,3.0,True,stg5diff1_S5d3_b1.bcFICJ,0.672185
pancreas,NEUROG3,neurog3_late,3.0,True,stg5diff1_S5d3_b1.bcHXAF,0.0
pancreas,NEUROG3,neurog3_late,3.0,True,stg5diff1_S5d3_b1.bcBIGR,1.3726641
pancreas,NEUROG3,neurog3_late,3.0,True,stg5diff1_S5d3_b1.bcEDQT,1.3957113
pancreas,NEUROG3,neurog3_late,3.0,True,stg5diff1_S5d3_b1.bcGAAM,0.0
pancreas,NEUROG3,neurog3_late,3.0,True,stg5diff1_S5d3_b1.bcFCAX,1.392326
pancreas,NEUROG3,neurog3_late,3.0,True,stg5diff1_S5d3_b1.bcAYHD,0.0
pancreas,NEUROG3,neurog3_late,3.0,True,stg5diff1_S5d3_b1.bcACGV,0.0
pancreas,NEUROG3,neurog3_late,3.0,True,stg5diff1_S5d3_b1.bcAYHK,0.9934982
pancreas,NEUROG3,neurog3_late,3.0,True,stg5diff1_S5d3_b1.bcHDVD,0.0
pancreas,NEUROG3,neurog3_late,3.0,True,stg5diff1_S5d3_b1.bcIDSN,0.0
pancreas,NEUROG3,neurog3_late,3.0,True,stg5diff1_S5d3_b1.bcEMLC,0.0
pancreas,NEUROG3,neurog3_late,3.0,True,stg5diff1_S5d3_b1.bcAGRH,0.9313572
pancreas,NEUROG3,neurog3_late,3.0,True,stg5diff1_S5d3_b1.bcEJAN,0.0
pancreas,NEUROG3,neurog3_late,3.0,True,stg5diff1_S5d3_b1.bcAWMQ,1.2541337
pancreas,NEUROG3,neurog3_late,3.0,True,stg5diff1_S5d3_b1.bcHRRM,2.1280558
pancreas,NEUROG3,neurog3_late,3.0,True,stg5diff1_S5d3_b1.bcAHXE,1.1916164
pancreas,NEUROG3,neurog3_late,3.0,True,stg5diff1_S5d3_b1.bcGDSX,1.2258765
pancreas,NEUROG3,neurog3_late,3.0,True,stg5diff1_S5d3_b1.bcEUSQ,0.65433365
pancreas,NEUROG3,neurog3_late,3.0,True,stg5diff1_S5d3_b1.bcHMOV,1.2788613
pancreas,NEUROG3,neurog3_late,3.0,True,stg5diff1_S5d3_b1.bcABHY,0.8847542
pancreas,NEUROG3,neurog3_late,3.0,True,stg5diff1_S5d3_b1.bcEART,0.89389133
pancreas,NEUROG3,neurog3_late,3.0,True,stg5diff1_S5d3_b1.bcERYS,0.0
pancreas,NEUROG3,neurog3_late,3.0,True,stg5diff1_S5d3_b1.bcAFZZ,1.2586119
pancreas,NEUROG3,neurog3_late,3.0,True,stg5diff1_S5d3_b1.bcIAJM,1.6501309
pancreas,NEUROG3,neurog3_late,3.0,True,stg5diff1_S5d3_b1.bcECGI,1.0584413
pancreas,NEUROG3,neurog3_late,3.0,True,stg5diff1_S5d3_b1.bcAYJN,0.0
pancreas,NEUROG3,neurog3_late,3.0,True,stg5diff1_S5d3_b1.bcCGJH,0.48006505
pancreas,NEUROG3,neurog3_late,3.0,True,stg5diff1_S5d3_b1.bcIGCQ,1.5683428
pancreas,NEUROG3,neurog3_late,3.0,True,stg5diff1_S5d3_b1.bcGOMZ,0.0
pancreas,NEUROG3,neurog3_late,3.0,True,stg5diff1_S5d3_b1.bcGMLJ,0.0
pancreas,NEUROG3,neurog3_late,3.0,True,stg5diff1_S5d3_b1.bcCZSW,1.6452615
pancreas,NEUROG3,neurog3_late,3.0,True,stg5diff1_S5d3_b1.bcHIIV,1.6254134
pancreas,NEUROG3,neurog3_late,3.0,True,stg5diff1_S5d3_b1.bcFGCK,1.5354695
pancreas,NEUROG3,neurog3_late,3.0,True,stg5diff1_S5d3_b1.bcAJZN,1.4030565
pancreas,NEUROG3,neurog3_late,3.0,True,stg5diff1_S5d3_b1.bcEYIQ,1.9287224
pancreas,NEUROG3,neurog3_late,3.0,True,stg5diff1_S5d3_b1.bcEFBJ,0.0
pancreas,NEUROG3,neurog3_late,3.0,True,stg5diff1_S5d3_b1.bcGFWL,0.94924575
pancreas,NEUROG3,neurog3_late,3.0,True,stg5diff1_S5d3_b1.bcARXO,0.32143825
pancreas,NEUROG3,neurog3_late,3.0,True,stg5diff1_S5d3_b1.bcAIRP,1.4798113
pancreas,NEUROG3,neurog3_late,3.0,True,stg5diff1_S5d3_b1.bcFSTQ,1.2340866
pancreas,NEUROG3,neurog3_late,3.0,True,stg5diff1_S5d3_b1.bcFDEG,1.7909613
pancreas,NEUROG3,neurog3_late,3.0,True,stg5diff1_S5d3_b1.bcBGCV,1.6175368
pancreas,NEUROG3,neurog3_late,3.0,True,stg5diff1_S5d3_b1.bcFYOK,0.0
pancreas,NEUROG3,neurog3_late,3.0,True,stg5diff1_S5d3_b1.bcESVO,0.0
pancreas,NEUROG3,neurog3_late,3.0,True,stg5diff1_S5d3_b1.bcHMTM,0.7583991
pancreas,NEUROG3,neurog3_late,3.0,True,stg5diff1_S5d3_b1.bcFEAH,0.0
pancreas,NEUROG3,neurog3_late,3.0,True,stg5diff1_S5d3_b1.bcGIYI,0.0
pancreas,NEUROG3,neurog3_late,3.0,True,stg5diff1_S5d3_b1.bcHFLN,0.65678775
pancreas,NEUROG3,neurog3_late,3.0,True,stg5diff1_S5d3_b1.bcFUYT,1.999962
pancreas,NEUROG3,neurog3_late,3.0,True,stg5diff1_S5d3_b1.bcFDVZ,1.6932787
pancreas,NEUROG3,neurog3_late,3.0,True,stg5diff1_S5d3_b1.bcFDRX,1.8624692
pancreas,NEUROG3,neurog3_late,3.0,True,stg5diff1_S5d3_b1.bcGQNN,0.9111469
pancreas,NEUROG3,neurog3_late,3.0,True,stg5diff1_S5d3_b1.bcGAEU,1.6946019
pancreas,NEUROG3,neurog3_late,3.0,True,stg5diff1_S5d3_b1.bcGHNY,0.7506777
pancreas,NEUROG3,neurog3_late,3.0,True,stg5diff1_S5d3_b1.bcHBBQ,0.0
pancreas,NEUROG3,neurog3_late,3.0,True,stg5diff1_S5d3_b1.bcIFEB,0.0
pancreas,NEUROG3,neurog3_late,3.0,True,stg5diff1_S5d3_b1.bcDOBP,1.2045695
pancreas,NEUROG3,neurog3_late,3.0,True,stg5diff1_S5d3_b1.bcCLIZ,1.1892508
pancreas,NEUROG3,neurog3_late,3.0,True,stg5diff1_S5d3_b1.bcFRCX,1.9903181
pancreas,NEUROG3,neurog3_late,3.0,True,stg5diff1_S5d3_b1.bcGLIP,2.3053646
pancreas,NEUROG3,neurog3_late,3.0,True,stg5diff1_S5d3_b1.bcHRSR,0.0
pancreas,NEUROG3,neurog3_late,3.0,True,stg5diff1_S5d3_b1.bcBNSY,1.016305
pancreas,NEUROG3,neurog3_late,3.0,True,stg5diff1_S5d3_b1.bcCNTO,1.6501309
pancreas,NEUROG3,neurog3_late,3.0,True,stg5diff1_S5d3_b1.bcGTAK,0.0
pancreas,NEUROG3,neurog3_late,3.0,True,stg5diff1_S5d3_b1.bcHTRR,1.280957
pancreas,NEUROG3,neurog3_late,3.0,True,stg5diff1_S5d3_b1.bcICQG,0.0
pancreas,NEUROG3,neurog3_late,3.0,True,stg5diff1_S5d3_b1.bcDLSD,1.6039661
pancreas,NEUROG3,neurog3_late,3.0,True,stg5diff1_S5d3_b1.bcBFNR,0.0
pancreas,NEUROG3,neurog3_late,3.0,True,stg5diff1_S5d3_b1.bcBWHO,0.31817624
pancreas,NEUROG3,neurog3_late,3.0,True,stg5diff1_S5d3_b1.bcBDVX,1.596155
pancreas,NEUROG3,neurog3_late,3.0,True,stg5diff1_S5d3_b1.bcIBCS,0.99392605
pancreas,NEUROG3,neurog3_late,3.0,True,stg5diff1_S5d3_b1.bcHSTL,0.0
pancreas,NEUROG3,neurog3_late,3.0,True,stg5diff1_S5d3_b1.bcEDNW,0.6816108
pancreas,NEUROG3,neurog3_late,3.0,True,stg5diff1_S5d3_b1.bcFIMZ,0.0
pancreas,NEUROG3,neurog3_late,3.0,True,stg5diff1_S5d3_b1.bcHWPY,0.0
pancreas,NEUROG3,neurog3_late,3.0,True,stg5diff1_S5d3_b1.bcHOFL,1.5091989
pancreas,NEUROG3,neurog3_late,3.0,True,stg5diff1_S5d3_b1.bcDHWA,0.0
pancreas,NEUROG3,neurog3_late,3.0,True,stg5diff1_S5d3_b1.bcGQAX,1.1607188
pancreas,NEUROG3,neurog3_late,3.0,True,stg5diff1_S5d3_b1.bcESEF,0.76110715
pancreas,NEUROG3,neurog3_late,3.0,True,stg5diff1_S5d3_b1.bcDASJ,0.0
pancreas,NEUROG3,neurog3_late,3.0,True,stg5diff1_S5d3_b1.bcFHWZ,0.6492726
pancreas,NEUROG3,neurog3_late,3.0,True,stg5diff1_S5d3_b1.bcAPXE,0.38407272
pancreas,NEUROG3,neurog3_late,3.0,True,stg5diff1_S5d3_b1.bcGZLE,0.4481602
pancreas,NEUROG3,neurog3_late,3.0,True,stg5diff1_S5d3_b1.bcBGSF,0.80191964
pancreas,NEUROG3,neurog3_late,3.0,True,stg5diff1_S5d3_b1.bcDBKE,0.71825725
pancreas,NEUROG3,neurog3_late,3.0,True,stg5diff1_S5d3_b1.bcDMWS,0.0
pancreas,NEUROG3,neurog3_late,3.0,True,stg5diff1_S5d3_b1.bcAPWF,0.30455527
pancreas,NEUROG3,neurog3_late,3.0,True,stg5diff1_S5d3_b1.bcHLKH,1.0681052
pancreas,NEUROG3,neurog3_late,3.0,True,stg5diff1_S5d3_b1.bcAMDK,1.3051597
pancreas,NEUROG3,neurog3_late,3.0,True,stg5diff1_S5d3_b1.bcEXQT,1.3891762
pancreas,NEUROG3,neurog3_late,3.0,True,stg5diff1_S5d3_b1.bcFNST,0.0
pancreas,NEUROG3,neurog3_late,3.0,True,stg5diff1_S5d3_b1.bcHDKO,0.50050175
pancreas,NEUROG3,neurog3_late,3.0,True,stg5diff1_S5d3_b1.bcEXRY,0.495648
pancreas,NEUROG3,neurog3_late,3.0,True,stg5diff1_S5d3_b1.bcFHDS,0.0
pancreas,NEUROG3,neurog3_late,3.0,True,stg5diff1_S5d3_b1.bcAZQB,1.8245761
pancreas,NEUROG3,neurog3_late,3.0,True,stg5diff1_S5d3_b1.bcCMFI,1.4560149
pancreas,NEUROG3,neurog3_late,3.0,True,stg5diff1_S5d3_b1.bcHXGB,0.0
pancreas,NEUROG3,neurog3_late,3.0,True,stg5diff1_S5d3_b1.bcDQXI,1.2824585
pancreas,NEUROG3,neurog3_late,3.0,True,stg5diff2_S5d3_b1.bcFSSM,0.65936905
pancreas,NEUROG3,neurog3_late,3.0,True,stg5diff2_S5d3_b1.bcBBCP,0.48198646
pancreas,NEUROG3,neurog3_late,3.0,True,stg5diff2_S5d3_b1.bcGYJJ,0.6812871
pancreas,NEUROG3,neurog3_late,3.0,True,stg5diff2_S5d3_b1.bcFQUZ,1.3928708
pancreas,NEUROG3,neurog3_late,3.0,True,stg5diff2_S5d3_b1.bcAKTH,1.3443253
pancreas,NEUROG3,neurog3_late,3.0,True,stg5diff2_S5d3_b1.bcBJHK,0.51566356
pancreas,NEUROG3,neurog3_late,3.0,True,stg5diff2_S5d3_b1.bcDCHU,2.114553
pancreas,NEUROG3,neurog3_late,3.0,True,stg5diff2_S5d3_b1.bcGXTB,0.0
pancreas,NEUROG3,neurog3_late,3.0,True,stg5diff2_S5d3_b1.bcIFYH,0.0
pancreas,NEUROG3,neurog3_late,3.0,True,stg5diff2_S5d3_b1.bcHSMV,0.0
pancreas,NEUROG3,neurog3_late,3.0,True,stg5diff2_S5d3_b1.bcIIFI,1.6095657
pancreas,NEUROG3,neurog3_late,3.0,True,stg5diff2_S5d3_b1.bcDHRE,1.5754414
pancreas,NEUROG3,neurog3_late,3.0,True,stg5diff2_S5d3_b1.bcBFLS,0.43625796
pancreas,NEUROG3,neurog3_late,3.0,True,stg5diff2_S5d3_b1.bcGWER,0.0
pancreas,NEUROG3,neurog3_late,3.0,True,stg5diff2_S5d3_b1.bcAURF,2.7520695
pancreas,NEUROG3,neurog3_late,3.0,True,stg5diff2_S5d3_b1.bcEFYF,0.773448
pancreas,NEUROG3,neurog3_late,3.0,True,stg5diff2_S5d3_b1.bcALTD,0.6605591
pancreas,NEUROG3,neurog3_late,3.0,True,stg5diff2_S5d3_b1.bcHAKH,1.3294492
pancreas,NEUROG3,neurog3_late,3.0,True,stg5diff2_S5d3_b1.bcGXXF,1.5263563
pancreas,NEUROG3,neurog3_late,3.0,True,stg5diff2_S5d3_b1.bcCASX,0.0
pancreas,NEUROG3,neurog3_late,3.0,True,stg5diff2_S5d3_b1.bcHYQY,1.3604615
pancreas,NEUROG3,neurog3_late,3.0,True,stg5diff2_S5d3_b1.bcEWBI,0.0
pancreas,NEUROG3,neurog3_late,3.0,True,stg5diff2_S5d3_b1.bcAVEX,0.92691445
pancreas,NEUROG3,neurog3_late,3.0,True,stg5diff2_S5d3_b1.bcAFCY,1.5431867
pancreas,NEUROG3,neurog3_late,3.0,True,stg5diff2_S5d3_b1.bcGNLO,0.96426594
pancreas,NEUROG3,neurog3_late,3.0,True,stg5diff2_S5d3_b1.bcBOQJ,0.24553402
pancreas,NEUROG3,neurog3_late,3.0,True,stg5diff2_S5d3_b1.bcFADY,0.0
pancreas,NEUROG3,neurog3_late,3.0,True,stg5diff2_S5d3_b1.bcGAHD,1.8326317
pancreas,NEUROG3,neurog3_late,3.0,True,stg5diff2_S5d3_b1.bcFMIB,0.0
pancreas,NEUROG3,neurog3_late,3.0,True,stg5diff2_S5d3_b1.bcEWLR,0.0
pancreas,NEUROG3,neurog3_late,3.0,True,stg5diff2_S5d3_b1.bcFJTO,2.4347258
pancreas,NEUROG3,neurog3_late,3.0,True,stg5diff2_S5d3_b1.bcGFMV,0.0
pancreas,NEUROG3,neurog3_late,3.0,True,stg5diff2_S5d3_b1.bcAYPT,0.0
pancreas,NEUROG3,neurog3_late,3.0,True,stg5diff2_S5d3_b1.bcIBFM,0.8403314
pancreas,NEUROG3,neurog3_late,3.0,True,stg5diff2_S5d3_b1.bcGJKL,0.0
pancreas,NEUROG3,neurog3_late,3.0,True,stg5diff2_S5d3_b1.bcCRTB,0.58979553
pancreas,NEUROG3,neurog3_late,3.0,True,stg5diff2_S5d3_b1.bcFBEY,0.57040066
pancreas,NEUROG3,neurog3_late,3.0,True,stg5diff2_S5d3_b1.bcEUSH,0.66317123
pancreas,NEUROG3,neurog3_late,3.0,True,stg5diff2_S5d3_b1.bcGETO,0.0
pancreas,NEUROG3,neurog3_late,3.0,True,stg5diff2_S5d3_b1.bcGZRE,0.699435
pancreas,NEUROG3,neurog3_late,3.0,True,stg5diff2_S5d3_b1.bcCAPG,1.7307097
pancreas,NEUROG3,neurog3_late,3.0,True,stg5diff2_S5d3_b1.bcAOPT,2.0695393
pancreas,NEUROG3,neurog3_late,3.0,True,stg5diff2_S5d3_b1.bcCEJT,1.0764344
pancreas,NEUROG3,neurog3_late,3.0,True,stg5diff2_S5d3_b1.bcHBEC,1.0137784
pancreas,NEUROG3,neurog3_late,3.0,True,stg5diff2_S5d3_b1.bcDRNX,1.4864364
pancreas,NEUROG3,neurog3_late,3.0,True,stg5diff2_S5d3_b1.bcBRAH,1.2485437
pancreas,NEUROG3,neurog3_late,3.0,True,stg5diff2_S5d3_b1.bcBTVN,0.8689523
pancreas,NEUROG3,neurog3_late,3.0,True,stg5diff2_S5d3_b1.bcEVHO,1.3872834
pancreas,NEUROG3,neurog3_late,3.0,True,stg5diff2_S5d3_b1.bcASGO,1.3684162
pancreas,NEUROG3,neurog3_late,3.0,True,stg5diff2_S5d3_b1.bcDXSF,0.764227
pancreas,NEUROG3,neurog3_late,3.0,True,stg5diff2_S5d3_b1.bcEISL,1.6795359
pancreas,NEUROG3,neurog3_late,3.0,True,stg5diff2_S5d3_b1.bcHELP,1.2690856
pancreas,NEUROG3,neurog3_late,3.0,True,stg5diff2_S5d3_b1.bcGQUP,0.958371
pancreas,NEUROG3,neurog3_late,3.0,True,stg5diff2_S5d3_b1.bcGOQE,0.0
pancreas,NEUROG3,neurog3_late,3.0,True,stg5diff2_S5d3_b1.bcCBUS,1.4125904
pancreas,NEUROG3,neurog3_late,3.0,True,stg5diff2_S5d3_b1.bcBWMC,0.0
pancreas,NEUROG3,neurog3_late,3.0,True,stg5diff2_S5d3_b1.bcAUJY,0.0
pancreas,NEUROG3,neurog3_late,3.0,True,stg5diff2_S5d3_b1.bcHQYO,2.1766226
pancreas,NEUROG3,neurog3_late,3.0,True,stg5diff2_S5d3_b1.bcHSQG,0.90958744
pancreas,NEUROG3,neurog3_late,3.0,True,stg5diff2_S5d3_b1.bcGZPY,0.8433925
pancreas,NEUROG3,neurog3_late,3.0,True,stg5diff2_S5d3_b1.bcEYZV,0.0
pancreas,NEUROG3,neurog3_late,3.0,True,stg5diff2_S5d3_b1.bcGYOG,0.0
pancreas,NEUROG3,neurog3_late,3.0,True,stg5diff2_S5d3_b1.bcHVAO,0.8397936
pancreas,NEUROG3,neurog3_late,3.0,True,stg5diff2_S5d3_b1.bcEAZR,1.8743067
pancreas,NEUROG3,neurog3_late,3.0,True,stg5diff2_S5d3_b1.bcEURZ,0.0
pancreas,NEUROG3,neurog3_late,3.0,True,stg5diff2_S5d3_b1.bcHMZS,1.7606392
pancreas,NEUROG3,neurog3_late,3.0,True,stg5diff2_S5d3_b1.bcFGWO,0.4064257
pancreas,NEUROG3,neurog3_late,3.0,True,stg5diff2_S5d3_b1.bcEHWM,2.049734
pancreas,NEUROG3,neurog3_late,3.0,True,stg5diff2_S5d3_b1.bcBBVP,2.0973814
pancreas,NEUROG3,neurog3_late,3.0,True,stg5diff2_S5d3_b1.bcAFYH,1.3990057
pancreas,NEUROG3,neurog3_late,3.0,True,stg5diff2_S5d3_b1.bcDYAB,0.0
pancreas,NEUROG3,neurog3_late,3.0,True,stg5diff2_S5d3_b1.bcIFVN,1.1824418
pancreas,NEUROG3,neurog3_late,3.0,True,stg5diff2_S5d3_b1.bcIFDY,1.7760941
pancreas,NEUROG3,neurog3_late,3.0,True,stg5diff2_S5d3_b1.bcIICR,0.0
pancreas,NEUROG3,neurog3_late,3.0,True,stg5diff2_S5d3_b1.bcAOKF,2.5487387
pancreas,NEUROG3,neurog3_late,3.0,True,stg5diff2_S5d3_b1.bcDDNA,2.2550519
pancreas,NEUROG3,neurog3_late,3.0,True,stg5diff2_S5d3_b1.bcGVHS,0.0
pancreas,NEUROG3,neurog3_late,3.0,True,stg5diff2_S5d3_b1.bcHXFG,0.7891375
pancreas,NEUROG3,neurog3_late,3.0,True,stg5diff2_S5d3_b1.bcGAES,0.94098943
pancreas,NEUROG3,neurog3_late,3.0,True,stg5diff2_S5d3_b1.bcHUJZ,0.0
pancreas,NEUROG3,neurog3_late,3.0,True,stg5diff2_S5d3_b1.bcDDHW,1.437059
pancreas,NEUROG3,neurog3_late,3.0,True,stg5diff2_S5d3_b1.bcFXNI,1.9705409
pancreas,NEUROG3,neurog3_late,3.0,True,stg5diff2_S5d3_b1.bcGZYC,1.6468806
pancreas,NEUROG3,neurog3_late,3.0,True,stg5diff2_S5d3_b1.bcHSUQ,1.9073315
pancreas,NEUROG3,neurog3_late,3.0,True,stg5diff2_S5d3_b1.bcGWZD,0.0
pancreas,NEUROG3,neurog3_late,3.0,True,stg5diff2_S5d3_b1.bcEIMW,0.44747624
pancreas,NEUROG3,neurog3_late,3.0,True,stg5diff2_S5d3_b1.bcCDYG,1.379505
pancreas,NEUROG3,neurog3_late,3.0,True,stg5diff2_S5d3_b1.bcDOPA,1.2500317
pancreas,NEUROG3,neurog3_late,3.0,True,stg5diff2_S5d3_b1.bcGCQM,1.4854857
pancreas,NEUROG3,neurog3_late,3.0,True,stg5diff2_S5d3_b1.bcDBJH,0.0
pancreas,NEUROG3,neurog3_late,3.0,True,stg5diff2_S5d3_b1.bcIGTG,1.4698484
pancreas,NEUROG3,neurog3_late,3.0,True,stg5diff2_S5d3_b1.bcBYIW,0.7875698
pancreas,NEUROG3,neurog3_late,3.0,True,stg5diff2_S5d3_b1.bcEWMD,0.86125815
pancreas,NEUROG3,neurog3_late,3.0,True,stg5diff2_S5d3_b1.bcAUGH,1.0144491
pancreas,NEUROG3,neurog3_late,3.0,True,stg5diff2_S5d3_b1.bcBLHR,1.1854573
pancreas,NEUROG3,neurog3_late,3.0,True,stg5diff2_S5d3_b1.bcAGOE,0.82797056
pancreas,NEUROG3,neurog3_late,3.0,True,stg5diff2_S5d3_b1.bcEPRA,1.8256915
pancreas,NEUROG3,neurog3_late,3.0,True,stg5diff2_S5d3_b1.bcBGFK,1.067955
pancreas,NEUROG3,neurog3_late,3.0,True,stg5diff2_S5d3_b1.bcAZOD,2.022572
pancreas,NEUROG3,neurog3_late,3.0,True,stg5diff2_S5d3_b1.bcAGRX,0.0
pancreas,NEUROG3,neurog3_late,3.0,True,stg5diff2_S5d3_b1.bcGKMF,1.897799
pancreas,NEUROG3,neurog3_late,3.0,True,stg5diff2_S5d3_b1.bcFZCI,0.0
pancreas,NEUROG3,neurog3_late,3.0,True,stg5diff2_S5d3_b1.bcAGIG,0.0
pancreas,NEUROG3,neurog3_late,3.0,True,stg5diff2_S5d3_b1.bcBQAT,0.8712697
pancreas,NEUROG3,neurog3_late,3.0,True,stg5diff2_S5d3_b1.bcFEHR,2.6627364
pancreas,NEUROG3,neurog3_late,3.0,True,stg5diff2_S5d3_b1.bcBZPI,1.3294492
pancreas,NEUROG3,neurog3_late,3.0,True,stg5diff2_S5d3_b1.bcDGKV,1.6801031
pancreas,NEUROG3,neurog3_late,3.0,True,stg5diff2_S5d3_b1.bcIGCY,1.3971066
pancreas,NEUROG3,neurog3_late,3.0,True,stg5diff2_S5d3_b1.bcGJUX,2.053615
pancreas,NEUROG3,neurog3_late,3.0,True,stg5diff2_S5d3_b1.bcHIZY,0.6751959
pancreas,NEUROG3,neurog3_late,3.0,True,stg5diff2_S5d3_b1.bcFLGJ,1.7605119
pancreas,NEUROG3,neurog3_late,3.0,True,stg5diff2_S5d3_b1.bcFIHT,0.9422085
pancreas,NEUROG3,neurog3_late,3.0,True,stg5diff2_S5d3_b1.bcHOCV,0.0
pancreas,NEUROG3,neurog3_late,3.0,True,stg5diff2_S5d3_b1.bcFIHC,0.0
pancreas,NEUROG3,neurog3_late,3.0,True,stg5diff2_S5d3_b1.bcHIVU,0.0
pancreas,NEUROG3,neurog3_late,3.0,True,stg5diff2_S5d3_b1.bcAZSI,1.4291023
pancreas,NEUROG3,neurog3_late,3.0,True,stg5diff2_S5d3_b1.bcEQON,1.5934052
pancreas,NEUROG3,neurog3_late,3.0,True,stg5diff2_S5d3_b1.bcBUSM,2.2528582
pancreas,NEUROG3,neurog3_late,3.0,True,stg5diff2_S5d3_b1.bcCDGB,1.1742368
pancreas,NEUROG3,neurog3_late,3.0,True,stg5diff2_S5d3_b1.bcCAEM,0.0
pancreas,NEUROG3,neurog3_late,3.0,True,stg5diff2_S5d3_b1.bcATJJ,1.1066626
pancreas,NEUROG3,neurog3_late,3.0,True,stg5diff2_S5d3_b1.bcEJDC,0.0
pancreas,NEUROG3,neurog3_late,3.0,True,stg5diff2_S5d3_b1.bcBFQT,1.5048853
pancreas,NEUROG3,neurog3_late,3.0,True,stg5diff2_S5d3_b1.bcFUUH,0.76042825
pancreas,NEUROG3,neurog3_late,3.0,True,stg5diff2_S5d3_b1.bcFUWX,1.1831942
pancreas,NEUROG3,neurog3_late,3.0,True,stg5diff2_S5d3_b1.bcFXGO,1.0095093
pancreas,NEUROG3,neurog3_late,3.0,True,stg5diff2_S5d3_b1.bcHDXA,0.0
pancreas,NEUROG3,neurog3_late,3.0,True,stg5diff2_S5d3_b1.bcGVNY,1.5624619
pancreas,NEUROG3,neurog3_late,3.0,True,stg5diff2_S5d3_b1.bcCXSR,1.562105
pancreas,NEUROG3,neurog3_late,3.0,True,stg5diff2_S5d3_b1.bcHYOU,1.8092408
pancreas,NEUROG3,neurog3_late,3.0,True,stg5diff2_S5d3_b1.bcCEBZ,0.95052683
pancreas,NEUROG3,neurog3_late,3.0,True,stg5diff2_S5d3_b1.bcDQYG,0.0
pancreas,NEUROG3,neurog3_late,3.0,True,stg5diff2_S5d3_b1.bcHBTY,1.6183132
pancreas,NEUROG3,neurog3_late,3.0,True,stg5diff2_S5d3_b1.bcDLYC,0.0
pancreas,NEUROG3,neurog3_late,3.0,True,stg5diff2_S5d3_b1.bcHMBQ,1.2023541
pancreas,NEUROG3,neurog3_late,3.0,True,stg5diff2_S5d3_b1.bcEUER,0.4561643
pancreas,NEUROG3,neurog3_late,3.0,True,stg5diff2_S5d3_b1.bcGQGE,0.0
pancreas,NEUROG3,neurog3_late,3.0,True,stg5diff2_S5d3_b1.bcCTPO,0.8890787
pancreas,NEUROG3,neurog3_late,3.0,True,stg5diff2_S5d3_b1.bcGFSX,0.0
pancreas,NEUROG3,neurog3_late,3.0,True,stg5diff2_S5d3_b1.bcHZAK,0.79579425
pancreas,NEUROG3,neurog3_late,3.0,True,stg5diff2_S5d3_b1.bcFDFP,1.2824585
pancreas,NEUROG3,neurog3_late,3.0,True,stg5diff2_S5d3_b1.bcEJTL,0.0
pancreas,NEUROG3,neurog3_late,3.0,True,stg5diff2_S5d3_b1.bcBOKK,0.8626463
pancreas,NEUROG3,neurog3_late,3.0,True,stg5diff2_S5d3_b1.bcHHAP,0.9599565
pancreas,NEUROG3,neurog3_late,3.0,True,stg5diff2_S5d3_b1.bcEVAN,1.459373
pancreas,NEUROG3,neurog3_late,3.0,True,stg5diff2_S5d3_b1.bcBRZC,0.62942034
pancreas,NEUROG3,neurog3_late,3.0,True,stg5diff2_S5d3_b1.bcBCVB,0.0
pancreas,NEUROG3,neurog3_late,3.0,True,stg5diff2_S5d3_b1.bcCJWD,0.3764991
pancreas,NEUROG3,neurog3_late,3.0,True,stg5diff2_S5d3_b1.bcGPMX,1.2797585
pancreas,NEUROG3,neurog3_late,3.0,True,stg5diff2_S5d3_b1.bcHADF,1.2605175
pancreas,NEUROG3,neurog3_late,3.0,True,stg5diff2_S5d3_b1.bcEFUT,0.0
pancreas,NEUROG3,neurog3_late,3.0,True,stg5diff2_S5d3_b1.bcDXDQ,0.0
pancreas,NEUROG3,neurog3_late,3.0,True,stg5diff2_S5d3_b1.bcBKCZ,0.0
pancreas,NEUROG3,neurog3_late,3.0,True,stg5diff2_S5d3_b1.bcHSIY,0.5660569
pancreas,NEUROG3,neurog3_late,3.0,True,stg5diff2_S5d3_b1.bcELOP,0.55528665
pancreas,NEUROG3,neurog3_late,3.0,True,stg5diff2_S5d3_b1.bcGFWD,2.1006918
pancreas,NEUROG3,neurog3_late,3.0,True,stg5diff2_S5d3_b1.bcGAWK,0.0
pancreas,NEUROG3,neurog3_late,3.0,True,stg5diff2_S5d3_b1.bcDMKL,1.1521333
pancreas,NEUROG3,neurog3_late,3.0,True,stg5diff2_S5d3_b1.bcCMFE,0.0
pancreas,NEUROG3,neurog3_late,3.0,True,stg5diff2_S5d3_b1.bcCBNL,0.0
pancreas,NEUROG3,neurog3_late,3.0,True,stg5diff2_S5d3_b1.bcDCEI,2.1417062
pancreas,NEUROG3,neurog3_late,3.0,True,stg5diff2_S5d3_b1.bcGLUT,0.0
pancreas,NEUROG3,neurog3_late,3.0,True,stg5diff2_S5d3_b1.bcEHZL,0.40112054
pancreas,NEUROG3,neurog3_late,3.0,True,stg5diff2_S5d3_b1.bcFFPR,0.0
pancreas,NEUROG3,neurog3_late,3.0,True,stg5diff2_S5d3_b1.bcDKXT,0.4979415
pancreas,NEUROG3,neurog3_late,3.0,True,stg5diff2_S5d3_b1.bcCXET,1.2159846
pancreas,NEUROG3,neurog3_late,3.0,True,stg5diff2_S5d3_b1.bcHCUM,0.0
pancreas,NEUROG3,neurog3_late,3.0,True,stg5diff2_S5d3_b1.bcCOIY,0.0
pancreas,NEUROG3,neurog3_late,3.0,True,stg5diff2_S5d3_b1.bcARYI,2.6316
pancreas,NEUROG3,neurog3_late,3.0,True,stg5diff2_S5d3_b1.bcBETC,0.0
pancreas,NEUROG3,neurog3_late,3.0,True,stg5diff2_S5d3_b1.bcDBXP,0.0
pancreas,NEUROG3,neurog3_late,3.0,True,stg5diff2_S5d3_b1.bcEDSU,1.3749918
pancreas,NEUROG3,neurog3_late,3.0,True,stg5diff2_S5d3_b1.bcEWYC,0.566741
pancreas,NEUROG3,neurog3_late,3.0,True,stg5diff2_S5d3_b1.bcGQFJ,1.4597377
pancreas,NEUROG3,neurog3_late,3.0,True,stg5diff2_S5d3_b1.bcCSTY,1.0018697
pancreas,NEUROG3,neurog3_late,3.0,True,stg5diff2_S5d3_b1.bcCPIZ,0.48560765
pancreas,NEUROG3,neurog3_late,3.0,True,stg5diff2_S5d3_b1.bcGUSP,1.0382607
pancreas,NEUROG3,neurog3_late,3.0,True,stg5diff2_S5d3_b1.bcEUKQ,0.779522
pancreas,NEUROG3,neurog3_late,3.0,True,stg5diff2_S5d3_b1.bcGLDU,0.0
pancreas,NEUROG3,neurog3_late,3.0,True,stg5diff2_S5d3_b1.bcEQJJ,0.49337596
pancreas,NEUROG3,neurog3_late,3.0,True,stg5diff2_S5d3_b1.bcFXMD,0.43793213
pancreas,NEUROG3,neurog3_late,3.0,True,stg5diff2_S5d3_b1.bcAPIF,2.229157
pancreas,NEUROG3,neurog3_late,3.0,True,stg5diff2_S5d3_b1.bcHXJA,0.79659456
pancreas,NEUROG3,neurog3_late,3.0,True,stg5diff2_S5d3_b1.bcGTWA,1.7135859
pancreas,NEUROG3,neurog3_late,3.0,True,stg5diff2_S5d3_b1.bcEDJL,2.2046208
pancreas,NEUROG3,neurog3_late,3.0,True,stg5diff2_S5d3_b1.bcFTUO,1.3613092
pancreas,NEUROG3,neurog3_late,3.0,True,stg5diff2_S5d3_b1.bcFMMH,1.2110062
pancreas,NEUROG3,neurog3_late,3.0,True,stg5diff2_S5d3_b1.bcGYVL,1.9141487
pancreas,NEUROG3,neurog3_late,3.0,True,stg5diff2_S5d3_b1.bcCGME,1.3587058
pancreas,NEUROG3,neurog3_late,3.0,True,stg5diff2_S5d3_b1.bcCYEC,0.0
pancreas,NEUROG3,neurog3_late,3.0,True,stg5diff2_S5d3_b1.bcAYAU,0.66558456
pancreas,NEUROG3,neurog3_late,3.0,True,stg5diff2_S5d3_b1.bcIIYU,1.7199581
pancreas,NEUROG3,neurog3_late,3.0,True,stg5diff2_S5d3_b1.bcCGIU,2.223812
pancreas,NEUROG3,neurog3_late,3.0,True,stg5diff2_S5d3_b1.bcFIXH,0.36247766
pancreas,NEUROG3,neurog3_late,3.0,True,stg5diff2_S5d3_b1.bcBJQN,1.5995873
pancreas,NEUROG3,neurog3_late,3.0,True,stg5diff2_S5d3_b1.bcBMLT,1.501474
pancreas,NEUROG3,neurog3_late,3.0,True,stg5diff2_S5d3_b1.bcEBFT,0.0
pancreas,NEUROG3,neurog3_late,3.0,True,stg5diff2_S5d3_b1.bcGMRT,1.2187926
pancreas,NEUROG3,neurog3_late,3.0,True,stg5diff2_S5d3_b1.bcDOKD,1.2455796
pancreas,NEUROG3,neurog3_late,3.0,True,stg5diff2_S5d3_b1.bcAEZR,0.47068745
pancreas,NEUROG3,neurog3_late,3.0,True,stg5diff2_S5d3_b1.bcGMQD,0.0
pancreas,NEUROG3,neurog3_late,3.0,True,stg5diff2_S5d3_b1.bcGLSA,1.5694966
pancreas,NEUROG3,neurog3_late,3.0,True,stg5diff2_S5d3_b1.bcATDY,0.7118669
pancreas,NEUROG3,neurog3_late,3.0,True,stg5diff2_S5d3_b1.bcCKDS,0.0
pancreas,NEUROG3,neurog3_late,3.0,True,stg5diff2_S5d3_b1.bcEQIL,1.4788705
pancreas,NEUROG3,neurog3_late,3.0,True,stg5diff2_S5d3_b1.bcAYOB,0.23473936
pancreas,NEUROG3,neurog3_late,3.0,True,stg5diff2_S5d3_b1.bcGWFL,1.4146208
pancreas,NEUROG3,neurog3_late,3.0,True,stg5diff2_S5d3_b1.bcAJXJ,1.2786373
pancreas,NEUROG3,neurog3_late,3.0,True,stg5diff2_S5d3_b1.bcHGED,1.0841308
pancreas,NEUROG3,neurog3_late,3.0,True,stg5diff2_S5d3_b1.bcFDVC,1.6646194
pancreas,NEUROG3,neurog3_late,3.0,True,stg5diff2_S5d3_b1.bcFTWO,1.2836628
pancreas,NEUROG3,neurog3_late,3.0,True,stg5diff2_S5d3_b1.bcEPHF,1.3437515
pancreas,NEUROG3,neurog3_late,3.0,True,stg5diff2_S5d3_b1.bcESZB,1.6086718
pancreas,NEUROG3,neurog3_late,3.0,True,stg5diff2_S5d3_b1.bcGGMB,0.0
pancreas,NEUROG3,neurog3_late,3.0,True,stg5diff2_S5d3_b1.bcGZCB,0.77194494
pancreas,NEUROG3,neurog3_late,3.0,True,stg5diff2_S5d3_b1.bcEAZG,1.4518855
pancreas,NEUROG3,neurog3_late,3.0,True,stg5diff2_S5d3_b1.bcBKKD,0.8514261
pancreas,NEUROG3,neurog3_late,3.0,True,stg5diff2_S5d3_b1.bcAPKB,1.8284177
pancreas,NEUROG3,neurog3_late,3.0,True,stg5diff2_S5d3_b1.bcDHPU,0.47527397
pancreas,NEUROG3,neurog3_late,3.0,True,stg5diff2_S5d3_b1.bcCFDL,1.8273679
pancreas,NEUROG3,neurog3_late,3.0,True,stg5diff2_S5d3_b1.bcAUKG,1.4225812
pancreas,NEUROG3,neurog3_late,3.0,True,stg5diff2_S5d3_b1.bcBMJC,0.0
pancreas,NEUROG3,neurog3_late,3.0,True,stg5diff2_S5d3_b1.bcFSUL,2.2292309
pancreas,NEUROG3,neurog3_late,3.0,True,stg5diff2_S5d3_b1.bcGALJ,1.0773516
pancreas,NEUROG3,neurog3_late,3.0,True,stg5diff2_S5d3_b1.bcEXPW,0.88087046
pancreas,NEUROG3,neurog3_late,3.0,True,stg5diff2_S5d3_b1.bcAYRJ,0.0
pancreas,NEUROG3,neurog3_late,3.0,True,stg5diff2_S5d3_b1.bcHHSX,0.0
pancreas,NEUROG3,neurog3_late,3.0,True,stg5diff2_S5d3_b1.bcEUZE,0.31255478
pancreas,NEUROG3,neurog3_late,3.0,True,stg5diff2_S5d3_b1.bcIGIE,0.42253536
pancreas,NEUROG3,neurog3_late,3.0,True,stg5diff2_S5d3_b1.bcCVIJ,0.593595
pancreas,NEUROG3,neurog3_late,3.0,True,stg5diff2_S5d3_b1.bcDOHS,0.5008697
pancreas,NEUROG3,neurog3_late,3.0,True,stg5diff2_S5d3_b1.bcEERK,1.5152432
pancreas,NEUROG3,neurog3_late,3.0,True,stg5diff2_S5d3_b1.bcDPJJ,0.0
pancreas,NEUROG3,neurog3_late,3.0,True,stg5diff2_S5d3_b1.bcCYSA,0.0
pancreas,NEUROG3,neurog3_late,3.0,True,stg5diff2_S5d3_b1.bcFHQQ,0.0
pancreas,NEUROG3,neurog3_late,3.0,True,stg5diff2_S5d3_b1.bcCAOB,0.0
pancreas,NEUROG3,neurog3_late,3.0,True,stg5diff2_S5d3_b1.bcAWLR,1.243472
pancreas,NEUROG3,neurog3_late,3.0,True,stg5diff2_S5d3_b1.bcEHER,0.41039664
pancreas,NEUROG3,neurog3_late,3.0,True,stg5diff2_S5d3_b1.bcBEMW,1.0183578
pancreas,NEUROG3,neurog3_late,3.0,True,stg5diff2_S5d3_b1.bcAKON,1.0257235
pancreas,NEUROG3,neurog3_late,3.0,True,stg5diff2_S5d3_b1.bcEDUP,1.3585587
pancreas,NEUROG3,neurog3_late,3.0,True,stg5diff2_S5d3_b1.bcCNMU,1.6521702
pancreas,NEUROG3,neurog3_late,3.0,True,stg5diff2_S5d3_b1.bcCRYX,1.5022787
pancreas,NEUROG3,neurog3_late,3.0,True,stg5diff2_S5d3_b1.bcBSRB,0.0
pancreas,NEUROG3,neurog3_late,3.0,True,stg5diff2_S5d3_b1.bcFEMA,1.2345003
pancreas,NEUROG3,neurog3_late,3.0,True,stg5diff2_S5d3_b1.bcELLQ,0.0
pancreas,NEUROG3,neurog3_late,3.0,True,stg5diff2_S5d3_b1.bcFAPR,0.0
pancreas,NEUROG3,neurog3_late,3.0,True,stg5diff2_S5d3_b1.bcEMZE,0.0
pancreas,NEUROG3,neurog3_late,3.0,True,stg5diff2_S5d3_b1.bcEPOS,0.3393165
pancreas,NEUROG3,neurog3_late,3.0,True,stg5diff2_S5d3_b1.bcFYOE,0.45765716
pancreas,NEUROG3,neurog3_late,3.0,True,stg5diff2_S5d3_b1.bcERYA,0.5473703
pancreas,NEUROG3,neurog3_late,3.0,True,stg5diff2_S5d3_b1.bcIBZH,1.7915598
pancreas,NEUROG3,neurog3_late,3.0,True,stg5diff2_S5d3_b1.bcFGEK,1.1911577
pancreas,NEUROG3,neurog3_late,3.0,True,stg5diff2_S5d3_b1.bcBMNB,1.2931267
pancreas,NEUROG3,neurog3_late,3.0,True,stg5diff2_S5d3_b1.bcBXMK,0.82113504
pancreas,NEUROG3,neurog3_late,3.0,True,stg5diff2_S5d3_b1.bcIDRT,0.48703307
pancreas,NEUROG3,neurog3_late,3.0,True,stg5diff2_S5d3_b1.bcCIGN,1.3968074
pancreas,NEUROG3,neurog3_late,3.0,True,stg5diff2_S5d3_b1.bcFNYC,0.0
pancreas,NEUROG3,neurog3_late,3.0,True,stg5diff2_S5d3_b1.bcAIWF,1.6242961
pancreas,NEUROG3,neurog3_late,3.0,True,stg5diff2_S5d3_b1.bcDCDC,0.9561606
pancreas,NEUROG3,neurog3_late,3.0,True,stg5diff2_S5d3_b1.bcEMSW,1.3710377
pancreas,NEUROG3,neurog3_late,3.0,True,stg5diff2_S5d3_b1.bcEBID,0.6575385
pancreas,NEUROG3,neurog3_late,3.0,True,stg5diff2_S5d3_b1.bcBFEW,1.6424371
pancreas,NEUROG3,neurog3_late,3.0,True,stg5diff2_S5d3_b1.bcHIFG,0.0
pancreas,NEUROG3,neurog3_late,3.0,True,stg5diff2_S5d3_b1.bcDITJ,1.8680866
pancreas,NEUROG3,neurog3_late,3.0,True,stg5diff2_S5d3_b1.bcARED,1.7943095
pancreas,NEUROG3,neurog3_late,3.0,True,stg5diff2_S5d3_b1.bcCZHV,0.92207944
pancreas,NEUROG3,neurog3_late,3.0,True,stg5diff2_S5d3_b1.bcIJZP,1.5149777
pancreas,NEUROG3,neurog3_late,3.0,True,stg5diff2_S5d3_b1.bcGWPZ,1.0790069
pancreas,NEUROG3,neurog3_late,3.0,True,stg5diff2_S5d3_b1.bcFDBI,0.78414375
pancreas,NEUROG3,neurog3_late,3.0,True,stg5diff2_S5d3_b1.bcDUBF,1.3035971
pancreas,NEUROG3,neurog3_late,3.0,True,stg5diff2_S5d3_b1.bcHTJG,0.0
pancreas,NEUROG3,neurog3_late,3.0,True,stg5diff2_S5d3_b1.bcHYUS,1.0718735
pancreas,NEUROG3,neurog3_late,3.0,True,stg5diff2_S5d3_b1.bcEHBX,0.0
pancreas,NEUROG3,neurog3_late,3.0,True,stg5diff2_S5d3_b1.bcCVNR,0.6404047
pancreas,NEUROG3,neurog3_late,3.0,True,stg5diff2_S5d3_b1.bcBTCF,0.0
pancreas,NEUROG3,neurog3_late,3.0,True,stg5diff2_S5d3_b1.bcFFSK,1.8166093
pancreas,NEUROG3,neurog3_late,3.0,True,stg5diff2_S5d3_b1.bcEFLG,1.5504357
pancreas,NEUROG3,neurog3_late,3.0,True,stg5diff2_S5d3_b1.bcBPXH,0.0
pancreas,NEUROG3,neurog3_late,3.0,True,stg5diff2_S5d3_b1.bcGCUE,1.31399
pancreas,NEUROG3,neurog3_late,3.0,True,stg5diff2_S5d3_b1.bcDJYI,1.7138783
pancreas,NEUROG3,neurog3_late,3.0,True,stg5diff2_S5d3_b1.bcDRMB,1.0088899
pancreas,NEUROG3,neurog3_late,3.0,True,stg5diff2_S5d3_b1.bcACAQ,1.2389053
pancreas,NEUROG3,neurog3_late,3.0,True,stg5diff2_S5d3_b1.bcHQDO,0.59744525
pancreas,NEUROG3,neurog3_late,3.0,True,stg5diff2_S5d3_b1.bcGLDL,0.8139702
pancreas,NEUROG3,neurog3_late,3.0,True,stg5diff2_S5d3_b1.bcEFAF,1.8389994
pancreas,NEUROG3,neurog3_late,3.0,True,stg5diff2_S5d3_b1.bcAZVV,0.0
pancreas,NEUROG3,neurog3_late,3.0,True,stg5diff2_S5d3_b1.bcDGWX,0.0
pancreas,NEUROG3,neurog3_late,3.0,True,stg5diff2_S5d3_b1.bcFWRR,1.4150728
pancreas,NEUROG3,neurog3_late,3.0,True,stg5diff2_S5d3_b1.bcHYIY,1.8259009
pancreas,NEUROG3,neurog3_late,3.0,True,stg5diff2_S5d3_b1.bcBIZH,1.0439407
pancreas,NEUROG3,neurog3_late,3.0,True,stg5diff2_S5d3_b1.bcFOYS,0.0
pancreas,NEUROG3,neurog3_late,3.0,True,stg5diff2_S5d3_b1.bcCSYS,1.7676809
pancreas,NEUROG3,neurog3_late,3.0,True,stg5diff2_S5d3_b1.bcDMHW,0.0
pancreas,NEUROG3,neurog3_late,3.0,True,stg5diff2_S5d3_b1.bcBNGR,0.44399202
pancreas,NEUROG3,neurog3_late,3.0,True,stg5diff2_S5d3_b1.bcDDRC,0.40506625
pancreas,NEUROG3,neurog3_late,3.0,True,stg5diff2_S5d3_b1.bcFDNE,2.2502403
pancreas,NEUROG3,neurog3_late,3.0,True,stg5diff2_S5d3_b1.bcFKZX,1.4940939
pancreas,NEUROG3,neurog3_late,3.0,True,stg5diff2_S5d3_b1.bcCQZL,1.1571243
pancreas,NEUROG3,neurog3_late,3.0,True,stg5diff2_S5d3_b1.bcGMML,0.9057838
pancreas,NEUROG3,neurog3_late,3.0,True,stg5diff2_S5d3_b1.bcAIZI,0.99978423
pancreas,NEUROG3,neurog3_late,3.0,True,stg5diff2_S5d3_b1.bcAGZJ,1.464007
pancreas,NEUROG3,neurog3_late,3.0,True,stg5diff2_S5d3_b1.bcHGZX,2.2387424
pancreas,NEUROG3,neurog3_late,3.0,True,stg5diff2_S5d3_b1.bcBRVL,1.094688
pancreas,NEUROG3,neurog3_late,3.0,True,stg5diff2_S5d3_b1.bcCXEZ,0.5230652
pancreas,NEUROG3,neurog3_late,3.0,True,stg5diff2_S5d3_b1.bcIGSH,1.7199581
pancreas,NEUROG3,neurog3_late,3.0,True,stg5diff2_S5d3_b1.bcBUED,0.0
pancreas,NEUROG3,neurog3_late,3.0,True,stg5diff2_S5d3_b1.bcEKPZ,0.0
pancreas,NEUROG3,neurog3_late,3.0,True,stg5diff2_S5d3_b1.bcECEG,1.3597949
pancreas,NEUROG3,neurog3_late,3.0,True,stg5diff2_S5d3_b1.bcICCU,1.550716
pancreas,NEUROG3,neurog3_late,3.0,True,stg5diff2_S5d3_b1.bcDQNO,0.5995671
pancreas,NEUROG3,neurog3_late,3.0,True,stg5diff2_S5d3_b1.bcDDIO,1.1969198
pancreas,NEUROG3,neurog3_late,3.0,True,stg5diff2_S5d3_b1.bcCYAJ,1.429488
pancreas,NEUROG3,neurog3_late,3.0,True,stg5diff2_S5d3_b1.bcCJWS,0.0
pancreas,NEUROG3,neurog3_late,3.0,True,stg5diff2_S5d3_b1.bcHKVT,0.0
pancreas,NEUROG3,neurog3_late,3.0,True,stg5diff2_S5d3_b1.bcCNBD,0.6418993
pancreas,NEUROG3,neurog3_late,3.0,True,stg5diff2_S5d3_b1.bcEBBZ,1.2417917
pancreas,NEUROG3,neurog3_late,3.0,True,stg5diff2_S5d3_b1.bcHAMA,0.87516135
pancreas,NEUROG3,neurog3_late,3.0,True,stg5diff2_S5d3_b1.bcBUNT,1.3086126
pancreas,NEUROG3,neurog3_late,3.0,True,stg5diff2_S5d3_b1.bcAQBX,1.7228191
pancreas,NEUROG3,neurog3_late,3.0,True,stg5diff2_S5d3_b1.bcFCBH,0.7674724
pancreas,NEUROG3,neurog3_late,3.0,True,stg5diff2_S5d3_b1.bcBOUU,1.0124402
pancreas,NEUROG3,neurog3_late,3.0,True,stg5diff2_S5d3_b1.bcEHWS,1.964623
pancreas,NEUROG3,neurog3_late,3.0,True,stg5diff2_S5d3_b1.bcGECD,1.1112278
pancreas,NEUROG3,neurog3_late,3.0,True,stg5diff2_S5d3_b1.bcEPNA,0.9710528
pancreas,NEUROG3,neurog3_late,3.0,True,stg5diff2_S5d3_b1.bcDNYB,1.0663564
pancreas,NEUROG3,neurog3_late,3.0,True,stg5diff2_S5d3_b1.bcHDVN,1.2687334
pancreas,NEUROG3,neurog3_late,3.0,True,stg5diff2_S5d3_b1.bcFWPB,0.0
pancreas,NEUROG3,neurog3_late,3.0,True,stg5diff2_S5d3_b1.bcHXVQ,1.6093102
pancreas,NEUROG3,neurog3_late,3.0,True,stg5diff2_S5d3_b1.bcFLUC,0.0
pancreas,NEUROG3,neurog3_late,3.0,True,stg5diff2_S5d3_b1.bcHWLR,0.30804378
pancreas,NEUROG3,neurog3_late,3.0,True,stg5diff2_S5d3_b1.bcGAXF,1.6754982
pancreas,NEUROG3,neurog3_late,3.0,True,stg5diff2_S5d3_b1.bcFJRP,0.99307084
pancreas,NEUROG3,neurog3_late,3.0,True,stg5diff2_S5d3_b1.bcIFYY,0.8111299
pancreas,NEUROG3,neurog3_late,3.0,True,stg5diff2_S5d3_b1.bcEHHI,0.0
pancreas,NEUROG3,neurog3_late,3.0,True,stg5diff2_S5d3_b1.bcHWRL,0.0
pancreas,NEUROG3,neurog3_late,3.0,True,stg5diff2_S5d3_b1.bcCYEN,1.6059968
pancreas,NEUROG3,neurog3_late,3.0,True,stg5diff2_S5d3_b1.bcBPXO,0.0
pancreas,NEUROG3,neurog3_late,3.0,True,stg5diff2_S5d3_b1.bcHAFP,1.2309523
pancreas,NEUROG3,neurog3_late,3.0,True,stg5diff2_S5d3_b1.bcIBCC,0.61013764
pancreas,NEUROG3,neurog3_late,3.0,True,stg5diff2_S5d3_b1.bcGUCI,0.77768934
pancreas,NEUROG3,neurog3_late,3.0,True,stg5diff2_S5d3_b1.bcCTHH,0.4839236
pancreas,NEUROG3,neurog3_late,3.0,True,stg5diff2_S5d3_b1.bcDYLZ,1.2976977
pancreas,NEUROG3,neurog3_late,3.0,True,stg5diff2_S5d3_b1.bcFLDT,0.9242705
pancreas,NEUROG3,neurog3_late,3.0,True,stg5diff2_S5d3_b1.bcBSPD,0.0
pancreas,NEUROG3,neurog3_late,3.0,True,stg5diff2_S5d3_b1.bcGEGI,2.0503318
pancreas,NEUROG3,neurog3_late,3.0,True,stg5diff2_S5d3_b1.bcFEBJ,1.1679826
pancreas,NEUROG3,neurog3_late,3.0,True,stg5diff2_S5d3_b1.bcCIGZ,1.2235725
pancreas,NEUROG3,neurog3_late,3.0,True,stg5diff2_S5d3_b1.bcBAPM,0.7849197
pancreas,NEUROG3,neurog3_late,3.0,True,stg5diff2_S5d3_b1.bcBGXU,0.0
pancreas,NEUROG3,neurog3_late,3.0,True,stg5diff2_S5d3_b1.bcIIMD,2.0346432
pancreas,NEUROG3,neurog3_late,3.0,True,stg5diff2_S5d3_b1.bcDFGQ,0.0
pancreas,NEUROG3,neurog3_late,3.0,True,stg5diff2_S5d3_b1.bcGTHC,1.0847516
pancreas,NEUROG3,neurog3_late,3.0,True,stg5diff2_S5d3_b1.bcEQNK,0.0
pancreas,NEUROG3,neurog3_late,3.0,True,stg5diff2_S5d3_b1.bcADDT,0.9737474
pancreas,NEUROG3,neurog3_late,3.0,True,stg5diff2_S5d3_b1.bcCRGB,1.0588832
pancreas,NEUROG3,neurog3_late,3.0,True,stg5diff2_S5d3_b1.bcGDGU,1.3699877
pancreas,NEUROG3,neurog3_late,3.0,True,stg5diff2_S5d3_b1.bcGOQU,1.2855603
pancreas,NEUROG3,neurog3_late,3.0,True,stg5diff2_S5d3_b1.bcHUGQ,1.6630127
pancreas,NEUROG3,neurog3_late,3.0,True,stg5diff2_S5d3_b1.bcGBJO,0.0
pancreas,NEUROG3,neurog3_late,3.0,True,stg5diff2_S5d3_b1.bcCWFQ,1.0000445
pancreas,NEUROG3,neurog3_late,3.0,True,stg5diff2_S5d3_b1.bcBXPG,0.773448
pancreas,NEUROG3,neurog3_late,3.0,True,stg5diff2_S5d3_b1.bcAZWT,0.0
pancreas,NEUROG3,neurog3_late,3.0,True,stg5diff2_S5d3_b1.bcCRCB,1.0283625
pancreas,NEUROG3,neurog3_late,3.0,True,stg5diff2_S5d3_b1.bcGBVB,0.0
pancreas,NEUROG3,neurog3_late,3.0,True,stg5diff2_S5d3_b1.bcEHQZ,0.40779454
pancreas,NEUROG3,neurog3_late,3.0,True,stg5diff2_S5d3_b1.bcBRGR,0.77647257
pancreas,NEUROG3,neurog3_late,3.0,True,stg5diff2_S5d3_b1.bcFFYL,1.6726542
pancreas,NEUROG3,neurog3_late,3.0,True,stg5diff2_S5d3_b1.bcGZJJ,0.6869758
pancreas,NEUROG3,neurog3_late,3.0,True,stg5diff2_S5d3_b1.bcFELA,0.0
pancreas,NEUROG3,neurog3_late,3.0,True,stg5diff2_S5d3_b1.bcBFPF,2.2065885
pancreas,NEUROG3,neurog3_late,3.0,True,stg5diff2_S5d3_b1.bcHLVB,0.0
pancreas,NEUROG3,neurog3_late,3.0,True,stg5diff2_S5d3_b1.bcBWLN,0.613189
pancreas,NEUROG3,neurog3_late,3.0,True,stg5diff2_S5d3_b1.bcIJKJ,0.0
pancreas,NEUROG3,neurog3_late,3.0,True,stg5diff2_S5d3_b1.bcDERM,0.60839504
pancreas,NEUROG3,neurog3_late,3.0,True,stg5diff2_S5d3_b1.bcGEUG,1.3333793
pancreas,NEUROG3,neurog3_late,3.0,True,stg5diff2_S5d3_b1.bcEYKH,0.0
pancreas,NEUROG3,neurog3_late,3.0,True,stg5diff2_S5d3_b1.bcFWIV,1.8115094
pancreas,NEUROG3,neurog3_late,3.0,True,stg5diff2_S5d3_b1.bcEAKG,0.0
pancreas,NEUROG3,neurog3_late,3.0,True,stg5diff2_S5d3_b1.bcELKG,0.9594803
pancreas,NEUROG3,neurog3_late,3.0,True,stg5diff2_S5d3_b1.bcAHOS,0.7195497
pancreas,NEUROG3,neurog3_late,3.0,True,stg5diff2_S5d3_b1.bcEVYH,1.1367532
pancreas,NEUROG3,neurog3_late,3.0,True,stg5diff2_S5d3_b1.bcDELA,1.8859593
pancreas,NEUROG3,neurog3_late,3.0,True,stg5diff2_S5d3_b1.bcEJMB,1.3594414
pancreas,NEUROG3,neurog3_late,3.0,True,stg5diff2_S5d3_b1.bcBWHB,1.0673549
pancreas,NEUROG3,neurog3_late,3.0,True,stg5diff2_S5d3_b1.bcBTQD,0.59639007
pancreas,NEUROG3,neurog3_late,3.0,True,stg5diff2_S5d3_b1.bcBTLL,0.0
pancreas,NEUROG3,neurog3_late,3.0,True,stg5diff2_S5d3_b1.bcFVTA,1.5702428
pancreas,NEUROG3,neurog3_late,3.0,True,stg5diff2_S5d3_b1.bcGOUQ,1.5959672
pancreas,NEUROG3,neurog3_late,3.0,True,stg5diff2_S5d3_b1.bcGNIT,0.44094092
pancreas,NEUROG3,neurog3_late,3.0,True,stg5diff2_S5d3_b1.bcBJWV,1.8877611
pancreas,NEUROG3,neurog3_late,3.0,True,stg5diff2_S5d3_b1.bcFQHE,2.2122722
pancreas,NEUROG3,neurog3_late,3.0,True,stg5diff2_S5d3_b1.bcENJQ,2.3547146
pancreas,NEUROG3,neurog3_late,3.0,True,stg5diff2_S5d3_b1.bcCFIG,2.8853703
pancreas,NEUROG3,neurog3_late,3.0,True,stg5diff2_S5d3_b1.bcFZUK,0.0
pancreas,NEUROG3,neurog3_late,3.0,True,stg5diff2_S5d3_b1.bcBXFV,1.0974
pancreas,NEUROG3,neurog3_late,3.0,True,stg5diff2_S5d3_b1.bcAVLS,0.41866446
pancreas,NEUROG3,neurog3_late,3.0,True,stg5diff2_S5d3_b1.bcFYUE,1.1333208
pancreas,NEUROG3,neurog3_late,3.0,True,stg5diff2_S5d3_b1.bcGEKA,1.0485336
pancreas,NEUROG3,neurog3_late,3.0,True,stg5diff2_S5d3_b1.bcDYKB,0.0
pancreas,NEUROG3,neurog3_late,3.0,True,stg5diff2_S5d3_b1.bcICQQ,1.6840863
pancreas,NEUROG3,neurog3_late,3.0,True,stg5diff2_S5d3_b1.bcAIAL,1.0376965
pancreas,NEUROG3,neurog3_late,3.0,True,stg5diff2_S5d3_b1.bcALOD,0.7661904
pancreas,NEUROG3,neurog3_late,3.0,True,stg5diff2_S5d3_b1.bcEGOF,0.0
pancreas,NEUROG3,neurog3_late,3.0,True,stg5diff2_S5d3_b1.bcHRGT,0.43322214
pancreas,NEUROG3,neurog3_late,3.0,True,stg5diff2_S5d3_b1.bcACRO,0.6434696
pancreas,NEUROG3,neurog3_late,3.0,True,stg5diff2_S5d3_b1.bcGHGE,0.9013888
pancreas,NEUROG3,neurog3_late,3.0,True,stg5diff2_S5d3_b1.bcFRQV,1.1395158
pancreas,NEUROG3,neurog3_late,3.0,True,stg5diff2_S5d3_b1.bcASVX,0.0
pancreas,NEUROG3,neurog3_late,3.0,True,stg5diff2_S5d3_b1.bcAIPM,1.7796837
pancreas,NEUROG3,neurog3_late,3.0,True,stg5diff2_S5d3_b1.bcGKLX,0.0
pancreas,NEUROG3,neurog3_late,3.0,True,stg5diff2_S5d3_b1.bcIGKQ,0.0
pancreas,NEUROG3,neurog3_late,3.0,True,stg5diff2_S5d3_b1.bcFXYA,0.0
pancreas,NEUROG3,neurog3_late,3.0,True,stg5diff2_S5d3_b1.bcAHMV,1.3191614
pancreas,NEUROG3,neurog3_late,3.0,True,stg5diff2_S5d3_b1.bcBBWT,0.28078508
pancreas,NEUROG3,neurog3_late,3.0,True,stg5diff2_S5d3_b1.bcAMOB,0.0
pancreas,NEUROG3,neurog3_late,3.0,True,stg5diff2_S5d3_b1.bcIDER,1.6496656
pancreas,NEUROG3,neurog3_late,3.0,True,stg5diff2_S5d3_b1.bcELPQ,0.49721488
pancreas,NEUROG3,neurog3_late,3.0,True,stg5diff2_S5d3_b1.bcDNAQ,2.29925
pancreas,NEUROG3,neurog3_late,3.0,True,stg5diff2_S5d3_b1.bcHGGX,0.75408906
pancreas,NEUROG3,neurog3_late,3.0,True,stg5diff2_S5d3_b1.bcFJSQ,0.94912946
pancreas,NEUROG3,neurog3_late,3.0,True,stg5diff2_S5d3_b1.bcHUEU,0.8874643
pancreas,NEUROG3,neurog3_late,3.0,True,stg5diff2_S5d3_b1.bcBQYJ,1.7934474
pancreas,NEUROG3,neurog3_late,3.0,True,stg5diff2_S5d3_b1.bcHYWJ,1.8991203
pancreas,NEUROG3,neurog3_late,3.0,True,stg5diff2_S5d3_b1.bcAMUC,1.2883533
pancreas,NEUROG3,neurog3_late,3.0,True,stg5diff2_S5d3_b1.bcFJEW,1.6090547
pancreas,NEUROG3,neurog3_late,3.0,True,stg5diff2_S5d3_b1.bcHPQB,0.0
pancreas,NEUROG3,neurog3_late,3.0,True,stg5diff2_S5d3_b1.bcERIK,1.2316105
pancreas,NEUROG3,neurog3_late,3.0,True,stg5diff2_S5d3_b1.bcBDMN,0.0
pancreas,NEUROG3,neurog3_late,3.0,True,stg5diff2_S5d3_b1.bcHWSB,0.84605247
pancreas,NEUROG3,neurog3_late,3.0,True,stg5diff2_S5d3_b1.bcCDDF,0.5009925
pancreas,NEUROG3,neurog3_late,3.0,True,stg5diff2_S5d3_b1.bcHEIO,0.0
pancreas,NEUROG3,neurog3_late,3.0,True,stg5diff2_S5d3_b1.bcCUCW,0.0
pancreas,NEUROG3,neurog3_late,3.0,True,stg5diff2_S5d3_b1.bcCDVU,0.819544
pancreas,NEUROG3,neurog3_late,3.0,True,stg5diff2_S5d3_b1.bcCPYO,0.7881961
pancreas,NEUROG3,neurog3_late,3.0,True,stg5diff2_S5d3_b1.bcHETS,0.0
pancreas,NEUROG3,neurog3_late,3.0,True,stg5diff2_S5d3_b1.bcGJNJ,0.0
pancreas,NEUROG3,neurog3_late,3.0,True,stg5diff2_S5d3_b1.bcHLSX,0.7084652
pancreas,NEUROG3,neurog3_late,3.0,True,stg5diff2_S5d3_b1.bcHKWA,0.0
pancreas,NEUROG3,neurog3_late,3.0,True,stg5diff2_S5d3_b1.bcFZMJ,1.1923052
pancreas,NEUROG3,neurog3_late,3.0,True,stg5diff2_S5d3_b1.bcGRFU,0.0
pancreas,NEUROG3,neurog3_late,3.0,True,stg5diff2_S5d3_b1.bcEWQC,0.77647257
pancreas,NEUROG3,neurog3_late,3.0,True,stg5diff2_S5d3_b1.bcHKMJ,1.3012612
pancreas,NEUROG3,neurog3_late,3.0,True,stg5diff2_S5d3_b1.bcEZWZ,0.0
pancreas,NEUROG3,neurog3_late,3.0,True,stg5diff2_S5d3_b1.bcGKIP,1.4514054
pancreas,NEUROG3,neurog3_late,3.0,True,stg5diff2_S5d3_b1.bcAHUU,0.82244694
pancreas,NEUROG3,neurog3_late,3.0,True,stg5diff2_S5d3_b1.bcBCCX,0.8870617
pancreas,NEUROG3,neurog3_late,3.0,True,stg5diff2_S5d3_b1.bcCLNN,0.55619764
pancreas,NEUROG3,neurog3_late,3.0,True,stg5diff2_S5d3_b1.bcGDNV,1.5494351
pancreas,NEUROG3,neurog3_late,3.0,True,stg5diff2_S5d3_b1.bcDFSJ,1.2347072
pancreas,NEUROG3,neurog3_late,3.0,True,stg5diff2_S5d3_b1.bcAGPD,1.2078439
pancreas,NEUROG3,neurog3_late,3.0,True,stg5diff2_S5d3_b1.bcDPIJ,0.5287607
pancreas,NEUROG3,neurog3_late,3.0,True,stg5diff2_S5d3_b1.bcBXBI,0.0
pancreas,NEUROG3,neurog3_late,3.0,True,stg5diff2_S5d3_b1.bcDGID,2.2444005
pancreas,NEUROG3,neurog3_late,3.0,True,stg5diff2_S5d3_b1.bcCDFC,0.8703025
pancreas,NEUROG3,neurog3_late,3.0,True,stg5diff2_S5d3_b1.bcCAXU,1.354968
pancreas,NEUROG3,neurog3_late,3.0,True,stg5diff2_S5d3_b1.bcGWEN,0.0
pancreas,NEUROG3,neurog3_late,3.0,True,stg5diff2_S5d3_b1.bcHYVM,0.0
pancreas,NEUROG3,neurog3_late,3.0,True,stg5diff2_S5d3_b1.bcAKFS,0.42262217
pancreas,NEUROG3,neurog3_late,3.0,True,stg5diff2_S5d3_b1.bcHAES,0.9254436
pancreas,NEUROG3,neurog3_late,3.0,True,stg5diff2_S5d3_b1.bcBBYJ,1.1965337
pancreas,NEUROG3,neurog3_late,3.0,True,stg5diff2_S5d3_b1.bcFDAI,0.0
pancreas,NEUROG3,neurog3_late,3.0,True,stg5diff2_S5d3_b1.bcGQKF,0.931804
pancreas,NEUROG3,neurog3_late,3.0,True,stg5diff2_S5d3_b1.bcHGWD,1.6004272
pancreas,NEUROG3,neurog3_late,3.0,True,stg5diff2_S5d3_b1.bcBGCO,0.59744525
pancreas,NEUROG3,neurog3_late,3.0,True,stg5diff2_S5d3_b1.bcFEMD,1.1858355
pancreas,NEUROG3,neurog3_late,3.0,True,stg5diff2_S5d3_b1.bcFQUI,1.4769933
pancreas,NEUROG3,neurog3_late,3.0,True,stg5diff2_S5d3_b1.bcECMW,0.0
pancreas,NEUROG3,neurog3_late,3.0,True,stg5diff2_S5d3_b1.bcCPMW,0.34800163
pancreas,NEUROG3,neurog3_late,3.0,True,stg5diff2_S5d3_b1.bcDSKO,0.0
pancreas,NEUROG3,neurog3_late,3.0,True,stg5diff2_S5d3_b1.bcESPM,1.0094208
pancreas,NEUROG3,neurog3_late,3.0,True,stg5diff2_S5d3_b1.bcHEBO,0.8203955
pancreas,NEUROG3,neurog3_late,3.0,True,stg5diff2_S5d3_b1.bcBRGQ,0.48369485
pancreas,NEUROG3,neurog3_late,3.0,True,stg5diff2_S5d3_b1.bcESVO,1.476681
pancreas,NEUROG3,neurog3_late,3.0,True,stg5diff2_S5d3_b1.bcIGNI,1.7894561
pancreas,NEUROG3,neurog3_late,3.0,True,stg5diff2_S5d3_b1.bcGNMB,1.216585
pancreas,NEUROG3,neurog3_late,3.0,True,stg5diff2_S5d3_b1.bcELKD,0.8297128
pancreas,NEUROG3,neurog3_late,3.0,True,stg5diff2_S5d3_b1.bcCMAP,0.0
pancreas,NEUROG3,neurog3_late,3.0,True,stg5diff2_S5d3_b1.bcIEEV,1.7222158
pancreas,NEUROG3,neurog3_late,3.0,True,stg5diff2_S5d3_b1.bcFLUX,2.0011983
pancreas,NEUROG3,neurog3_late,3.0,True,stg5diff2_S5d3_b1.bcBSJG,0.0
pancreas,NEUROG3,neurog3_late,3.0,True,stg5diff2_S5d3_b1.bcGYRX,2.2024949
pancreas,NEUROG3,neurog3_late,3.0,True,stg5diff2_S5d3_b1.bcEVVR,0.9395841
pancreas,NEUROG3,neurog3_late,3.0,True,stg5diff2_S5d3_b1.bcHFEG,0.0
pancreas,NEUROG3,neurog3_late,3.0,True,stg5diff2_S5d3_b1.bcCAJE,0.82606304
pancreas,NEUROG3,neurog3_late,3.0,True,stg5diff2_S5d3_b1.bcHMOS,0.9018054
pancreas,NEUROG3,neurog3_late,3.0,True,stg5diff2_S5d3_b1.bcHXBT,1.488342
pancreas,NEUROG3,neurog3_late,3.0,True,stg5diff2_S5d3_b1.bcERFH,1.0456579
pancreas,NEUROG3,neurog3_late,3.0,True,stg5diff2_S5d3_b1.bcFHXW,2.037021
pancreas,NEUROG3,neurog3_late,3.0,True,stg5diff2_S5d3_b1.bcEQTR,1.0427992
pancreas,NEUROG3,neurog3_late,3.0,True,stg5diff2_S5d3_b1.bcBYDN,0.0
pancreas,NEUROG3,neurog3_late,3.0,True,stg5diff2_S5d3_b1.bcFWWH,0.5414752
pancreas,NEUROG3,neurog3_late,3.0,True,stg5diff2_S5d3_b1.bcDOBJ,0.85457367
pancreas,NEUROG3,neurog3_late,3.0,True,stg5diff2_S5d3_b1.bcBKXT,0.0
pancreas,NEUROG3,neurog3_late,3.0,True,stg5diff2_S5d3_b1.bcASRW,0.0
pancreas,NEUROG3,neurog3_late,3.0,True,stg5diff2_S5d3_b1.bcHCZE,1.1204836
pancreas,NEUROG3,neurog3_late,3.0,True,stg5diff2_S5d3_b1.bcANYE,1.811896
pancreas,NEUROG3,neurog3_late,3.0,True,stg5diff2_S5d3_b1.bcEKQV,1.9212674
pancreas,NEUROG3,neurog3_late,3.0,True,stg5diff2_S5d3_b1.bcIAID,1.4667058
pancreas,NEUROG3,neurog3_late,3.0,True,stg5diff2_S5d3_b1.bcGLEA,0.0
pancreas,NEUROG3,neurog3_late,3.0,True,stg5diff2_S5d3_b1.bcDPTO,0.0
pancreas,NEUROG3,neurog3_late,3.0,True,stg5diff2_S5d3_b1.bcFVIR,1.0807295
pancreas,NEUROG3,neurog3_late,3.0,True,stg5diff2_S5d3_b1.bcETYK,1.3539461
pancreas,NEUROG3,neurog3_late,3.0,True,stg5diff2_S5d3_b1.bcCHZE,1.5129906
pancreas,NEUROG3,neurog3_late,3.0,True,stg5diff2_S5d3_b1.bcHILC,0.0
pancreas,NEUROG3,neurog3_late,3.0,True,stg5diff2_S5d3_b1.bcGBZN,0.0
pancreas,NEUROG3,neurog3_late,3.0,True,stg5diff2_S5d3_b1.bcEGJL,0.75946057
pancreas,NEUROG3,neurog3_late,3.0,True,stg5diff2_S5d3_b1.bcAQTK,1.7477788
pancreas,NEUROG3,neurog3_late,3.0,True,stg5diff2_S5d3_b1.bcATFG,0.4487481
pancreas,NEUROG3,neurog3_late,3.0,True,stg5diff2_S5d3_b1.bcDGRP,0.0
pancreas,NEUROG3,neurog3_late,3.0,True,stg5diff2_S5d3_b1.bcFNPX,0.0
pancreas,NEUROG3,neurog3_late,3.0,True,stg5diff2_S5d3_b1.bcEDKT,1.5136522
pancreas,NEUROG3,neurog3_late,3.0,True,stg5diff2_S5d3_b1.bcFHEE,1.2842658
pancreas,NEUROG3,neurog3_late,3.0,True,stg5diff2_S5d3_b1.bcEHKZ,0.0
pancreas,NEUROG3,neurog3_late,3.0,True,stg5diff2_S5d3_b1.bcDLES,0.5846943
pancreas,NEUROG3,neurog3_late,3.0,True,stg5diff2_S5d3_b1.bcHCKG,0.0
pancreas,NEUROG3,neurog3_late,3.0,True,stg5diff2_S5d3_b1.bcBAZN,0.0
pancreas,NEUROG3,neurog3_late,3.0,True,stg5diff2_S5d3_b1.bcAAOP,1.2735081
pancreas,NEUROG3,neurog3_late,3.0,True,stg5diff2_S5d3_b1.bcGLZO,0.0
pancreas,NEUROG3,neurog3_late,3.0,True,stg5diff2_S5d3_b1.bcCZVG,1.0642166
pancreas,NEUROG3,neurog3_late,3.0,True,stg5diff2_S5d3_b1.bcHMJD,2.1708329
pancreas,NEUROG3,neurog3_late,3.0,True,stg5diff2_S5d3_b1.bcDCSS,1.3087701
pancreas,NEUROG3,neurog3_late,3.0,True,stg5diff2_S5d3_b1.bcCZRL,1.6982124
pancreas,NEUROG3,neurog3_late,3.0,True,stg5diff2_S5d3_b1.bcGWKD,0.98318124
pancreas,NEUROG3,neurog3_late,3.0,True,stg5diff2_S5d3_b1.bcHHXI,1.2191278
pancreas,NEUROG3,neurog3_late,3.0,True,stg5diff2_S5d3_b1.bcFJKW,0.7819798
pancreas,NEUROG3,neurog3_late,3.0,True,stg5diff2_S5d3_b1.bcICQM,0.0
pancreas,NEUROG3,neurog3_late,3.0,True,stg5diff2_S5d3_b1.bcBEMK,1.0479571
pancreas,NEUROG3,neurog3_late,3.0,True,stg5diff2_S5d3_b1.bcETSI,2.1159184
pancreas,NEUROG3,neurog3_late,3.0,True,stg5diff2_S5d3_b1.bcBXUU,1.3953464
pancreas,NEUROG3,neurog3_late,3.0,True,stg5diff2_S5d3_b1.bcIGES,0.82849246
pancreas,NEUROG3,neurog3_late,3.0,True,stg5diff2_S5d3_b1.bcESML,0.0
pancreas,NEUROG3,neurog3_late,3.0,True,stg5diff2_S5d3_b1.bcGACX,1.1753482
pancreas,NEUROG3,neurog3_late,3.0,True,stg5diff2_S5d3_b1.bcEGML,0.27666405
pancreas,NEUROG3,neurog3_late,3.0,True,stg5diff2_S5d3_b1.bcABCT,0.9733381
pancreas,NEUROG3,neurog3_late,3.0,True,stg5diff2_S5d3_b1.bcEGBB,1.5532454
pancreas,NEUROG3,neurog3_late,3.0,True,stg5diff2_S5d3_b1.bcARIV,1.2620814
pancreas,NEUROG3,neurog3_late,3.0,True,stg5diff2_S5d3_b1.bcIJUS,0.5986811
pancreas,NEUROG3,neurog3_late,3.0,True,stg5diff2_S5d3_b1.bcCBXO,1.5810486
pancreas,NEUROG3,neurog3_late,3.0,True,stg5diff2_S5d3_b1.bcAOHT,0.0
pancreas,NEUROG3,neurog3_late,3.0,True,stg5diff2_S5d3_b1.bcBJBX,0.4370934
pancreas,NEUROG3,neurog3_late,3.0,True,stg5diff2_S5d3_b1.bcGTZU,2.0218906
pancreas,NEUROG3,neurog3_late,3.0,True,stg5diff2_S5d3_b1.bcAMLS,0.0
pancreas,NEUROG3,neurog3_late,3.0,True,stg5diff2_S5d3_b1.bcFVRE,0.0
pancreas,NEUROG3,neurog3_late,3.0,True,stg5diff2_S5d3_b1.bcFZPZ,0.0
pancreas,NEUROG3,neurog3_late,3.0,True,stg5diff2_S5d3_b1.bcEOTI,0.7406346
pancreas,NEUROG3,neurog3_late,3.0,True,stg5diff2_S5d3_b1.bcHQNV,1.695596
pancreas,NEUROG3,neurog3_late,3.0,True,stg5diff2_S5d3_b1.bcBTZV,0.0
pancreas,NEUROG3,neurog3_late,3.0,True,stg5diff2_S5d3_b1.bcBZCN,0.0
pancreas,NEUROG3,neurog3_late,3.0,True,stg5diff2_S5d3_b1.bcDDOK,1.060211
pancreas,NEUROG3,neurog3_late,3.0,True,stg5diff2_S5d3_b1.bcAMSE,1.2833614
pancreas,NEUROG3,neurog3_late,3.0,True,stg5diff2_S5d3_b1.bcBYQC,1.330037
pancreas,NEUROG3,neurog3_late,3.0,True,stg5diff2_S5d3_b1.bcBYDO,1.8096063
pancreas,NEUROG3,neurog3_late,3.0,True,stg5diff2_S5d3_b1.bcFDYU,0.5620394
pancreas,NEUROG3,neurog3_late,3.0,True,stg5diff2_S5d3_b1.bcGSRJ,2.3819323
pancreas,NEUROG3,neurog3_late,3.0,True,stg5diff2_S5d3_b1.bcCIDX,1.607142
pancreas,NEUROG3,neurog3_late,3.0,True,stg5diff2_S5d3_b1.bcIFOG,0.0
pancreas,NEUROG3,neurog3_late,3.0,True,stg5diff2_S5d3_b1.bcFDLY,0.0
pancreas,NEUROG3,neurog3_late,3.0,True,stg5diff2_S5d3_b1.bcHFQV,0.0
pancreas,NEUROG3,neurog3_late,3.0,True,stg5diff2_S5d3_b1.bcEBVG,1.9755082
pancreas,NEUROG3,neurog3_late,3.0,True,stg5diff2_S5d3_b1.bcBTKT,0.67942023
pancreas,NEUROG3,neurog3_late,3.0,True,stg5diff2_S5d3_b1.bcDSHO,0.48854482
pancreas,NEUROG3,neurog3_late,3.0,True,stg5diff2_S5d3_b1.bcBTWW,0.0
pancreas,NEUROG3,neurog3_late,3.0,True,stg5diff2_S5d3_b1.bcAEGA,1.7011896
pancreas,NEUROG3,neurog3_late,3.0,True,stg5diff2_S5d3_b1.bcESCD,1.3438233
pancreas,NEUROG3,neurog3_late,3.0,True,stg5diff2_S5d3_b1.bcFEPA,1.1919224
pancreas,NEUROG3,neurog3_late,3.0,True,stg5diff2_S5d3_b1.bcGFAU,0.5789389
pancreas,NEUROG3,neurog3_late,3.0,True,stg5diff2_S5d3_b1.bcCXKX,0.6825376
pancreas,NEUROG3,neurog3_late,3.0,True,stg5diff2_S5d3_b1.bcDGLD,0.3585121
pancreas,NEUROG3,neurog3_late,3.0,True,stg5diff2_S5d3_b1.bcFWYE,2.0165849
pancreas,NEUROG3,neurog3_late,3.0,True,stg5diff2_S5d3_b1.bcIJSR,0.0
pancreas,NEUROG3,neurog3_late,3.0,True,stg5diff2_S5d3_b1.bcDLMI,1.1325232
pancreas,NEUROG3,neurog3_late,3.0,True,stg5diff2_S5d3_b1.bcBCNS,1.1360649
pancreas,NEUROG3,neurog3_late,3.0,True,stg5diff2_S5d3_b1.bcFMPC,1.8358086
pancreas,NEUROG3,neurog3_late,3.0,True,stg5diff2_S5d3_b1.bcBSZD,1.1057978
pancreas,NEUROG3,neurog3_late,3.0,True,stg5diff2_S5d3_b1.bcFJIR,0.0
pancreas,NEUROG3,neurog3_late,3.0,True,stg5diff2_S5d3_b1.bcEJZY,1.9352262
pancreas,NEUROG3,neurog3_late,3.0,True,stg5diff2_S5d3_b1.bcAKIS,0.6513715
pancreas,NEUROG3,neurog3_late,3.0,True,stg5diff2_S5d3_b1.bcAAWY,0.0
pancreas,NEUROG3,neurog3_late,3.0,True,stg5diff2_S5d3_b1.bcETKK,1.7349958
pancreas,NEUROG3,neurog3_late,3.0,True,stg5diff2_S5d3_b1.bcGYAF,1.2365738
pancreas,NEUROG3,neurog3_late,3.0,True,stg5diff2_S5d3_b1.bcFJOL,0.0
pancreas,NEUROG3,neurog3_late,3.0,True,stg5diff2_S5d3_b1.bcGUDI,1.3341191
pancreas,NEUROG3,neurog3_late,3.0,True,stg5diff2_S5d3_b1.bcDHSZ,2.4190938
pancreas,NEUROG3,neurog3_late,3.0,True,stg5diff2_S5d3_b1.bcBKQH,0.0
pancreas,NEUROG3,neurog3_late,3.0,True,stg5diff2_S5d3_b1.bcFXPC,0.0
pancreas,NEUROG3,neurog3_late,3.0,True,stg5diff2_S5d3_b1.bcHXPT,0.0
pancreas,NEUROG3,neurog3_late,3.0,True,stg5diff2_S5d3_b1.bcFCZK,0.0
pancreas,NEUROG3,neurog3_late,3.0,True,stg5diff2_S5d3_b1.bcFRMR,1.4335531
pancreas,NEUROG3,neurog3_late,3.0,True,stg5diff2_S5d3_b1.bcAPHV,0.0
pancreas,NEUROG3,neurog3_late,3.0,True,stg5diff2_S5d3_b1.bcCKWU,0.0
pancreas,NEUROG3,neurog3_late,3.0,True,stg5diff2_S5d3_b1.bcDFTH,1.6240348
pancreas,NEUROG3,neurog3_late,3.0,True,stg5diff2_S5d3_b1.bcEMFM,0.6186288
pancreas,NEUROG3,neurog3_late,3.0,True,stg5diff2_S5d3_b1.bcAIHI,1.0282046
pancreas,NEUROG3,neurog3_late,3.0,True,stg5diff2_S5d3_b1.bcHKTW,1.3490316
pancreas,NEUROG3,neurog3_late,3.0,True,stg5diff2_S5d3_b1.bcHEGO,1.4839044
pancreas,NEUROG3,neurog3_late,3.0,True,stg5diff2_S5d3_b1.bcFIVR,0.9177306
pancreas,NEUROG3,neurog3_late,3.0,True,stg5diff2_S5d3_b1.bcEBNL,0.0
pancreas,NEUROG3,neurog3_late,3.0,True,stg5diff2_S5d3_b1.bcGOGV,0.8510574
pancreas,NEUROG3,neurog3_late,3.0,True,stg5diff2_S5d3_b1.bcEBJZ,0.9056155
pancreas,NEUROG3,neurog3_late,3.0,True,stg5diff2_S5d3_b1.bcCXIB,1.0325361
pancreas,NEUROG3,neurog3_late,3.0,True,stg5diff2_S5d3_b1.bcCRCY,2.1334784
pancreas,NEUROG3,neurog3_late,3.0,True,stg5diff2_S5d3_b1.bcFFCA,1.9012723
pancreas,NEUROG3,neurog3_late,3.0,True,stg5diff2_S5d3_b1.bcCZXY,1.0048404
pancreas,NEUROG3,neurog3_late,3.0,True,stg5diff2_S5d3_b1.bcDIDV,1.9750099
pancreas,NEUROG3,neurog3_late,3.0,True,stg5diff2_S5d3_b1.bcHFQG,2.126533
pancreas,NEUROG3,neurog3_late,3.0,True,stg5diff2_S5d3_b1.bcETAH,0.6102297
pancreas,NEUROG3,neurog3_late,3.0,True,stg5diff2_S5d3_b1.bcGWTR,0.99978423
pancreas,NEUROG3,neurog3_late,3.0,True,stg5diff2_S5d3_b1.bcDPPO,0.0
pancreas,NEUROG3,neurog3_late,3.0,True,stg5diff2_S5d3_b1.bcGJBW,0.0
pancreas,NEUROG3,neurog3_late,3.0,True,stg5diff2_S5d3_b1.bcEUDC,0.0
pancreas,NEUROG3,neurog3_late,3.0,True,stg5diff2_S5d3_b1.bcFLUE,0.26926506
pancreas,NEUROG3,neurog3_late,3.0,True,stg5diff2_S5d3_b1.bcEGAU,0.0
pancreas,NEUROG3,neurog3_late,3.0,True,stg5diff2_S5d3_b1.bcEEHN,0.9242705
pancreas,NEUROG3,neurog3_late,3.0,True,stg5diff2_S5d3_b1.bcAXOO,1.2275087
pancreas,NEUROG3,neurog3_late,3.0,True,stg5diff2_S5d3_b1.bcEPGL,1.1478933
pancreas,NEUROG3,neurog3_late,3.0,True,stg5diff2_S5d3_b1.bcHTZL,1.1921775
pancreas,NEUROG3,neurog3_late,3.0,True,stg5diff2_S5d3_b1.bcFABC,0.0
pancreas,NEUROG3,neurog3_late,3.0,True,stg5diff2_S5d3_b1.bcANSX,1.3435725
pancreas,NEUROG3,neurog3_late,3.0,True,stg5diff2_S5d3_b1.bcFHTN,2.1976507
pancreas,NEUROG3,neurog3_late,3.0,True,stg5diff2_S5d3_b1.bcFILX,0.0
pancreas,NEUROG3,neurog3_late,3.0,True,stg5diff2_S5d3_b1.bcFSAE,0.0
pancreas,NEUROG3,neurog3_late,3.0,True,stg5diff2_S5d3_b1.bcHFBY,0.39656368
pancreas,NEUROG3,neurog3_late,3.0,True,stg5diff2_S5d3_b1.bcFXGL,0.94727325
pancreas,NEUROG3,neurog3_late,3.0,True,stg5diff2_S5d3_b1.bcAKMV,1.5591857
pancreas,NEUROG3,neurog3_late,3.0,True,stg5diff2_S5d3_b1.bcFOVY,1.2641152
pancreas,NEUROG3,neurog3_late,3.0,True,stg5diff2_S5d3_b1.bcFQIZ,1.0145833
pancreas,NEUROG3,neurog3_late,3.0,True,stg5diff2_S5d3_b1.bcGNDD,1.1873506
pancreas,NEUROG3,neurog3_late,3.0,True,stg5diff2_S5d3_b1.bcBFPT,2.5719664
pancreas,NEUROG3,neurog3_late,3.0,True,stg5diff2_S5d3_b1.bcBCPP,1.2382381
pancreas,NEUROG3,neurog3_late,3.0,True,stg5diff2_S5d3_b1.bcHNDO,1.0973362
pancreas,NEUROG3,neurog3_late,3.0,True,stg5diff2_S5d3_b1.bcBOKZ,0.62378377
pancreas,NEUROG3,neurog3_late,3.0,True,stg5diff2_S5d3_b1.bcBVKO,0.94835514
pancreas,NEUROG3,neurog3_late,3.0,True,stg5diff2_S5d3_b1.bcDUEI,1.9338913
pancreas,NEUROG3,neurog3_late,3.0,True,stg5diff2_S5d3_b1.bcDWYN,1.0065968
pancreas,NEUROG3,neurog3_late,3.0,True,stg5diff2_S5d3_b1.bcFRLG,1.2082381
pancreas,NEUROG3,neurog3_late,3.0,True,stg5diff2_S5d3_b1.bcENPZ,1.9018528
pancreas,NEUROG3,neurog3_late,3.0,True,stg5diff2_S5d3_b1.bcBKES,1.6396245
pancreas,NEUROG3,neurog3_late,3.0,True,stg5diff2_S5d3_b1.bcEDON,2.140912
pancreas,NEUROG3,neurog3_late,3.0,True,stg5diff2_S5d3_b1.bcCSPX,0.0
pancreas,NEUROG3,neurog3_late,3.0,True,stg5diff2_S5d3_b1.bcADDD,0.62224716
pancreas,NEUROG3,neurog3_late,3.0,True,stg5diff2_S5d3_b1.bcIBPD,1.8240787
pancreas,NEUROG3,neurog3_late,3.0,True,stg5diff2_S5d3_b1.bcCRAS,1.27499
pancreas,NEUROG3,neurog3_late,3.0,True,stg5diff2_S5d3_b1.bcDJJB,0.539539
pancreas,NEUROG3,neurog3_late,3.0,True,stg5diff2_S5d3_b1.bcCGCO,0.7970756
pancreas,NEUROG3,neurog3_late,3.0,True,stg5diff2_S5d3_b1.bcFDFW,0.0
pancreas,NEUROG3,neurog3_late,3.0,True,stg5diff2_S5d3_b1.bcCTHR,0.9921745
pancreas,NEUROG3,neurog3_late,3.0,True,stg5diff2_S5d3_b1.bcGQGN,0.9710528
pancreas,NEUROG3,neurog3_late,3.0,True,stg5diff2_S5d3_b1.bcDLTM,1.7339729
pancreas,NEUROG3,neurog3_late,3.0,True,stg5diff2_S5d3_b1.bcHRUK,0.54884624
pancreas,NEUROG3,neurog3_late,3.0,True,stg5diff2_S5d3_b1.bcHZSF,1.5283854
pancreas,NEUROG3,neurog3_late,3.0,True,stg5diff2_S5d3_b1.bcFKXK,1.4473405
pancreas,NEUROG3,neurog3_late,3.0,True,stg5diff2_S5d3_b1.bcFUGB,1.367632
pancreas,NEUROG3,neurog3_late,3.0,True,stg5diff2_S5d3_b1.bcBSPJ,0.62052774
pancreas,NEUROG3,neurog3_late,3.0,True,stg5diff2_S5d3_b1.bcFJPU,1.2066628
pancreas,NEUROG3,neurog3_late,3.0,True,stg5diff2_S5d3_b1.bcFNBK,0.9309109
pancreas,NEUROG3,neurog3_late,3.0,True,stg5diff2_S5d3_b1.bcFXPY,0.0
pancreas,NEUROG3,neurog3_late,3.0,True,stg5diff2_S5d3_b1.bcFUOQ,0.58782923
pancreas,NEUROG3,neurog3_late,3.0,True,stg5diff2_S5d3_b1.bcETRT,0.6163658
pancreas,NEUROG3,neurog3_late,3.0,True,stg5diff2_S5d3_b1.bcBGND,1.3876616
pancreas,NEUROG3,neurog3_late,3.0,True,stg5diff2_S5d3_b1.bcCJRN,0.46386915
pancreas,NEUROG3,neurog3_late,3.0,True,stg5diff2_S5d3_b1.bcCDDT,0.830937
pancreas,NEUROG3,neurog3_late,3.0,True,stg5diff2_S5d3_b1.bcHHJO,1.1265242
pancreas,NEUROG3,neurog3_late,3.0,True,stg5diff2_S5d3_b1.bcHGQJ,1.0508466
pancreas,NEUROG3,neurog3_late,3.0,True,stg5diff2_S5d3_b1.bcEIZU,0.0
pancreas,NEUROG3,neurog3_late,3.0,True,stg5diff2_S5d3_b1.bcFTLA,1.5372529
pancreas,NEUROG3,neurog3_late,3.0,True,stg5diff2_S5d3_b1.bcESOS,0.9422085
pancreas,NEUROG3,neurog3_late,3.0,True,stg5diff2_S5d3_b1.bcBGZU,0.9935838
pancreas,NEUROG3,neurog3_late,3.0,True,stg5diff2_S5d3_b1.bcHSNF,0.6669086
pancreas,NEUROG3,neurog3_late,3.0,True,stg5diff2_S5d3_b1.bcEPMX,1.814202
pancreas,NEUROG3,neurog3_late,3.0,True,stg5diff2_S5d3_b1.bcFGHY,1.2090275
pancreas,NEUROG3,neurog3_late,3.0,True,stg5diff2_S5d3_b1.bcGCMO,0.0
pancreas,NEUROG3,neurog3_late,3.0,True,stg5diff2_S5d3_b1.bcGZNN,0.80191964
pancreas,NEUROG3,neurog3_late,3.0,True,stg5diff2_S5d3_b1.bcCEJV,1.8046525
pancreas,NEUROG3,neurog3_late,3.0,True,stg5diff2_S5d3_b1.bcFYYJ,2.7247555
pancreas,NEUROG3,neurog3_late,3.0,True,stg5diff2_S5d3_b1.bcCVKP,2.028731
pancreas,NEUROG3,neurog3_late,3.0,True,stg5diff2_S5d3_b1.bcHEPK,2.1261816
pancreas,NEUROG3,neurog3_late,3.0,True,stg5diff2_S5d3_b1.bcDXNC,1.8714222
pancreas,NEUROG3,neurog3_late,3.0,True,stg5diff2_S5d3_b1.bcHLMF,0.502347
pancreas,NEUROG3,neurog3_late,3.0,True,stg5diff2_S5d3_b1.bcGWLQ,1.4441314
pancreas,NEUROG3,neurog3_late,3.0,True,stg5diff2_S5d3_b1.bcAPZL,1.0947937
pancreas,NEUROG3,neurog3_late,3.0,True,stg5diff2_S5d3_b1.bcFLCH,0.0
pancreas,NEUROG3,neurog3_late,3.0,True,stg5diff2_S5d3_b1.bcGPPO,0.0
pancreas,NEUROG3,neurog3_late,3.0,True,stg5diff2_S5d3_b1.bcAIAB,0.0
pancreas,NEUROG3,neurog3_late,3.0,True,stg5diff2_S5d3_b1.bcBTVD,0.89033407
pancreas,NEUROG3,neurog3_late,3.0,True,stg5diff2_S5d3_b1.bcASZO,1.5448523
pancreas,NEUROG3,neurog3_late,3.0,True,stg5diff2_S5d3_b1.bcCDDK,0.4560291
pancreas,NEUROG3,neurog3_late,3.0,True,stg5diff2_S5d3_b1.bcAOGJ,1.5946537
pancreas,NEUROG3,neurog3_late,3.0,True,stg5diff2_S5d3_b1.bcHTCU,0.620147
pancreas,NEUROG3,neurog3_late,3.0,True,stg5diff2_S5d3_b1.bcBHDV,0.6261034
pancreas,NEUROG3,neurog3_late,3.0,True,stg5diff2_S5d3_b1.bcELVC,0.0
pancreas,NEUROG3,neurog3_late,3.0,True,stg5diff2_S5d3_b1.bcCQBX,0.0
pancreas,NEUROG3,neurog3_late,3.0,True,stg5diff2_S5d3_b1.bcGBNJ,1.5803494
pancreas,NEUROG3,neurog3_late,3.0,True,stg5diff2_S5d3_b1.bcABZG,0.0
pancreas,NEUROG3,neurog3_late,3.0,True,stg5diff2_S5d3_b1.bcHHSY,2.1634502
pancreas,NEUROG3,neurog3_late,3.0,True,stg5diff2_S5d3_b1.bcELXX,0.0
pancreas,NEUROG3,neurog3_late,3.0,True,stg5diff2_S5d3_b1.bcBZUW,0.0
pancreas,NEUROG3,neurog3_late,3.0,True,stg5diff2_S5d3_b1.bcFUPG,1.2015743
pancreas,NEUROG3,neurog3_late,3.0,True,stg5diff2_S5d3_b1.bcEVIZ,0.0
pancreas,NEUROG3,neurog3_late,3.0,True,stg5diff2_S5d3_b1.bcDBHX,1.2784133
pancreas,NEUROG3,neurog3_late,3.0,True,stg5diff2_S5d3_b1.bcGZCV,0.0
pancreas,NEUROG3,neurog3_late,3.0,True,stg5diff2_S5d3_b1.bcEBLR,2.0754688
pancreas,NEUROG3,neurog3_late,3.0,True,stg5diff2_S5d3_b1.bcEQEN,0.8428506
pancreas,NEUROG3,neurog3_late,3.0,True,stg5diff2_S5d3_b1.bcGJWG,0.7123738
pancreas,NEUROG3,neurog3_late,3.0,True,stg5diff2_S5d3_b1.bcEGMF,0.97056466
pancreas,NEUROG3,neurog3_late,3.0,True,stg5diff2_S5d3_b1.bcFZZJ,1.0167364
pancreas,NEUROG3,neurog3_late,3.0,True,stg5diff2_S5d3_b1.bcBPMW,0.0
pancreas,NEUROG3,neurog3_late,3.0,True,stg5diff2_S5d3_b1.bcCZPN,1.1877302
pancreas,NEUROG3,neurog3_late,3.0,True,stg5diff2_S5d3_b1.bcCLNR,0.0
pancreas,NEUROG3,neurog3_late,3.0,True,stg5diff2_S5d3_b1.bcCROQ,1.3280799
pancreas,NEUROG3,neurog3_late,3.0,True,stg5diff2_S5d3_b1.bcGUFY,1.5881873
pancreas,NEUROG3,neurog3_late,3.0,True,stg5diff2_S5d3_b1.bcCHVN,2.4585583
pancreas,NEUROG3,neurog3_late,3.0,True,stg5diff2_S5d3_b1.bcBYFX,0.0
pancreas,NEUROG3,neurog3_late,3.0,True,stg5diff2_S5d3_b1.bcAZCT,0.0
pancreas,NEUROG3,neurog3_late,3.0,True,stg5diff2_S5d3_b1.bcGJXI,1.3346951
pancreas,NEUROG3,neurog3_late,3.0,True,stg5diff2_S5d3_b1.bcBDTJ,1.1772057
pancreas,NEUROG3,neurog3_late,3.0,True,stg5diff2_S5d3_b1.bcFRXW,0.0
pancreas,NEUROG3,neurog3_late,3.0,True,stg5diff2_S5d3_b1.bcHWGI,0.0
pancreas,NEUROG3,neurog3_late,3.0,True,stg5diff2_S5d3_b1.bcGIQO,1.0119059
pancreas,NEUROG3,neurog3_late,3.0,True,stg5diff2_S5d3_b1.bcBOSD,0.0
pancreas,NEUROG3,neurog3_late,3.0,True,stg5diff2_S5d3_b1.bcEIAN,1.5314897
pancreas,NEUROG3,neurog3_late,3.0,True,stg5diff2_S5d3_b1.bcHJLG,1.3326403
pancreas,NEUROG3,neurog3_late,3.0,True,stg5diff2_S5d3_b1.bcEYDS,1.9433914
pancreas,NEUROG3,neurog3_late,3.0,True,stg5diff2_S5d3_b1.bcGENP,0.87633616
pancreas,NEUROG3,neurog3_late,3.0,True,stg5diff2_S5d3_b1.bcFBQA,0.6996792
pancreas,NEUROG3,neurog3_late,3.0,True,stg5diff2_S5d3_b1.bcFTMP,0.0
pancreas,NEUROG3,neurog3_late,3.0,True,stg5diff2_S5d3_b1.bcAYZM,0.95498097
pancreas,NEUROG3,neurog3_late,3.0,True,stg5diff2_S5d3_b1.bcHGIU,0.0
pancreas,NEUROG3,neurog3_late,3.0,True,stg5diff2_S5d3_b1.bcGVIH,0.86151016
pancreas,NEUROG3,neurog3_late,3.0,True,stg5diff1_S5d3_b2.bcCBJR,0.7062161
pancreas,NEUROG3,neurog3_late,3.0,True,stg5diff1_S5d3_b2.bcHZRH,1.2071546
pancreas,NEUROG3,neurog3_late,3.0,True,stg5diff1_S5d3_b2.bcATRN,0.7029935
pancreas,NEUROG3,neurog3_late,3.0,True,stg5diff1_S5d3_b2.bcBIXM,0.0
pancreas,NEUROG3,neurog3_late,3.0,True,stg5diff1_S5d3_b2.bcFALI,0.0
pancreas,NEUROG3,neurog3_late,3.0,True,stg5diff1_S5d3_b2.bcDLMX,1.0307385
pancreas,NEUROG3,neurog3_late,3.0,True,stg5diff1_S5d3_b2.bcBWQO,0.82244694
pancreas,NEUROG3,neurog3_late,3.0,True,stg5diff1_S5d3_b2.bcCSUK,0.0
pancreas,NEUROG3,neurog3_late,3.0,True,stg5diff1_S5d3_b2.bcFKEM,1.6150194
pancreas,NEUROG3,neurog3_late,3.0,True,stg5diff1_S5d3_b2.bcFCNH,0.6590452
pancreas,NEUROG3,neurog3_late,3.0,True,stg5diff1_S5d3_b2.bcHWDC,0.7743527
pancreas,NEUROG3,neurog3_late,3.0,True,stg5diff1_S5d3_b2.bcEOPH,0.0
pancreas,NEUROG3,neurog3_late,3.0,True,stg5diff1_S5d3_b2.bcASQS,0.94129384
pancreas,NEUROG3,neurog3_late,3.0,True,stg5diff1_S5d3_b2.bcGHJY,1.3681024
pancreas,NEUROG3,neurog3_late,3.0,True,stg5diff1_S5d3_b2.bcCGWU,1.4118026
pancreas,NEUROG3,neurog3_late,3.0,True,stg5diff1_S5d3_b2.bcFUOT,0.0
pancreas,NEUROG3,neurog3_late,3.0,True,stg5diff1_S5d3_b2.bcBSPU,1.3389926
pancreas,NEUROG3,neurog3_late,3.0,True,stg5diff1_S5d3_b2.bcDAUD,0.0
pancreas,NEUROG3,neurog3_late,3.0,True,stg5diff1_S5d3_b2.bcBJRD,0.0
pancreas,NEUROG3,neurog3_late,3.0,True,stg5diff1_S5d3_b2.bcGGZM,0.0
pancreas,NEUROG3,neurog3_late,3.0,True,stg5diff1_S5d3_b2.bcHKOQ,0.42244855
pancreas,NEUROG3,neurog3_late,3.0,True,stg5diff1_S5d3_b2.bcEGSE,1.9540563
pancreas,NEUROG3,neurog3_late,3.0,True,stg5diff1_S5d3_b2.bcBCLK,0.40771374
pancreas,NEUROG3,neurog3_late,3.0,True,stg5diff1_S5d3_b2.bcDEXS,1.4535683
pancreas,NEUROG3,neurog3_late,3.0,True,stg5diff1_S5d3_b2.bcGIFP,0.0
pancreas,NEUROG3,neurog3_late,3.0,True,stg5diff1_S5d3_b2.bcGUIM,1.4725105
pancreas,NEUROG3,neurog3_late,3.0,True,stg5diff1_S5d3_b2.bcEQMV,0.0
pancreas,NEUROG3,neurog3_late,3.0,True,stg5diff1_S5d3_b2.bcIFRF,0.0
pancreas,NEUROG3,neurog3_late,3.0,True,stg5diff1_S5d3_b2.bcEKLD,0.7379855
pancreas,NEUROG3,neurog3_late,3.0,True,stg5diff1_S5d3_b2.bcHQAL,0.79836136
pancreas,NEUROG3,neurog3_late,3.0,True,stg5diff1_S5d3_b2.bcEKFO,0.8392566
pancreas,NEUROG3,neurog3_late,3.0,True,stg5diff1_S5d3_b2.bcGRWG,0.0
pancreas,NEUROG3,neurog3_late,3.0,True,stg5diff1_S5d3_b2.bcFIHL,1.2525918
pancreas,NEUROG3,neurog3_late,3.0,True,stg5diff1_S5d3_b2.bcFVRF,1.5236609
pancreas,NEUROG3,neurog3_late,3.0,True,stg5diff1_S5d3_b2.bcDJTM,1.2577479
pancreas,NEUROG3,neurog3_late,3.0,True,stg5diff1_S5d3_b2.bcFHGK,2.0214367
pancreas,NEUROG3,neurog3_late,3.0,True,stg5diff1_S5d3_b2.bcFPOF,1.2229507
pancreas,NEUROG3,neurog3_late,3.0,True,stg5diff1_S5d3_b2.bcHNAG,0.0
pancreas,NEUROG3,neurog3_late,3.0,True,stg5diff1_S5d3_b2.bcAWFT,0.5737847
pancreas,NEUROG3,neurog3_late,3.0,True,stg5diff1_S5d3_b2.bcAIXL,1.676707
pancreas,NEUROG3,neurog3_late,3.0,True,stg5diff1_S5d3_b2.bcHZKR,0.5763091
pancreas,NEUROG3,neurog3_late,3.0,True,stg5diff1_S5d3_b2.bcAXYG,0.97350174
pancreas,NEUROG3,neurog3_late,3.0,True,stg5diff1_S5d3_b2.bcCRRL,2.008539
pancreas,NEUROG3,neurog3_late,3.0,True,stg5diff1_S5d3_b2.bcEXLM,0.0
pancreas,NEUROG3,neurog3_late,3.0,True,stg5diff1_S5d3_b2.bcEWHW,1.5490353
pancreas,NEUROG3,neurog3_late,3.0,True,stg5diff1_S5d3_b2.bcEXNK,1.3699877
pancreas,NEUROG3,neurog3_late,3.0,True,stg5diff1_S5d3_b2.bcATHX,0.0
pancreas,NEUROG3,neurog3_late,3.0,True,stg5diff1_S5d3_b2.bcECQB,0.0
pancreas,NEUROG3,neurog3_late,3.0,True,stg5diff1_S5d3_b2.bcGGZH,0.71645594
pancreas,NEUROG3,neurog3_late,3.0,True,stg5diff1_S5d3_b2.bcHBBW,0.5750033
pancreas,NEUROG3,neurog3_late,3.0,True,stg5diff1_S5d3_b2.bcFUJI,0.0
pancreas,NEUROG3,neurog3_late,3.0,True,stg5diff1_S5d3_b2.bcCVIR,0.0
pancreas,NEUROG3,neurog3_late,3.0,True,stg5diff1_S5d3_b2.bcHOFV,1.392072
pancreas,NEUROG3,neurog3_late,3.0,True,stg5diff1_S5d3_b2.bcDCKR,0.0
pancreas,NEUROG3,neurog3_late,3.0,True,stg5diff1_S5d3_b2.bcDCOG,1.6340342
pancreas,NEUROG3,neurog3_late,3.0,True,stg5diff1_S5d3_b2.bcBFDH,1.0468061
pancreas,NEUROG3,neurog3_late,3.0,True,stg5diff1_S5d3_b2.bcGIZM,2.2280498
pancreas,NEUROG3,neurog3_late,3.0,True,stg5diff1_S5d3_b2.bcHXEY,1.3066819
pancreas,NEUROG3,neurog3_late,3.0,True,stg5diff1_S5d3_b2.bcFDLF,0.0
pancreas,NEUROG3,neurog3_late,3.0,True,stg5diff1_S5d3_b2.bcDNIW,0.0
pancreas,NEUROG3,neurog3_late,3.0,True,stg5diff1_S5d3_b2.bcFHOP,0.65954906
pancreas,NEUROG3,neurog3_late,3.0,True,stg5diff1_S5d3_b2.bcEARX,0.0
pancreas,NEUROG3,neurog3_late,3.0,True,stg5diff1_S5d3_b2.bcGNQP,1.1628873
pancreas,NEUROG3,neurog3_late,3.0,True,stg5diff1_S5d3_b2.bcFITA,0.79377425
pancreas,NEUROG3,neurog3_late,3.0,True,stg5diff1_S5d3_b2.bcAEJG,0.7012709
pancreas,NEUROG3,neurog3_late,3.0,True,stg5diff1_S5d3_b2.bcHWLL,2.0682032
pancreas,NEUROG3,neurog3_late,3.0,True,stg5diff1_S5d3_b2.bcGNVL,0.8777109
pancreas,NEUROG3,neurog3_late,3.0,True,stg5diff1_S5d3_b2.bcAYFZ,1.337336
pancreas,NEUROG3,neurog3_late,3.0,True,stg5diff1_S5d3_b2.bcIGVA,1.7368407
pancreas,NEUROG3,neurog3_late,3.0,True,stg5diff1_S5d3_b2.bcEELT,0.78647625
pancreas,NEUROG3,neurog3_late,3.0,True,stg5diff1_S5d3_b2.bcELVS,1.0437503
pancreas,NEUROG3,neurog3_late,3.0,True,stg5diff1_S5d3_b2.bcICRS,0.0
pancreas,NEUROG3,neurog3_late,3.0,True,stg5diff1_S5d3_b2.bcBJZW,0.0
pancreas,NEUROG3,neurog3_late,3.0,True,stg5diff1_S5d3_b2.bcCXJQ,1.0951108
pancreas,NEUROG3,neurog3_late,3.0,True,stg5diff1_S5d3_b2.bcDOUR,2.4336426
pancreas,NEUROG3,neurog3_late,3.0,True,stg5diff1_S5d3_b2.bcEHUE,1.6447226
pancreas,NEUROG3,neurog3_late,3.0,True,stg5diff1_S5d3_b2.bcEQGZ,0.0
pancreas,NEUROG3,neurog3_late,3.0,True,stg5diff1_S5d3_b2.bcCAGA,0.43158427
pancreas,NEUROG3,neurog3_late,3.0,True,stg5diff1_S5d3_b2.bcHSWH,0.65839857
pancreas,NEUROG3,neurog3_late,3.0,True,stg5diff1_S5d3_b2.bcAICK,0.0
pancreas,NEUROG3,neurog3_late,3.0,True,stg5diff1_S5d3_b2.bcGOGG,0.0
pancreas,NEUROG3,neurog3_late,3.0,True,stg5diff1_S5d3_b2.bcGIMW,1.6893138
pancreas,NEUROG3,neurog3_late,3.0,True,stg5diff1_S5d3_b2.bcHFMS,0.0
pancreas,NEUROG3,neurog3_late,3.0,True,stg5diff1_S5d3_b2.bcEHPQ,1.2970802
pancreas,NEUROG3,neurog3_late,3.0,True,stg5diff1_S5d3_b2.bcAZRV,0.0
pancreas,NEUROG3,neurog3_late,3.0,True,stg5diff1_S5d3_b2.bcFOKD,0.56110865
pancreas,NEUROG3,neurog3_late,3.0,True,stg5diff1_S5d3_b2.bcDPFT,1.9597546
pancreas,NEUROG3,neurog3_late,3.0,True,stg5diff1_S5d3_b2.bcGJGU,1.7953956
pancreas,NEUROG3,neurog3_late,3.0,True,stg5diff1_S5d3_b2.bcHTGF,0.0
pancreas,NEUROG3,neurog3_late,3.0,True,stg5diff1_S5d3_b2.bcEUPH,1.2815571
pancreas,NEUROG3,neurog3_late,3.0,True,stg5diff1_S5d3_b2.bcFFVS,2.1195612
pancreas,NEUROG3,neurog3_late,3.0,True,stg5diff1_S5d3_b2.bcEVTE,0.6261034
pancreas,NEUROG3,neurog3_late,3.0,True,stg5diff1_S5d3_b2.bcCDQY,1.2376828
pancreas,NEUROG3,neurog3_late,3.0,True,stg5diff1_S5d3_b2.bcBXHL,1.1610796
pancreas,NEUROG3,neurog3_late,3.0,True,stg5diff1_S5d3_b2.bcBBUG,1.0616907
pancreas,NEUROG3,neurog3_late,3.0,True,stg5diff1_S5d3_b2.bcDWWA,0.0
pancreas,NEUROG3,neurog3_late,3.0,True,stg5diff1_S5d3_b2.bcDOBW,0.0
pancreas,NEUROG3,neurog3_late,3.0,True,stg5diff1_S5d3_b2.bcGSZX,1.953547
pancreas,NEUROG3,neurog3_late,3.0,True,stg5diff1_S5d3_b2.bcHVWO,1.6026495
pancreas,NEUROG3,neurog3_late,3.0,True,stg5diff1_S5d3_b2.bcFNLU,1.4048142
pancreas,NEUROG3,neurog3_late,3.0,True,stg5diff1_S5d3_b2.bcGUXX,0.73885113
pancreas,NEUROG3,neurog3_late,3.0,True,stg5diff1_S5d3_b2.bcEVTK,1.5725347
pancreas,NEUROG3,neurog3_late,3.0,True,stg5diff1_S5d3_b2.bcGFZA,0.97930944
pancreas,NEUROG3,neurog3_late,3.0,True,stg5diff1_S5d3_b2.bcDNDK,1.3040655
pancreas,NEUROG3,neurog3_late,3.0,True,stg5diff1_S5d3_b2.bcHZAV,1.7821417
pancreas,NEUROG3,neurog3_late,3.0,True,stg5diff1_S5d3_b2.bcEIPC,1.2715874
pancreas,NEUROG3,neurog3_late,3.0,True,stg5diff1_S5d3_b2.bcEOFW,1.1021385
pancreas,NEUROG3,neurog3_late,3.0,True,stg5diff1_S5d3_b2.bcFVQM,0.79008126
pancreas,NEUROG3,neurog3_late,3.0,True,stg5diff1_S5d3_b2.bcAQRV,0.7454814
pancreas,NEUROG3,neurog3_late,3.0,True,stg5diff1_S5d3_b2.bcDWKB,0.93314713
pancreas,NEUROG3,neurog3_late,3.0,True,stg5diff1_S5d3_b2.bcGSXF,1.0560918
pancreas,NEUROG3,neurog3_late,3.0,True,stg5diff1_S5d3_b2.bcIFJF,0.42941988
pancreas,NEUROG3,neurog3_late,3.0,True,stg5diff1_S5d3_b2.bcIAXJ,0.75714874
pancreas,NEUROG3,neurog3_late,3.0,True,stg5diff1_S5d3_b2.bcBWSM,0.0
pancreas,NEUROG3,neurog3_late,3.0,True,stg5diff1_S5d3_b2.bcEHWP,1.2779655
pancreas,NEUROG3,neurog3_late,3.0,True,stg5diff1_S5d3_b2.bcHLKS,0.0
pancreas,NEUROG3,neurog3_late,3.0,True,stg5diff1_S5d3_b2.bcDPKG,0.7151751
pancreas,NEUROG3,neurog3_late,3.0,True,stg5diff1_S5d3_b2.bcICWS,1.4821379
pancreas,NEUROG3,neurog3_late,3.0,True,stg5diff1_S5d3_b2.bcEEVQ,0.0
pancreas,NEUROG3,neurog3_late,3.0,True,stg5diff1_S5d3_b2.bcGNPY,1.0198035
pancreas,NEUROG3,neurog3_late,3.0,True,stg5diff1_S5d3_b2.bcEIGW,0.34654242
pancreas,NEUROG3,neurog3_late,3.0,True,stg5diff1_S5d3_b2.bcGXRY,1.0016956
pancreas,NEUROG3,neurog3_late,3.0,True,stg5diff1_S5d3_b2.bcBKGK,1.2640425
pancreas,NEUROG3,neurog3_late,3.0,True,stg5diff1_S5d3_b2.bcHSCL,1.2534479
pancreas,NEUROG3,neurog3_late,3.0,True,stg5diff1_S5d3_b2.bcBGQU,0.7117404
pancreas,NEUROG3,neurog3_late,3.0,True,stg5diff1_S5d3_b2.bcEYIO,1.2735081
pancreas,NEUROG3,neurog3_late,3.0,True,stg5diff1_S5d3_b2.bcBSSJ,0.83198935
pancreas,NEUROG3,neurog3_late,3.0,True,stg5diff1_S5d3_b2.bcBEEG,0.43432108
pancreas,NEUROG3,neurog3_late,3.0,True,stg5diff1_S5d3_b2.bcDESA,0.9486647
pancreas,NEUROG3,neurog3_late,3.0,True,stg5diff1_S5d3_b2.bcCSOZ,1.395164
pancreas,NEUROG3,neurog3_late,3.0,True,stg5diff1_S5d3_b2.bcHIED,0.0
pancreas,NEUROG3,neurog3_late,3.0,True,stg5diff1_S5d3_b2.bcDYKZ,1.5608573
pancreas,NEUROG3,neurog3_late,3.0,True,stg5diff1_S5d3_b2.bcDZIF,1.7504578
pancreas,NEUROG3,neurog3_late,3.0,True,stg5diff1_S5d3_b2.bcEUXN,1.0008259
pancreas,NEUROG3,neurog3_late,3.0,True,stg5diff1_S5d3_b2.bcAOID,1.5755454
pancreas,NEUROG3,neurog3_late,3.0,True,stg5diff1_S5d3_b2.bcBLNO,0.0
pancreas,NEUROG3,neurog3_late,3.0,True,stg5diff1_S5d3_b2.bcDRII,0.0
pancreas,NEUROG3,neurog3_late,3.0,True,stg5diff1_S5d3_b2.bcEQVX,0.0
pancreas,NEUROG3,neurog3_late,3.0,True,stg5diff1_S5d3_b2.bcDTZU,1.1621635
pancreas,NEUROG3,neurog3_late,3.0,True,stg5diff1_S5d3_b2.bcAJHN,0.0
pancreas,NEUROG3,neurog3_late,3.0,True,stg5diff1_S5d3_b2.bcCMYG,0.0
pancreas,NEUROG3,neurog3_late,3.0,True,stg5diff1_S5d3_b2.bcIBEY,1.8463037
pancreas,NEUROG3,neurog3_late,3.0,True,stg5diff1_S5d3_b2.bcBUAW,0.78151774
pancreas,NEUROG3,neurog3_late,3.0,True,stg5diff1_S5d3_b2.bcDHYL,0.0
pancreas,NEUROG3,neurog3_late,3.0,True,stg5diff1_S5d3_b2.bcCMMN,1.3465058
pancreas,NEUROG3,neurog3_late,3.0,True,stg5diff1_S5d3_b2.bcEQUY,1.6531628
pancreas,NEUROG3,neurog3_late,3.0,True,stg5diff1_S5d3_b2.bcGVNX,0.0
pancreas,NEUROG3,neurog3_late,3.0,True,stg5diff1_S5d3_b2.bcBALH,1.1491264
pancreas,NEUROG3,neurog3_late,3.0,True,stg5diff1_S5d3_b2.bcGSOE,0.0
pancreas,NEUROG3,neurog3_late,3.0,True,stg5diff1_S5d3_b2.bcEWED,1.217788
pancreas,NEUROG3,neurog3_late,3.0,True,stg5diff1_S5d3_b2.bcEWSB,0.0
pancreas,NEUROG3,neurog3_late,3.0,True,stg5diff1_S5d3_b2.bcFXWR,0.0
pancreas,NEUROG3,neurog3_late,3.0,True,stg5diff1_S5d3_b2.bcCQDI,2.0197532
pancreas,NEUROG3,neurog3_late,3.0,True,stg5diff1_S5d3_b2.bcAQWF,0.3719506
pancreas,NEUROG3,neurog3_late,3.0,True,stg5diff1_S5d3_b2.bcBOBU,1.1425253
pancreas,NEUROG3,neurog3_late,3.0,True,stg5diff1_S5d3_b2.bcBKME,1.581661
pancreas,NEUROG3,neurog3_late,3.0,True,stg5diff1_S5d3_b2.bcBSMX,1.1751009
pancreas,NEUROG3,neurog3_late,3.0,True,stg5diff1_S5d3_b2.bcBIDY,0.0
pancreas,NEUROG3,neurog3_late,3.0,True,stg5diff1_S5d3_b2.bcBEYQ,0.96571165
pancreas,NEUROG3,neurog3_late,3.0,True,stg5diff1_S5d3_b2.bcALFB,0.0
pancreas,NEUROG3,neurog3_late,3.0,True,stg5diff1_S5d3_b2.bcBXLL,2.451408
pancreas,NEUROG3,neurog3_late,3.0,True,stg5diff1_S5d3_b2.bcHRQU,1.0210724
pancreas,NEUROG3,neurog3_late,3.0,True,stg5diff1_S5d3_b2.bcEHTO,1.3353542
pancreas,NEUROG3,neurog3_late,3.0,True,stg5diff1_S5d3_b2.bcDFFV,1.2390722
pancreas,NEUROG3,neurog3_late,3.0,True,stg5diff1_S5d3_b2.bcEAQT,1.1726354
pancreas,NEUROG3,neurog3_late,3.0,True,stg5diff1_S5d3_b2.bcCRRG,0.7340938
pancreas,NEUROG3,neurog3_late,3.0,True,stg5diff1_S5d3_b2.bcHGDR,0.9177306
pancreas,NEUROG3,neurog3_late,3.0,True,stg5diff1_S5d3_b2.bcBXTG,0.42612597
pancreas,NEUROG3,neurog3_late,3.0,True,stg5diff1_S5d3_b2.bcFERQ,0.0
pancreas,NEUROG3,neurog3_late,3.0,True,stg5diff1_S5d3_b2.bcABVY,1.9094405
pancreas,NEUROG3,neurog3_late,3.0,True,stg5diff1_S5d3_b2.bcGUJL,0.0
pancreas,NEUROG3,neurog3_late,3.0,True,stg5diff1_S5d3_b2.bcDMKP,0.0
pancreas,NEUROG3,neurog3_late,3.0,True,stg5diff1_S5d3_b2.bcDAUA,0.8622672
pancreas,NEUROG3,neurog3_late,3.0,True,stg5diff1_S5d3_b2.bcHFXS,0.0
pancreas,NEUROG3,neurog3_late,3.0,True,stg5diff1_S5d3_b2.bcDHKT,0.40626532
pancreas,NEUROG3,neurog3_late,3.0,True,stg5diff1_S5d3_b2.bcHHNE,1.532463
pancreas,NEUROG3,neurog3_late,3.0,True,stg5diff1_S5d3_b2.bcFFPF,0.0
pancreas,NEUROG3,neurog3_late,3.0,True,stg5diff1_S5d3_b2.bcABXF,0.0
pancreas,NEUROG3,neurog3_late,3.0,True,stg5diff1_S5d3_b2.bcGGSD,0.0
pancreas,NEUROG3,neurog3_late,3.0,True,stg5diff1_S5d3_b2.bcGKSB,2.0813305
pancreas,NEUROG3,neurog3_late,3.0,True,stg5diff1_S5d3_b2.bcFERM,0.0
pancreas,NEUROG3,neurog3_late,3.0,True,stg5diff1_S5d3_b2.bcIGFP,2.166723
pancreas,NEUROG3,neurog3_late,3.0,True,stg5diff1_S5d3_b2.bcGYBF,0.77239525
pancreas,NEUROG3,neurog3_late,3.0,True,stg5diff1_S5d3_b2.bcGCOT,0.37760195
pancreas,NEUROG3,neurog3_late,3.0,True,stg5diff1_S5d3_b2.bcGUOV,0.7198088
pancreas,NEUROG3,neurog3_late,3.0,True,stg5diff1_S5d3_b2.bcGJRO,0.0
pancreas,NEUROG3,neurog3_late,3.0,True,stg5diff1_S5d3_b2.bcBGJQ,0.0
pancreas,NEUROG3,neurog3_late,3.0,True,stg5diff1_S5d3_b2.bcDTMW,1.1690809
pancreas,NEUROG3,neurog3_late,3.0,True,stg5diff1_S5d3_b2.bcDXCC,1.3328866
pancreas,NEUROG3,neurog3_late,3.0,True,stg5diff1_S5d3_b2.bcAZHA,1.7467632
pancreas,NEUROG3,neurog3_late,3.0,True,stg5diff1_S5d3_b2.bcIJLQ,0.0
pancreas,NEUROG3,neurog3_late,3.0,True,stg5diff1_S5d3_b2.bcDOLX,0.7999746
pancreas,NEUROG3,neurog3_late,3.0,True,stg5diff1_S5d3_b2.bcFDPD,1.6446148
pancreas,NEUROG3,neurog3_late,3.0,True,stg5diff1_S5d3_b2.bcGKRU,2.0259876
pancreas,NEUROG3,neurog3_late,3.0,True,stg5diff1_S5d3_b2.bcGBJZ,0.7749572
pancreas,NEUROG3,neurog3_late,3.0,True,stg5diff1_S5d3_b2.bcHQAR,1.7993362
pancreas,NEUROG3,neurog3_late,3.0,True,stg5diff1_S5d3_b2.bcFKRH,1.607142
pancreas,NEUROG3,neurog3_late,3.0,True,stg5diff1_S5d3_b2.bcETQF,1.5553608
pancreas,NEUROG3,neurog3_late,3.0,True,stg5diff1_S5d3_b2.bcBANZ,1.771182
pancreas,NEUROG3,neurog3_late,3.0,True,stg5diff1_S5d3_b2.bcEWVX,0.7174841
pancreas,NEUROG3,neurog3_late,3.0,True,stg5diff1_S5d3_b2.bcABHB,1.3178163
pancreas,NEUROG3,neurog3_late,3.0,True,stg5diff1_S5d3_b2.bcHJSN,1.8092408
pancreas,NEUROG3,neurog3_late,3.0,True,stg5diff1_S5d3_b2.bcCLOI,1.3720896
pancreas,NEUROG3,neurog3_late,3.0,True,stg5diff1_S5d3_b2.bcCGJZ,0.0
pancreas,NEUROG3,neurog3_late,3.0,True,stg5diff1_S5d3_b2.bcEMKB,1.759748
pancreas,NEUROG3,neurog3_late,3.0,True,stg5diff1_S5d3_b2.bcAOSE,0.96991456
pancreas,NEUROG3,neurog3_late,3.0,True,stg5diff1_S5d3_b2.bcCXNM,0.60639
pancreas,NEUROG3,neurog3_late,3.0,True,stg5diff1_S5d3_b2.bcIBKL,0.0
pancreas,NEUROG3,neurog3_late,3.0,True,stg5diff1_S5d3_b2.bcCGNY,1.398272
pancreas,NEUROG3,neurog3_late,3.0,True,stg5diff1_S5d3_b2.bcBKVC,1.2638242
pancreas,NEUROG3,neurog3_late,3.0,True,stg5diff1_S5d3_b2.bcFUFE,0.0
pancreas,NEUROG3,neurog3_late,3.0,True,stg5diff1_S5d3_b2.bcAQAG,0.0
pancreas,NEUROG3,neurog3_late,3.0,True,stg5diff2_S5d3_b2.bcIDRT,0.0
pancreas,NEUROG3,neurog3_late,3.0,True,stg5diff2_S5d3_b2.bcGKNX,0.0
pancreas,NEUROG3,neurog3_late,3.0,True,stg5diff2_S5d3_b2.bcFWPE,0.0
pancreas,NEUROG3,neurog3_late,3.0,True,stg5diff2_S5d3_b2.bcEOSZ,1.4071348
pancreas,NEUROG3,neurog3_late,3.0,True,stg5diff2_S5d3_b2.bcBIDT,0.7752598
pancreas,NEUROG3,neurog3_late,3.0,True,stg5diff2_S5d3_b2.bcFRJE,0.8991048
pancreas,NEUROG3,neurog3_late,3.0,True,stg5diff2_S5d3_b2.bcIAGZ,0.0
pancreas,NEUROG3,neurog3_late,3.0,True,stg5diff2_S5d3_b2.bcCSNQ,0.0
pancreas,NEUROG3,neurog3_late,3.0,True,stg5diff2_S5d3_b2.bcEYDA,1.2169857
pancreas,NEUROG3,neurog3_late,3.0,True,stg5diff2_S5d3_b2.bcEHSZ,0.0
pancreas,NEUROG3,neurog3_late,3.0,True,stg5diff2_S5d3_b2.bcBUBG,1.8661479
pancreas,NEUROG3,neurog3_late,3.0,True,stg5diff2_S5d3_b2.bcEYJR,1.0560918
pancreas,NEUROG3,neurog3_late,3.0,True,stg5diff2_S5d3_b2.bcGEEX,1.6175368
pancreas,NEUROG3,neurog3_late,3.0,True,stg5diff2_S5d3_b2.bcACOQ,2.1537125
pancreas,NEUROG3,neurog3_late,3.0,True,stg5diff2_S5d3_b2.bcETJA,0.0
pancreas,NEUROG3,neurog3_late,3.0,True,stg5diff2_S5d3_b2.bcCSHB,0.0
pancreas,NEUROG3,neurog3_late,3.0,True,stg5diff2_S5d3_b2.bcERJH,0.9194649
pancreas,NEUROG3,neurog3_late,3.0,True,stg5diff2_S5d3_b2.bcEZNA,0.8622672
pancreas,NEUROG3,neurog3_late,3.0,True,stg5diff2_S5d3_b2.bcANLF,1.0995716
pancreas,NEUROG3,neurog3_late,3.0,True,stg5diff2_S5d3_b2.bcHNPS,1.6404269
pancreas,NEUROG3,neurog3_late,3.0,True,stg5diff2_S5d3_b2.bcEMID,1.2664487
pancreas,NEUROG3,neurog3_late,3.0,True,stg5diff2_S5d3_b2.bcHWFR,0.63436455
pancreas,NEUROG3,neurog3_late,3.0,True,stg5diff2_S5d3_b2.bcAUTA,0.0
pancreas,NEUROG3,neurog3_late,3.0,True,stg5diff2_S5d3_b2.bcHHGB,0.9066261
pancreas,NEUROG3,neurog3_late,3.0,True,stg5diff2_S5d3_b2.bcDEMC,0.0
pancreas,NEUROG3,neurog3_late,3.0,True,stg5diff2_S5d3_b2.bcDFEI,1.610077
pancreas,NEUROG3,neurog3_late,3.0,True,stg5diff2_S5d3_b2.bcBHHN,0.9542747
pancreas,NEUROG3,neurog3_late,3.0,True,stg5diff2_S5d3_b2.bcAKBH,1.5537149
pancreas,NEUROG3,neurog3_late,3.0,True,stg5diff2_S5d3_b2.bcADRV,0.77860457
pancreas,NEUROG3,neurog3_late,3.0,True,stg5diff2_S5d3_b2.bcAIME,2.1358497
pancreas,NEUROG3,neurog3_late,3.0,True,stg5diff2_S5d3_b2.bcCUME,2.1927226
pancreas,NEUROG3,neurog3_late,3.0,True,stg5diff2_S5d3_b2.bcFJZM,0.0
pancreas,NEUROG3,neurog3_late,3.0,True,stg5diff2_S5d3_b2.bcFXEF,1.1828178
pancreas,NEUROG3,neurog3_late,3.0,True,stg5diff2_S5d3_b2.bcEYQY,0.0
pancreas,NEUROG3,neurog3_late,3.0,True,stg5diff2_S5d3_b2.bcBJGC,0.0
pancreas,NEUROG3,neurog3_late,3.0,True,stg5diff2_S5d3_b2.bcAEBX,0.0
pancreas,NEUROG3,neurog3_late,3.0,True,stg5diff2_S5d3_b2.bcCEIW,0.0
pancreas,NEUROG3,neurog3_late,3.0,True,stg5diff2_S5d3_b2.bcHKHP,0.9946114
pancreas,NEUROG3,neurog3_late,3.0,True,stg5diff2_S5d3_b2.bcAENN,1.441765
pancreas,NEUROG3,neurog3_late,3.0,True,stg5diff2_S5d3_b2.bcEQHM,0.0
pancreas,NEUROG3,neurog3_late,3.0,True,stg5diff2_S5d3_b2.bcEFME,0.0
pancreas,NEUROG3,neurog3_late,3.0,True,stg5diff2_S5d3_b2.bcCRJS,0.8532746
pancreas,NEUROG3,neurog3_late,3.0,True,stg5diff2_S5d3_b2.bcFSME,1.0071249
pancreas,NEUROG3,neurog3_late,3.0,True,stg5diff2_S5d3_b2.bcEQZM,0.0
pancreas,NEUROG3,neurog3_late,3.0,True,stg5diff2_S5d3_b2.bcGIUO,0.8394356
pancreas,NEUROG3,neurog3_late,3.0,True,stg5diff2_S5d3_b2.bcAXNK,1.5969069
pancreas,NEUROG3,neurog3_late,3.0,True,stg5diff2_S5d3_b2.bcAJVP,1.2882013
pancreas,NEUROG3,neurog3_late,3.0,True,stg5diff2_S5d3_b2.bcEONX,0.0
pancreas,NEUROG3,neurog3_late,3.0,True,stg5diff2_S5d3_b2.bcELVZ,1.8211014
pancreas,NEUROG3,neurog3_late,3.0,True,stg5diff2_S5d3_b2.bcELSB,0.8991048
pancreas,NEUROG3,neurog3_late,3.0,True,stg5diff2_S5d3_b2.bcGRAG,0.0
pancreas,NEUROG3,neurog3_late,3.0,True,stg5diff2_S5d3_b2.bcBGBO,1.4902536
pancreas,NEUROG3,neurog3_late,3.0,True,stg5diff2_S5d3_b2.bcFZSK,1.3159
pancreas,NEUROG3,neurog3_late,3.0,True,stg5diff2_S5d3_b2.bcASSN,0.7807489
pancreas,NEUROG3,neurog3_late,3.0,True,stg5diff2_S5d3_b2.bcBMYW,1.4792886
pancreas,NEUROG3,neurog3_late,3.0,True,stg5diff2_S5d3_b2.bcELNK,0.0
pancreas,NEUROG3,neurog3_late,3.0,True,stg5diff2_S5d3_b2.bcFERX,0.0
pancreas,NEUROG3,neurog3_late,3.0,True,stg5diff2_S5d3_b2.bcBONI,1.7325435
pancreas,NEUROG3,neurog3_late,3.0,True,stg5diff2_S5d3_b2.bcGYKT,0.0
pancreas,NEUROG3,neurog3_late,3.0,True,stg5diff2_S5d3_b2.bcFTAW,1.1464875
pancreas,NEUROG3,neurog3_late,3.0,True,stg5diff2_S5d3_b2.bcAJQA,0.644292
pancreas,NEUROG3,neurog3_late,3.0,True,stg5diff2_S5d3_b2.bcFAAQ,0.0
pancreas,NEUROG3,neurog3_late,3.0,True,stg5diff2_S5d3_b2.bcDBLW,0.0
pancreas,NEUROG3,neurog3_late,3.0,True,stg5diff2_S5d3_b2.bcANLR,0.0
pancreas,NEUROG3,neurog3_late,3.0,True,stg5diff2_S5d3_b2.bcHBMG,2.035171
pancreas,NEUROG3,neurog3_late,3.0,True,stg5diff2_S5d3_b2.bcEIVZ,1.9737304
pancreas,NEUROG3,neurog3_late,3.0,True,stg5diff2_S5d3_b2.bcEMDV,0.0
pancreas,NEUROG3,neurog3_late,3.0,True,stg5diff2_S5d3_b2.bcHTJG,0.0
pancreas,NEUROG3,neurog3_late,3.0,True,stg5diff2_S5d3_b2.bcCLTJ,1.1760904
pancreas,NEUROG3,neurog3_late,3.0,True,stg5diff2_S5d3_b2.bcDSRG,0.0
pancreas,NEUROG3,neurog3_late,3.0,True,stg5diff2_S5d3_b2.bcGJGN,0.0
pancreas,NEUROG3,neurog3_late,3.0,True,stg5diff2_S5d3_b2.bcGDFU,1.1984669
pancreas,NEUROG3,neurog3_late,3.0,True,stg5diff2_S5d3_b2.bcGSCM,0.88605684
pancreas,NEUROG3,neurog3_late,3.0,True,stg5diff2_S5d3_b2.bcGOQR,0.90979975
pancreas,NEUROG3,neurog3_late,3.0,True,stg5diff2_S5d3_b2.bcCURQ,1.1228242
pancreas,NEUROG3,neurog3_late,3.0,True,stg5diff2_S5d3_b2.bcGSOI,0.88047427
pancreas,NEUROG3,neurog3_late,3.0,True,stg5diff2_S5d3_b2.bcBZDG,0.0
pancreas,NEUROG3,neurog3_late,3.0,True,stg5diff2_S5d3_b2.bcGRTR,0.0
pancreas,NEUROG3,neurog3_late,3.0,True,stg5diff2_S5d3_b2.bcFEAC,1.709666
pancreas,NEUROG3,neurog3_late,3.0,True,stg5diff2_S5d3_b2.bcCRUV,0.975964
pancreas,NEUROG3,neurog3_late,3.0,True,stg5diff2_S5d3_b2.bcBQQH,2.5230877
pancreas,NEUROG3,neurog3_late,3.0,True,stg5diff2_S5d3_b2.bcAWQG,1.0039647
pancreas,NEUROG3,neurog3_late,3.0,True,stg5diff2_S5d3_b2.bcERFP,0.0
pancreas,NEUROG3,neurog3_late,3.0,True,stg5diff2_S5d3_b2.bcDLYP,1.1694474
pancreas,NEUROG3,neurog3_late,3.0,True,stg5diff2_S5d3_b2.bcHKTH,0.51268524
pancreas,NEUROG3,neurog3_late,3.0,True,stg5diff2_S5d3_b2.bcAMRT,1.5635337
pancreas,NEUROG3,neurog3_late,3.0,True,stg5diff2_S5d3_b2.bcHDAE,0.0
pancreas,NEUROG3,neurog3_late,3.0,True,stg5diff2_S5d3_b2.bcGFQC,0.7881961
pancreas,NEUROG3,neurog3_late,3.0,True,stg5diff2_S5d3_b2.bcENRT,0.8383632
pancreas,NEUROG3,neurog3_late,3.0,True,stg5diff2_S5d3_b2.bcANRF,0.0
pancreas,NEUROG3,neurog3_late,3.0,True,stg5diff2_S5d3_b2.bcHUGS,1.4118026
pancreas,NEUROG3,neurog3_late,3.0,True,stg5diff2_S5d3_b2.bcDHRV,2.076199
pancreas,NEUROG3,neurog3_late,3.0,True,stg5diff2_S5d3_b2.bcIFME,0.0
pancreas,NEUROG3,neurog3_late,3.0,True,stg5diff2_S5d3_b2.bcBESZ,1.260344
pancreas,NEUROG3,neurog3_late,3.0,True,stg5diff2_S5d3_b2.bcCWAN,0.0
pancreas,NEUROG3,neurog3_late,3.0,True,stg5diff2_S5d3_b2.bcEGZM,1.1171584
pancreas,NEUROG3,neurog3_late,3.0,True,stg5diff2_S5d3_b2.bcGYQN,0.0
pancreas,NEUROG3,neurog3_late,3.0,True,stg5diff2_S5d3_b2.bcCKRH,1.2133901
pancreas,NEUROG3,neurog3_late,3.0,True,stg5diff2_S5d3_b2.bcCJJY,2.4295392
pancreas,NEUROG3,neurog3_late,3.0,True,stg5diff2_S5d3_b2.bcBRJD,1.2157845
pancreas,NEUROG3,neurog3_late,3.0,True,stg5diff2_S5d3_b2.bcDRXL,1.5472891
pancreas,NEUROG3,neurog3_late,3.0,True,stg5diff2_S5d3_b2.bcDOPF,0.0
pancreas,NEUROG3,neurog3_late,3.0,True,stg5diff2_S5d3_b2.bcCMNM,0.0
pancreas,NEUROG3,neurog3_late,3.0,True,stg5diff2_S5d3_b2.bcHKHD,1.1835706
pancreas,NEUROG3,neurog3_late,3.0,True,stg5diff2_S5d3_b2.bcGHZG,1.2797585
pancreas,NEUROG3,neurog3_late,3.0,True,stg5diff2_S5d3_b2.bcGOWZ,0.5972691
pancreas,NEUROG3,neurog3_late,3.0,True,stg5diff2_S5d3_b2.bcCAIY,0.0
pancreas,NEUROG3,neurog3_late,3.0,True,stg5diff2_S5d3_b2.bcFAED,0.0
pancreas,NEUROG3,neurog3_late,3.0,True,stg5diff2_S5d3_b2.bcEEGI,0.0
pancreas,NEUROG3,neurog3_late,3.0,True,stg5diff2_S5d3_b2.bcFSRO,1.1178217
pancreas,NEUROG3,neurog3_late,3.0,True,stg5diff2_S5d3_b2.bcDHJY,1.2869875
pancreas,NEUROG3,neurog3_late,3.0,True,stg5diff2_S5d3_b2.bcBYUV,1.2242491
pancreas,NEUROG3,neurog3_late,3.0,True,stg5diff2_S5d3_b2.bcBXEE,0.81988436
pancreas,NEUROG3,neurog3_late,3.0,True,stg5diff2_S5d3_b2.bcAHXH,0.9902597
pancreas,NEUROG3,neurog3_late,3.0,True,stg5diff2_S5d3_b2.bcHLSX,0.0
pancreas,NEUROG3,neurog3_late,3.0,True,stg5diff2_S5d3_b2.bcEBJU,0.0
pancreas,NEUROG3,neurog3_late,3.0,True,stg5diff2_S5d3_b2.bcFNKW,0.0
pancreas,NEUROG3,neurog3_late,3.0,True,stg5diff2_S5d3_b2.bcHWTS,1.4842203
pancreas,NEUROG3,neurog3_late,3.0,True,stg5diff2_S5d3_b2.bcBPZZ,0.6816108
pancreas,NEUROG3,neurog3_late,3.0,True,stg5diff2_S5d3_b2.bcFQKZ,0.0
pancreas,NEUROG3,neurog3_late,3.0,True,stg5diff2_S5d3_b2.bcADLF,1.0727823
pancreas,NEUROG3,neurog3_late,3.0,True,stg5diff2_S5d3_b2.bcDDXS,0.0
pancreas,NEUROG3,neurog3_late,3.0,True,stg5diff2_S5d3_b2.bcGXRU,0.0
pancreas,NEUROG3,neurog3_late,3.0,True,stg5diff2_S5d3_b2.bcFMAZ,0.0
pancreas,NEUROG3,neurog3_late,3.0,True,stg5diff2_S5d3_b2.bcHDTL,1.2143201
pancreas,NEUROG3,neurog3_late,3.0,True,stg5diff2_S5d3_b2.bcBTUH,0.0
pancreas,NEUROG3,neurog3_late,3.0,True,stg5diff2_S5d3_b2.bcDGYJ,0.0
pancreas,NEUROG3,neurog3_late,3.0,True,stg5diff2_S5d3_b2.bcGKVB,0.0
pancreas,NEUROG3,neurog3_late,3.0,True,stg5diff2_S5d3_b2.bcHPKV,1.0427992
pancreas,NEUROG3,neurog3_late,3.0,True,stg5diff2_S5d3_b2.bcEHSE,0.0
pancreas,NEUROG3,neurog3_late,3.0,True,stg5diff2_S5d3_b2.bcBGKM,0.0
pancreas,NEUROG3,neurog3_late,3.0,True,stg5diff2_S5d3_b2.bcHJTT,1.2285995
pancreas,NEUROG3,neurog3_late,3.0,True,stg5diff2_S5d3_b2.bcBGFE,0.7343639
pancreas,NEUROG3,neurog3_late,3.0,True,stg5diff2_S5d3_b2.bcDBLZ,0.9049431
pancreas,NEUROG3,neurog3_late,3.0,True,stg5diff2_S5d3_b2.bcFMKZ,1.2114028
pancreas,NEUROG3,neurog3_late,3.0,True,stg5diff2_S5d3_b2.bcCTMI,1.5747135
pancreas,NEUROG3,neurog3_late,3.0,True,stg5diff2_S5d3_b2.bcBLHI,1.1367532
pancreas,NEUROG3,neurog3_late,3.0,True,stg5diff2_S5d3_b2.bcFGIG,1.6999621
pancreas,NEUROG3,neurog3_late,3.0,True,stg5diff2_S5d3_b2.bcCUGJ,0.0
pancreas,NEUROG3,neurog3_late,3.0,True,stg5diff2_S5d3_b2.bcCXBZ,0.8603772
pancreas,NEUROG3,neurog3_late,3.0,True,stg5diff2_S5d3_b2.bcANDR,1.060211
pancreas,NEUROG3,neurog3_late,3.0,True,stg5diff2_S5d3_b2.bcAIBM,0.0
pancreas,NEUROG3,neurog3_late,3.0,True,stg5diff2_S5d3_b2.bcHVXR,0.0
pancreas,NEUROG3,neurog3_late,3.0,True,stg5diff2_S5d3_b2.bcDOBM,0.9854445
pancreas,NEUROG3,neurog3_late,3.0,True,stg5diff2_S5d3_b2.bcFGWQ,1.8818033
pancreas,NEUROG3,neurog3_late,3.0,True,stg5diff2_S5d3_b2.bcGDWY,0.0
pancreas,NEUROG3,neurog3_late,3.0,True,stg5diff2_S5d3_b2.bcDOYO,1.7078915
pancreas,NEUROG3,neurog3_late,3.0,True,stg5diff2_S5d3_b2.bcFBNQ,2.0115192
pancreas,NEUROG3,neurog3_late,3.0,True,stg5diff2_S5d3_b2.bcGFNX,0.0
pancreas,NEUROG3,neurog3_late,3.0,True,stg5diff2_S5d3_b2.bcBAMX,0.0
pancreas,NEUROG3,neurog3_late,3.0,True,stg5diff2_S5d3_b2.bcHGPK,0.0
pancreas,NEUROG3,neurog3_late,3.0,True,stg5diff2_S5d3_b2.bcHYWU,0.0
pancreas,NEUROG3,neurog3_late,3.0,True,stg5diff2_S5d3_b2.bcHHOB,1.4792886
pancreas,NEUROG3,neurog3_late,3.0,True,stg5diff2_S5d3_b2.bcGNBF,0.0
pancreas,NEUROG3,neurog3_late,3.0,True,stg5diff2_S5d3_b2.bcFBWO,0.88087046
pancreas,NEUROG3,neurog3_late,3.0,True,stg5diff2_S5d3_b2.bcGPPR,0.64470404
pancreas,NEUROG3,neurog3_late,3.0,True,stg5diff2_S5d3_b2.bcFFAR,1.6065055
pancreas,NEUROG3,neurog3_late,3.0,True,stg5diff2_S5d3_b2.bcGUYT,0.8437542
pancreas,NEUROG3,neurog3_late,3.0,True,stg5diff2_S5d3_b2.bcHYTK,0.9047332
pancreas,NEUROG3,neurog3_late,3.0,True,stg5diff2_S5d3_b2.bcGPED,0.0
pancreas,NEUROG3,neurog3_late,3.0,True,stg5diff2_S5d3_b2.bcFANJ,1.6460706
pancreas,NEUROG3,neurog3_late,3.0,True,stg5diff2_S5d3_b2.bcBEYM,2.0216184
pancreas,NEUROG3,neurog3_late,3.0,True,stg5diff2_S5d3_b2.bcGZTZ,1.0844411
pancreas,NEUROG3,neurog3_late,3.0,True,stg5diff2_S5d3_b2.bcAHRP,0.4709038
pancreas,NEUROG3,neurog3_late,3.0,True,stg5diff2_S5d3_b2.bcDDYC,0.82779676
pancreas,NEUROG3,neurog3_late,3.0,True,stg5diff2_S5d3_b2.bcCJSB,0.0
pancreas,NEUROG3,neurog3_late,3.0,True,stg5diff2_S5d3_b2.bcDOYK,0.8573714
pancreas,NEUROG3,neurog3_late,3.0,True,stg5diff2_S5d3_b2.bcHZQJ,0.0
pancreas,NEUROG3,neurog3_late,3.0,True,stg5diff2_S5d3_b2.bcCNCH,0.0
pancreas,NEUROG3,neurog3_late,3.0,True,stg5diff2_S5d3_b2.bcDLMC,1.3082979
pancreas,NEUROG3,neurog3_late,3.0,True,stg5diff2_S5d3_b2.bcEEQU,1.2193961
pancreas,NEUROG3,neurog3_late,3.0,True,stg5diff2_S5d3_b2.bcCNRL,0.6453231
pancreas,NEUROG3,neurog3_late,3.0,True,stg5diff2_S5d3_b2.bcGZXT,0.0
pancreas,NEUROG3,neurog3_late,3.0,True,stg5diff2_S5d3_b2.bcGDMF,1.9260514
pancreas,NEUROG3,neurog3_late,3.0,True,stg5diff2_S5d3_b2.bcIFYT,2.0063858
pancreas,NEUROG3,neurog3_late,3.0,True,stg5diff2_S5d3_b2.bcBNDK,1.5044502
pancreas,NEUROG3,neurog3_late,3.0,True,stg5diff2_S5d3_b2.bcABYG,2.0991852
pancreas,NEUROG3,neurog3_late,3.0,True,stg5diff2_S5d3_b2.bcBJIX,1.4548937
pancreas,NEUROG3,neurog3_late,3.0,True,stg5diff2_S5d3_b2.bcGEQX,0.0
pancreas,NEUROG3,neurog3_late,3.0,True,stg5diff2_S5d3_b2.bcHBAT,1.3503833
pancreas,NEUROG3,neurog3_late,3.0,True,stg5diff2_S5d3_b2.bcHESE,1.3448278
pancreas,NEUROG3,neurog3_late,3.0,True,stg5diff2_S5d3_b2.bcEYUD,2.040734
pancreas,NEUROG3,neurog3_late,3.0,True,stg5diff2_S5d3_b2.bcHNDN,0.9613884
pancreas,NEUROG3,neurog3_late,3.0,True,stg5diff2_S5d3_b2.bcCECQ,1.8353841
pancreas,NEUROG3,neurog3_late,3.0,True,stg5diff2_S5d3_b2.bcETWB,1.1892508
pancreas,NEUROG3,neurog3_late,3.0,True,stg5diff2_S5d3_b2.bcGNQQ,0.0
pancreas,NEUROG3,neurog3_late,3.0,True,stg5diff2_S5d3_b2.bcDOPL,0.9381076
pancreas,NEUROG3,neurog3_late,3.0,True,stg5diff2_S5d3_b2.bcFVVR,2.372584
pancreas,NEUROG3,neurog3_late,3.0,True,stg5diff2_S5d3_b2.bcEGCX,0.85550404
pancreas,NEUROG3,neurog3_late,3.0,True,stg5diff2_S5d3_b2.bcADGF,0.7552334
pancreas,NEUROG3,neurog3_late,3.0,True,stg5diff2_S5d3_b2.bcGWDM,1.5485692
pancreas,NEUROG3,neurog3_late,3.0,True,stg5diff2_S5d3_b2.bcHTWH,0.0
pancreas,NEUROG3,neurog3_late,3.0,True,stg5diff2_S5d3_b2.bcAXWB,0.0
pancreas,NEUROG3,neurog3_late,3.0,True,stg5diff2_S5d3_b2.bcCZRC,2.1387987
pancreas,NEUROG3,neurog3_late,3.0,True,stg5diff2_S5d3_b2.bcGAPS,0.0
pancreas,NEUROG3,neurog3_late,3.0,True,stg5diff2_S5d3_b2.bcHXVE,0.48656988
pancreas,NEUROG3,neurog3_late,3.0,True,stg5diff2_S5d3_b2.bcAFFB,0.0
pancreas,NEUROG3,neurog3_late,3.0,True,stg5diff2_S5d3_b2.bcDYWW,0.975964
pancreas,NEUROG3,neurog3_late,3.0,True,stg5diff2_S5d3_b2.bcGNTF,0.0
pancreas,NEUROG3,neurog3_late,3.0,True,stg5diff2_S5d3_b2.bcCFLN,1.4039811
pancreas,NEUROG3,neurog3_late,3.0,True,stg5diff2_S5d3_b2.bcBICL,0.0
pancreas,NEUROG3,neurog3_late,3.0,True,stg5diff2_S5d3_b2.bcGREZ,1.0819635
pancreas,NEUROG3,neurog3_late,3.0,True,stg5diff2_S5d3_b2.bcAJYV,0.7767764
pancreas,NEUROG3,neurog3_late,3.0,True,stg5diff2_S5d3_b2.bcFZJR,0.0
pancreas,NEUROG3,neurog3_late,3.0,True,stg5diff2_S5d3_b2.bcAVKR,2.085756
pancreas,NEUROG3,neurog3_late,3.0,True,stg5diff2_S5d3_b2.bcBKBE,1.3595886
pancreas,NEUROG3,neurog3_late,3.0,True,stg5diff2_S5d3_b2.bcACMF,1.0578529
pancreas,NEUROG3,neurog3_late,3.0,True,stg5diff2_S5d3_b2.bcBQGX,1.4738768
pancreas,NEUROG3,neurog3_late,3.0,True,stg5diff2_S5d3_b2.bcCTTF,0.0
pancreas,NEUROG3,neurog3_late,3.0,True,stg5diff2_S5d3_b2.bcEICW,0.4327659
pancreas,NEUROG3,neurog3_late,3.0,True,stg5diff2_S5d3_b2.bcBRIX,0.0
pancreas,NEUROG3,neurog3_late,3.0,True,stg5diff2_S5d3_b2.bcGPSQ,1.4112406
pancreas,NEUROG3,neurog3_late,3.0,True,stg5diff2_S5d3_b2.bcCRHE,1.1828178
pancreas,NEUROG3,neurog3_late,3.0,True,stg5diff2_S5d3_b2.bcEBDR,0.0
pancreas,NEUROG3,neurog3_late,3.0,True,stg5diff2_S5d3_b2.bcGIOV,0.83480954
pancreas,NEUROG3,neurog3_late,3.0,True,stg5diff2_S5d3_b2.bcFEBY,0.0
pancreas,NEUROG3,neurog3_late,3.0,True,stg5diff2_S5d3_b2.bcHKVS,0.0
pancreas,NEUROG3,neurog3_late,3.0,True,stg5diff2_S5d3_b2.bcEKHH,0.6148666
pancreas,NEUROG3,neurog3_late,3.0,True,stg5diff2_S5d3_b2.bcDZBT,0.0
pancreas,NEUROG3,neurog3_late,3.0,True,stg5diff2_S5d3_b2.bcIAQB,0.0
pancreas,NEUROG3,neurog3_late,3.0,True,stg5diff2_S5d3_b2.bcIIEZ,0.6841658
pancreas,NEUROG3,neurog3_late,3.0,True,stg5diff2_S5d3_b2.bcGCLH,1.5183035
pancreas,NEUROG3,neurog3_late,3.0,True,stg5diff2_S5d3_b2.bcFTNL,1.261212
pancreas,NEUROG3,neurog3_late,3.0,True,stg5diff2_S5d3_b2.bcGCMZ,1.8010027
pancreas,NEUROG3,neurog3_late,3.0,True,stg5diff2_S5d3_b2.bcDYLT,0.7860086
pancreas,NEUROG3,neurog3_late,3.0,True,stg5diff2_S5d3_b2.bcAMEW,1.445318
pancreas,NEUROG3,neurog3_late,3.0,True,stg5diff2_S5d3_b2.bcDHNN,1.2752869
pancreas,NEUROG3,neurog3_late,3.0,True,stg5diff2_S5d3_b2.bcGKAM,0.0
pancreas,NEUROG3,neurog3_late,3.0,True,stg5diff2_S5d3_b2.bcEOSQ,0.0
pancreas,NEUROG3,neurog3_late,3.0,True,stg5diff2_S5d3_b2.bcFSOJ,0.0
pancreas,NEUROG3,neurog3_late,3.0,True,stg5diff2_S5d3_b2.bcFZXP,0.0
pancreas,NEUROG3,neurog3_late,3.0,True,stg5diff2_S5d3_b2.bcGVWT,0.84958607
pancreas,NEUROG3,neurog3_late,3.0,True,stg5diff2_S5d3_b2.bcHIKR,1.825273
pancreas,NEUROG3,neurog3_late,3.0,True,stg5diff2_S5d3_b2.bcHHZS,1.3301023
pancreas,NEUROG3,neurog3_late,3.0,True,stg5diff2_S5d3_b2.bcEWJP,0.0
pancreas,NEUROG3,neurog3_late,3.0,True,stg5diff2_S5d3_b2.bcFZNC,0.0
pancreas,NEUROG3,neurog3_late,3.0,True,stg5diff2_S5d3_b2.bcHITF,0.0
pancreas,NEUROG3,neurog3_late,3.0,True,stg5diff2_S5d3_b2.bcEHAK,0.0
pancreas,NEUROG3,neurog3_late,3.0,True,stg5diff2_S5d3_b2.bcFWRQ,2.1745124
pancreas,NEUROG3,neurog3_late,3.0,True,stg5diff2_S5d3_b2.bcICZM,0.0
pancreas,NEUROG3,neurog3_late,3.0,True,stg5diff2_S5d3_b2.bcBSMH,0.0
pancreas,NEUROG3,neurog3_late,3.0,True,stg5diff2_S5d3_b2.bcIFUK,0.0
pancreas,NEUROG3,neurog3_late,3.0,True,stg5diff2_S5d3_b2.bcHXCY,1.0008259
pancreas,NEUROG3,neurog3_late,3.0,True,stg5diff2_S5d3_b2.bcDSJN,0.0
pancreas,NEUROG3,neurog3_late,3.0,True,stg5diff2_S5d3_b2.bcETTI,0.83163834
pancreas,NEUROG3,neurog3_late,3.0,True,stg5diff2_S5d3_b2.bcEMHH,0.81313264
pancreas,NEUROG3,neurog3_late,3.0,True,stg5diff2_S5d3_b2.bcBTLA,0.0
pancreas,NEUROG3,neurog3_late,3.0,True,stg5diff2_S5d3_b2.bcHBXO,0.9982263
pancreas,NEUROG3,neurog3_late,3.0,True,stg5diff2_S5d3_b2.bcDLYV,0.0
pancreas,NEUROG3,neurog3_late,3.0,True,stg5diff2_S5d3_b2.bcCZPX,0.0
pancreas,NEUROG3,neurog3_late,3.0,True,stg5diff2_S5d3_b2.bcHSJE,0.9507601
pancreas,NEUROG3,neurog3_late,3.0,True,stg5diff2_S5d3_b2.bcEQPU,1.3449954
pancreas,NEUROG3,neurog3_late,3.0,True,stg5diff2_S5d3_b2.bcFWIQ,0.9335958
pancreas,NEUROG3,neurog3_late,3.0,True,stg5diff2_S5d3_b2.bcAHHP,1.532463
pancreas,NEUROG3,neurog3_late,3.0,True,stg5diff2_S5d3_b2.bcHMIA,1.8661479
pancreas,NEUROG3,neurog3_late,3.0,True,stg5diff2_S5d3_b2.bcEZOG,1.9332852
pancreas,NEUROG3,neurog3_late,3.0,True,stg5diff2_S5d3_b2.bcFTSZ,1.3678932
pancreas,NEUROG3,neurog3_late,3.0,True,stg5diff2_S5d3_b2.bcDUEG,1.6037127
pancreas,NEUROG3,neurog3_late,3.0,True,stg5diff2_S5d3_b2.bcBCGC,0.57024056
pancreas,NEUROG3,neurog3_late,3.0,True,stg5diff2_S5d3_b2.bcFFWG,0.69458777
pancreas,NEUROG3,neurog3_late,3.0,True,stg5diff2_S5d3_b2.bcCRHM,0.7417366
pancreas,NEUROG3,neurog3_late,3.0,True,stg5diff2_S5d3_b2.bcFTRG,1.1582
pancreas,NEUROG3,neurog3_late,3.0,True,stg5diff2_S5d3_b2.bcCHUI,0.97056466
pancreas,NEUROG3,neurog3_late,3.0,True,stg5diff2_S5d3_b2.bcGPAX,1.3446602
pancreas,NEUROG3,neurog3_late,3.0,True,stg5diff2_S5d3_b2.bcHOSO,1.5317816
pancreas,NEUROG3,neurog3_late,3.0,True,stg5diff2_S5d3_b2.bcFMGF,1.6098213
pancreas,NEUROG3,neurog3_late,3.0,True,stg5diff2_S5d3_b2.bcGBIM,1.1409026
pancreas,NEUROG3,neurog3_late,3.0,True,stg5diff2_S5d3_b2.bcEOYU,1.0619872
pancreas,NEUROG3,neurog3_late,3.0,True,stg5diff2_S5d3_b2.bcAOCS,0.0
pancreas,NEUROG3,neurog3_late,3.0,True,stg5diff2_S5d3_b2.bcGVSG,1.1949922
pancreas,NEUROG3,neurog3_late,3.0,True,stg5diff2_S5d3_b2.bcFGXS,1.6372229
pancreas,NEUROG3,neurog3_late,3.0,True,stg5diff2_S5d3_b2.bcFBMZ,1.1578412
pancreas,NEUROG3,neurog3_late,3.0,True,stg5diff2_S5d3_b2.bcGTNW,0.0
pancreas,NEUROG3,neurog3_late,3.0,True,stg5diff2_S5d3_b2.bcCGIZ,1.3376669
pancreas,NEUROG3,neurog3_late,3.0,True,stg5diff2_S5d3_b2.bcAZJM,0.0
pancreas,NEUROG3,neurog3_late,3.0,True,stg5diff2_S5d3_b2.bcACGX,1.8617357
pancreas,NEUROG3,neurog3_late,3.0,True,stg5diff2_S5d3_b2.bcHQBC,1.0044899
pancreas,NEUROG3,neurog3_late,3.0,True,stg5diff2_S5d3_b2.bcFPUE,0.0
pancreas,NEUROG3,neurog3_late,3.0,True,stg5diff2_S5d3_b2.bcGWIS,0.0
pancreas,NEUROG3,neurog3_late,3.0,True,stg5diff2_S5d3_b2.bcECFI,0.0
pancreas,NEUROG3,neurog3_late,3.0,True,stg5diff2_S5d3_b2.bcEUUP,0.0
pancreas,NEUROG3,neurog3_late,3.0,True,stg5diff2_S5d3_b2.bcHKPD,1.1478933
pancreas,NEUROG3,neurog3_late,3.0,True,stg5diff2_S5d3_b2.bcCYTK,0.0
pancreas,NEUROG3,neurog3_late,3.0,True,stg5diff2_S5d3_b2.bcFUQC,1.3510603
pancreas,NEUROG3,neurog3_late,3.0,True,stg5diff2_S5d3_b2.bcHEKB,0.0
pancreas,NEUROG3,neurog3_late,3.0,True,stg5diff2_S5d3_b2.bcIAKM,0.9715415
pancreas,NEUROG3,neurog3_late,3.0,True,stg5diff2_S5d3_b2.bcALGZ,0.0
pancreas,NEUROG3,neurog3_late,3.0,True,stg5diff2_S5d3_b2.bcAVHX,1.1877302
pancreas,NEUROG3,neurog3_late,3.0,True,stg5diff2_S5d3_b2.bcEJHX,0.8236486
pancreas,NEUROG3,neurog3_late,3.0,True,stg5diff2_S5d3_b2.bcCXOE,0.0
pancreas,NEUROG3,neurog3_late,3.0,True,stg5diff2_S5d3_b2.bcEYEI,0.0
pancreas,NEUROG3,neurog3_late,3.0,True,stg5diff2_S5d3_b2.bcGRKT,1.5322357
pancreas,NEUROG3,neurog3_late,3.0,True,stg5diff2_S5d3_b2.bcGUWM,0.0
pancreas,NEUROG3,neurog3_late,3.0,True,stg5diff2_S5d3_b2.bcEJWK,0.0
pancreas,NEUROG3,neurog3_late,3.0,True,stg5diff2_S5d3_b2.bcFFGO,0.0
pancreas,NEUROG3,neurog3_late,3.0,True,stg5diff2_S5d3_b2.bcBDYP,0.0
pancreas,NEUROG3,neurog3_late,3.0,True,stg5diff2_S5d3_b2.bcGGBU,1.0071249
pancreas,NEUROG3,neurog3_late,3.0,True,stg5diff2_S5d3_b2.bcBQNB,0.0
pancreas,NEUROG3,neurog3_late,3.0,True,stg5diff2_S5d3_b2.bcBONV,0.0
pancreas,NEUROG3,neurog3_late,3.0,True,stg5diff2_S5d3_b2.bcDGMT,0.0
pancreas,NEUROG3,neurog3_late,3.0,True,stg5diff2_S5d3_b2.bcEFPY,0.0
pancreas,NEUROG3,neurog3_late,3.0,True,stg5diff2_S5d3_b2.bcBCDI,0.7234563
pancreas,NEUROG3,neurog3_late,3.0,True,stg5diff2_S5d3_b2.bcGIUS,0.0
pancreas,NEUROG3,neurog3_late,3.0,True,stg5diff2_S5d3_b2.bcAHWA,0.0
pancreas,NEUROG3,neurog3_late,3.0,True,stg5diff2_S5d3_b2.bcCELL,1.2027444
pancreas,NEUROG3,neurog3_late,3.0,True,stg5diff2_S5d3_b2.bcAEOY,0.7450633
pancreas,NEUROG3,neurog3_late,3.0,True,stg5diff2_S5d3_b2.bcFTTW,2.053873
pancreas,NEUROG3,neurog3_late,3.0,True,stg5diff2_S5d3_b2.bcETMX,1.4137175
pancreas,NEUROG3,neurog3_late,3.0,True,stg5diff2_S5d3_b2.bcFMLO,0.0
pancreas,NEUROG3,neurog3_late,3.0,True,stg5diff2_S5d3_b2.bcDYXI,0.0
pancreas,NEUROG3,neurog3_late,3.0,True,stg5diff2_S5d3_b2.bcGHKF,1.2226267
pancreas,NEUROG3,neurog3_late,3.0,True,stg5diff2_S5d3_b2.bcFWLY,0.0
pancreas,NEUROG3,neurog3_late,3.0,True,stg5diff2_S5d3_b2.bcHVAQ,0.0
pancreas,NEUROG3,neurog3_late,3.0,True,stg5diff2_S5d3_b2.bcHWPI,0.0
pancreas,NEUROG3,neurog3_late,3.0,True,stg5diff2_S5d3_b2.bcGEJL,0.0
pancreas,NEUROG3,neurog3_late,3.0,True,stg5diff2_S5d3_b2.bcAMNC,1.2829099
pancreas,NEUROG3,neurog3_late,3.0,True,stg5diff2_S5d3_b2.bcBRIZ,0.0
pancreas,NEUROG3,neurog3_late,3.0,True,stg5diff2_S5d3_b2.bcENLQ,1.9629407
pancreas,NEUROG3,neurog3_late,3.0,True,stg5diff2_S5d3_b2.bcFRVB,1.9938108
pancreas,NEUROG3,neurog3_late,3.0,True,stg5diff2_S5d3_b2.bcDCQD,0.0
pancreas,NEUROG3,neurog3_late,3.0,True,stg5diff2_S5d3_b2.bcGNCU,0.0
pancreas,NEUROG3,neurog3_late,3.0,True,stg5diff2_S5d3_b2.bcGRUR,0.93269897
pancreas,NEUROG3,neurog3_late,3.0,True,stg5diff2_S5d3_b2.bcBXTX,0.9686172
pancreas,NEUROG3,neurog3_late,3.0,True,stg5diff2_S5d3_b2.bcHSMM,0.68768203
pancreas,NEUROG3,neurog3_late,3.0,True,stg5diff2_S5d3_b2.bcBOPS,0.9917909
pancreas,NEUROG3,neurog3_late,3.0,True,stg5diff2_S5d3_b2.bcGPIU,1.3508909
pancreas,NEUROG3,neurog3_late,3.0,True,stg5diff2_S5d3_b2.bcEXAD,1.4536887
pancreas,NEUROG3,neurog3_late,3.0,True,stg5diff2_S5d3_b2.bcGBSN,0.0
pancreas,NEUROG3,neurog3_late,3.0,True,stg5diff2_S5d3_b2.bcFEDF,1.778703
pancreas,NEUROG3,neurog3_late,3.0,True,stg5diff2_S5d3_b2.bcHSGY,0.0
pancreas,NEUROG3,neurog3_late,3.0,True,stg5diff2_S5d3_b2.bcBPJG,2.195948
pancreas,NEUROG3,neurog3_late,3.0,True,stg5diff2_S5d3_b2.bcHFEC,2.150493
pancreas,NEUROG3,neurog3_late,3.0,True,stg5diff2_S5d3_b2.bcEUYE,1.2347072
pancreas,NEUROG3,neurog3_late,3.0,True,stg5diff2_S5d3_b2.bcEQAM,1.8486567
pancreas,NEUROG3,neurog3_late,3.0,True,stg5diff2_S5d3_b2.bcEFOZ,1.0502672
pancreas,NEUROG3,neurog3_late,3.0,True,stg5diff2_S5d3_b2.bcHKAL,1.3433217
pancreas,NEUROG3,neurog3_late,3.0,True,stg5diff2_S5d3_b2.bcFXTL,0.0
pancreas,NEUROG3,neurog3_late,3.0,True,stg5diff2_S5d3_b2.bcCCXF,0.0
pancreas,NEUROG3,neurog3_late,3.0,True,stg5diff2_S5d3_b2.bcDXDQ,1.0360076
pancreas,NEUROG3,neurog3_late,3.0,True,stg5diff2_S5d3_b2.bcDEKW,1.1395158
pancreas,NEUROG3,neurog3_late,3.0,True,stg5diff2_S5d3_b2.bcEOGJ,0.0
pancreas,NEUROG3,neurog3_late,3.0,True,stg5diff2_S5d3_b2.bcBFYC,0.0
pancreas,NEUROG3,neurog3_late,3.0,True,stg5diff2_S5d3_b2.bcBQDD,0.0
pancreas,NEUROG3,neurog3_late,3.0,True,stg5diff2_S5d3_b2.bcGMKW,0.0
pancreas,NEUROG3,neurog3_late,3.0,True,stg5diff2_S5d3_b2.bcFJDJ,0.7218884
pancreas,NEUROG3,neurog3_late,3.0,True,stg5diff2_S5d3_b2.bcFKPT,0.0
pancreas,NEUROG3,neurog3_late,3.0,True,stg5diff2_S5d3_b2.bcBKTJ,0.0
pancreas,NEUROG3,neurog3_late,3.0,True,stg5diff2_S5d3_b2.bcCGCW,0.0
pancreas,NEUROG3,neurog3_late,3.0,True,stg5diff2_S5d3_b2.bcDYOX,1.7757686
pancreas,NEUROG3,neurog3_late,3.0,True,stg5diff2_S5d3_b2.bcFMFP,0.0
pancreas,NEUROG3,neurog3_late,3.0,True,stg5diff2_S5d3_b2.bcAUWF,0.0
pancreas,NEUROG3,neurog3_late,3.0,True,stg5diff2_S5d3_b2.bcHDEQ,0.0
pancreas,NEUROG3,neurog3_late,3.0,True,stg5diff2_S5d3_b2.bcBOWH,0.7442287
pancreas,NEUROG3,neurog3_late,3.0,True,stg5diff2_S5d3_b2.bcDUUR,0.0
pancreas,NEUROG3,neurog3_late,3.0,True,stg5diff2_S5d3_b2.bcHRML,0.6093109
pancreas,NEUROG3,neurog3_late,3.0,True,stg5diff2_S5d3_b2.bcDGWD,0.0
pancreas,NEUROG3,neurog3_late,3.0,True,stg5diff2_S5d3_b2.bcBUBY,0.9036853
pancreas,NEUROG3,neurog3_late,3.0,True,stg5diff2_S5d3_b2.bcDWKL,0.8226183
pancreas,NEUROG3,neurog3_late,3.0,True,stg5diff2_S5d3_b2.bcGKNC,1.6014364
pancreas,NEUROG3,neurog3_late,3.0,True,stg5diff2_S5d3_b2.bcGSOP,0.0
pancreas,NEUROG3,neurog3_late,3.0,True,stg5diff2_S5d3_b2.bcCWXE,0.0
pancreas,NEUROG3,neurog3_late,3.0,True,stg5diff2_S5d3_b2.bcHVJA,1.6105889
pancreas,NEUROG3,neurog3_late,3.0,True,stg5diff2_S5d3_b2.bcFRRI,0.0
pancreas,NEUROG3,neurog3_late,3.0,True,stg5diff2_S5d3_b2.bcAOJF,1.0097749
pancreas,NEUROG3,neurog3_late,3.0,True,stg5diff2_S5d3_b2.bcFYBF,0.0
pancreas,NEUROG3,neurog3_late,3.0,True,stg5diff2_S5d3_b2.bcFQPI,1.2407442
pancreas,NEUROG3,neurog3_late,3.0,True,stg5diff2_S5d3_b2.bcBQTV,0.81346744
pancreas,NEUROG3,neurog3_late,3.0,True,stg5diff2_S5d3_b2.bcEBKV,1.5646073
pancreas,NEUROG3,neurog3_late,3.0,True,stg5diff2_S5d3_b2.bcBWOY,0.0
pancreas,NEUROG3,neurog3_late,3.0,True,stg5diff2_S5d3_b2.bcCGSV,0.96186674
pancreas,NEUROG3,neurog3_late,3.0,True,stg5diff2_S5d3_b2.bcDSQP,0.0
pancreas,NEUROG3,neurog3_late,3.0,True,stg5diff2_S5d3_b2.bcHTIS,1.0798059
pancreas,NEUROG3,neurog3_late,3.0,True,stg5diff2_S5d3_b2.bcCWVI,0.94129384
pancreas,NEUROG3,neurog3_late,3.0,True,stg5diff2_S5d3_b2.bcEGTE,0.0
pancreas,NEUROG3,neurog3_late,3.0,True,stg5diff2_S5d3_b2.bcGHDG,1.7680026
pancreas,NEUROG3,neurog3_late,3.0,True,stg5diff2_S5d3_b2.bcGRPW,1.005542
pancreas,NEUROG3,neurog3_late,3.0,True,stg5diff2_S5d3_b2.bcGIKI,1.2043083
pancreas,NEUROG3,neurog3_late,3.0,True,stg5diff2_S5d3_b2.bcHYIV,0.9078927
pancreas,NEUROG3,neurog3_late,3.0,True,stg5diff2_S5d3_b2.bcEKVW,1.1556934
pancreas,NEUROG3,neurog3_late,3.0,True,stg5diff2_S5d3_b2.bcFLVC,1.2555938
pancreas,NEUROG3,neurog3_late,3.0,True,stg5diff2_S5d3_b2.bcICLN,0.0
pancreas,NEUROG3,neurog3_late,3.0,True,stg5diff2_S5d3_b2.bcFNLQ,1.0508466
pancreas,NEUROG3,neurog3_late,3.0,True,stg5diff2_S5d3_b2.bcAINP,0.0
pancreas,NEUROG3,neurog3_late,3.0,True,stg5diff2_S5d3_b2.bcEXVW,1.1056896
pancreas,NEUROG3,neurog3_late,3.0,True,stg5diff2_S5d3_b2.bcAWKI,1.4376453
pancreas,NEUROG3,neurog3_late,3.0,True,stg5diff2_S5d3_b2.bcBWWL,1.7663953
pancreas,NEUROG3,neurog3_late,3.0,True,stg5diff2_S5d3_b2.bcCFWY,0.0
pancreas,NEUROG3,neurog3_late,3.0,True,stg5diff2_S5d3_b2.bcGFRA,0.0
pancreas,NEUROG3,neurog3_late,3.0,True,stg5diff2_S5d3_b2.bcCOLW,1.5976597
pancreas,NEUROG3,neurog3_late,3.0,True,stg5diff2_S5d3_b2.bcHVMD,0.0
pancreas,NEUROG3,neurog3_late,3.0,True,stg5diff2_S5d3_b2.bcBVYA,1.6671758
pancreas,NEUROG3,neurog3_late,3.0,True,stg5diff2_S5d3_b2.bcHBBF,0.7121203
pancreas,NEUROG3,neurog3_late,3.0,True,stg5diff2_S5d3_b2.bcBOOQ,1.9609268
pancreas,NEUROG3,neurog3_late,3.0,True,stg5diff2_S5d3_b2.bcFAEF,0.9477366
pancreas,NEUROG3,neurog3_late,3.0,True,stg5diff2_S5d3_b2.bcAFYG,1.0613945
pancreas,NEUROG3,neurog3_late,3.0,True,stg5diff2_S5d3_b2.bcBMCF,0.0
pancreas,NEUROG3,neurog3_late,3.0,True,stg5diff2_S5d3_b2.bcFATH,2.1308193
pancreas,NEUROG3,neurog3_late,3.0,True,stg5diff2_S5d3_b2.bcFXPD,0.0
pancreas,NEUROG3,neurog3_late,3.0,True,stg5diff2_S5d3_b2.bcDXMV,1.4129283
pancreas,NEUROG3,neurog3_late,3.0,True,stg5diff2_S5d3_b2.bcEHJE,2.2295685
pancreas,NEUROG3,neurog3_late,3.0,True,stg5diff2_S5d3_b2.bcCHVD,0.0
pancreas,NEUROG3,neurog3_late,3.0,True,stg5diff2_S5d3_b2.bcEVSH,1.9373345
pancreas,NEUROG3,neurog3_late,3.0,True,stg5diff2_S5d3_b2.bcELBI,0.82606304
pancreas,NEUROG3,neurog3_late,3.0,True,stg5diff2_S5d3_b2.bcAMSI,1.557483
pancreas,NEUROG3,neurog3_late,3.0,True,stg5diff2_S5d3_b2.bcGFHG,1.3880938
pancreas,NEUROG3,neurog3_late,3.0,True,stg5diff2_S5d3_b2.bcFGNA,0.0
pancreas,NEUROG3,neurog3_late,3.0,True,stg5diff2_S5d3_b2.bcBBZL,1.8092408
pancreas,NEUROG3,neurog3_late,3.0,True,stg5diff2_S5d3_b2.bcCNWK,1.6203882
pancreas,NEUROG3,neurog3_late,3.0,True,stg5diff2_S5d3_b2.bcFVPF,2.4173489
pancreas,NEUROG3,neurog3_late,3.0,True,stg5diff2_S5d3_b2.bcGNUE,1.3647654
pancreas,NEUROG3,neurog3_late,3.0,True,stg5diff2_S5d3_b2.bcGAUD,0.0
pancreas,NEUROG3,neurog3_late,3.0,True,stg5diff2_S5d3_b2.bcAHBX,1.8322797
pancreas,NEUROG3,neurog3_late,3.0,True,stg5diff2_S5d3_b2.bcGJIF,1.7641513
pancreas,NEUROG3,neurog3_late,3.0,True,stg5diff2_S5d3_b2.bcFKHA,1.4864364
pancreas,NEUROG3,neurog3_late,3.0,True,stg5diff2_S5d3_b2.bcDZPQ,1.5365664
pancreas,NEUROG3,neurog3_late,3.0,True,stg5diff2_S5d3_b2.bcIARZ,0.8734056
pancreas,NEUROG3,neurog3_late,3.0,True,stg5diff2_S5d3_b2.bcGAWG,0.0
pancreas,NEUROG3,neurog3_late,3.0,True,stg5diff2_S5d3_b2.bcHXOB,0.0
pancreas,NEUROG3,neurog3_late,3.0,True,stg5diff2_S5d3_b2.bcAKPL,0.6449102
pancreas,NEUROG3,neurog3_late,3.0,True,stg5diff2_S5d3_b2.bcDXTI,1.1654288
pancreas,NEUROG3,neurog3_late,3.0,True,stg5diff2_S5d3_b2.bcGVHD,0.0
pancreas,NEUROG3,neurog3_late,3.0,True,stg5diff2_S5d3_b2.bcBINF,0.0
pancreas,NEUROG3,neurog3_late,3.0,True,stg5diff2_S5d3_b2.bcCALQ,1.2035258
pancreas,NEUROG3,neurog3_late,3.0,True,stg5diff2_S5d3_b2.bcDKUC,0.0
pancreas,NEUROG3,neurog3_late,3.0,True,stg5diff2_S5d3_b2.bcHRSI,0.0
pancreas,NEUROG3,neurog3_late,3.0,True,stg5diff2_S5d3_b2.bcCSLN,1.0758238
pancreas,NEUROG3,neurog3_late,3.0,True,stg5diff2_S5d3_b2.bcHPYM,0.5248146
pancreas,NEUROG3,neurog3_late,3.0,True,stg5diff2_S5d3_b2.bcEPSX,1.9990803
pancreas,NEUROG3,neurog3_late,3.0,True,stg5diff2_S5d3_b2.bcALRY,0.73598903
pancreas,NEUROG3,neurog3_late,3.0,True,stg5diff2_S5d3_b2.bcIFPH,1.31399
pancreas,NEUROG3,neurog3_late,3.0,True,stg5diff2_S5d3_b2.bcBDWN,2.4427845
pancreas,NEUROG3,neurog3_late,3.0,True,stg5diff2_S5d3_b2.bcEINR,1.8432757
pancreas,NEUROG3,neurog3_late,3.0,True,stg5diff2_S5d3_b2.bcEPXE,2.100261
pancreas,NEUROG3,neurog3_late,3.0,True,stg5diff2_S5d3_b2.bcEQXB,0.0
pancreas,NEUROG3,neurog3_late,3.0,True,stg5diff2_S5d3_b2.bcFPXC,0.0
pancreas,NEUROG3,neurog3_late,3.0,True,stg5diff2_S5d3_b2.bcALLT,1.1599979
pancreas,NEUROG3,neurog3_late,3.0,True,stg5diff2_S5d3_b2.bcGMYZ,1.310189
pancreas,NEUROG3,neurog3_late,3.0,True,stg5diff2_S5d3_b2.bcGSMJ,0.0
pancreas,NEUROG3,neurog3_late,3.0,True,stg5diff2_S5d3_b2.bcGXMS,1.0320901
pancreas,NEUROG3,neurog3_late,3.0,True,stg5diff2_S5d3_b2.bcEJXN,0.96043336
pancreas,NEUROG3,neurog3_late,3.0,True,stg5diff2_S5d3_b2.bcFNLM,1.688667
pancreas,NEUROG3,neurog3_late,3.0,True,stg5diff2_S5d3_b2.bcCZWC,0.0
pancreas,NEUROG3,neurog3_late,3.0,True,stg5diff2_S5d3_b2.bcABSY,1.6372229
pancreas,NEUROG3,neurog3_late,3.0,True,stg5diff2_S5d3_b2.bcFZAI,0.0
pancreas,NEUROG3,neurog3_late,3.0,True,stg5diff2_S5d3_b2.bcGECO,0.94727325
pancreas,NEUROG3,neurog3_late,3.0,True,stg5diff2_S5d3_b2.bcHVLD,1.6666192
pancreas,NEUROG3,neurog3_late,3.0,True,stg5diff2_S5d3_b2.bcDFTN,0.0
pancreas,NEUROG3,neurog3_late,3.0,True,stg5diff2_S5d3_b2.bcAJDS,0.8380064
pancreas,NEUROG3,neurog3_late,3.0,True,stg5diff2_S5d3_b2.bcFGPA,1.5406961
pancreas,NEUROG3,neurog3_late,3.0,True,stg5diff2_S5d3_b2.bcBTXQ,0.0
pancreas,NEUROG3,neurog3_late,3.0,True,stg5diff2_S5d3_b2.bcDYRZ,1.0954281
pancreas,NEUROG3,neurog3_late,3.0,True,stg5diff2_S5d3_b2.bcAHVI,1.5713274
pancreas,NEUROG3,neurog3_late,3.0,True,stg5diff2_S5d3_b2.bcEDVW,1.1549795
pancreas,NEUROG3,neurog3_late,3.0,True,stg5diff2_S5d3_b2.bcECMW,0.0
pancreas,NEUROG3,neurog3_late,3.0,True,stg5diff2_S5d3_b2.bcFRYX,0.5962146
pancreas,NEUROG3,neurog3_late,3.0,True,stg5diff2_S5d3_b2.bcEHAE,2.2075741
pancreas,NEUROG3,neurog3_late,3.0,True,stg5diff2_S5d3_b2.bcDIPV,0.86645645
pancreas,NEUROG3,neurog3_late,3.0,True,stg5diff2_S5d3_b2.bcEPUA,0.0
pancreas,NEUROG3,neurog3_late,3.0,True,stg5diff2_S5d3_b2.bcBJNA,0.0
pancreas,NEUROG3,neurog3_late,3.0,True,stg5diff2_S5d3_b2.bcDGBT,0.0
pancreas,NEUROG3,neurog3_late,3.0,True,stg5diff2_S5d3_b2.bcAINM,1.7396172
pancreas,NEUROG3,neurog3_late,3.0,True,stg5diff2_S5d3_b2.bcAPNY,1.4533877
pancreas,NEUROG3,neurog3_late,3.0,True,stg5diff2_S5d3_b2.bcCCXL,0.0
pancreas,NEUROG3,neurog3_late,3.0,True,stg5diff2_S5d3_b2.bcIGAT,1.310189
pancreas,NEUROG3,neurog3_late,3.0,True,stg5diff2_S5d3_b2.bcHDLH,1.3207027
pancreas,NEUROG3,neurog3_late,3.0,True,stg5diff2_S5d3_b2.bcEFYC,0.0
pancreas,NEUROG3,neurog3_late,3.0,True,stg5diff2_S5d3_b2.bcHJCQ,1.0555061
pancreas,NEUROG3,neurog3_late,3.0,True,stg5diff2_S5d3_b2.bcBPZJ,0.0
pancreas,NEUROG3,neurog3_late,3.0,True,stg5diff2_S5d3_b2.bcDMYP,2.1097922
pancreas,NEUROG3,neurog3_late,3.0,True,stg5diff2_S5d3_b2.bcDIXS,0.9652293
pancreas,NEUROG3,neurog3_late,3.0,True,stg5diff2_S5d3_b2.bcCHAE,1.5118012
pancreas,NEUROG3,neurog3_late,3.0,True,stg5diff2_S5d3_b2.bcECBR,0.0
pancreas,NEUROG3,neurog3_late,3.0,True,stg5diff2_S5d3_b2.bcADPQ,2.0991852
pancreas,NEUROG3,neurog3_late,3.0,True,stg5diff2_S5d3_b2.bcCJLT,1.2374053
pancreas,NEUROG3,neurog3_late,3.0,True,stg5diff2_S5d3_b2.bcFBMA,0.0
pancreas,NEUROG3,neurog3_late,3.0,True,stg5diff2_S5d3_b2.bcGVQD,0.0
pancreas,NEUROG3,neurog3_late,3.0,True,stg5diff2_S5d3_b2.bcCFFX,1.2824585
pancreas,NEUROG3,neurog3_late,3.0,True,stg5diff2_S5d3_b2.bcGRUV,0.0
pancreas,NEUROG3,neurog3_late,3.0,True,stg5diff2_S5d3_b2.bcAJVO,0.990005
pancreas,NEUROG3,neurog3_late,3.0,True,stg5diff2_S5d3_b2.bcBQDI,1.0167364
pancreas,NEUROG3,neurog3_late,3.0,True,stg5diff2_S5d3_b2.bcBCPY,0.0
pancreas,NEUROG3,neurog3_late,3.0,True,stg5diff2_S5d3_b2.bcBPUU,0.8271023
pancreas,NEUROG3,neurog3_late,3.0,True,stg5diff2_S5d3_b2.bcDWTG,1.6356267
pancreas,NEUROG3,neurog3_late,3.0,True,stg5diff2_S5d3_b2.bcDVUP,0.91428304
pancreas,NEUROG3,neurog3_late,3.0,True,stg5diff2_S5d3_b2.bcAJLR,0.0
pancreas,NEUROG3,neurog3_late,3.0,True,stg5diff2_S5d3_b2.bcIGFM,1.0081831
pancreas,NEUROG3,neurog3_late,3.0,True,stg5diff2_S5d3_b2.bcFUKF,0.0
pancreas,NEUROG3,neurog3_late,3.0,True,stg5diff2_S5d3_b2.bcDJJB,1.8464996
pancreas,NEUROG3,neurog3_late,3.0,True,stg5diff2_S5d3_b2.bcEBMP,0.0
pancreas,NEUROG3,neurog3_late,3.0,True,stg5diff2_S5d3_b2.bcBGJG,0.66317123
pancreas,NEUROG3,neurog3_late,3.0,True,stg5diff2_S5d3_b2.bcIEYS,0.0
pancreas,NEUROG3,neurog3_late,3.0,True,stg5diff2_S5d3_b2.bcDFCC,0.9538045
pancreas,NEUROG3,neurog3_late,3.0,True,stg5diff2_S5d3_b2.bcGPNR,0.7822882
pancreas,NEUROG3,neurog3_late,3.0,True,stg5diff2_S5d3_b2.bcCJDB,0.0
pancreas,NEUROG3,neurog3_late,3.0,True,stg5diff2_S5d3_b2.bcHYSM,0.0
pancreas,NEUROG3,neurog3_late,3.0,True,stg5diff2_S5d3_b2.bcFHUE,0.0
pancreas,NEUROG3,neurog3_late,3.0,True,stg5diff2_S5d3_b2.bcEVRP,0.0
pancreas,NEUROG3,neurog3_late,3.0,True,stg5diff2_S5d3_b2.bcBXSH,0.0
pancreas,NEUROG3,neurog3_late,3.0,True,stg5diff2_S5d3_b2.bcEKBG,0.52944714
pancreas,NEUROG3,neurog3_late,3.0,True,stg5diff2_S5d3_b2.bcAWQI,1.9012723
pancreas,NEUROG3,neurog3_late,3.0,True,stg5diff2_S5d3_b2.bcFXTC,0.0
pancreas,NEUROG3,neurog3_late,3.0,True,stg5diff2_S5d3_b2.bcCGEU,0.0
pancreas,NEUROG3,neurog3_late,3.0,True,stg5diff2_S5d3_b2.bcHCXS,1.4730484
pancreas,NEUROG3,neurog3_late,3.0,True,stg5diff2_S5d3_b2.bcEVNR,0.7954745
pancreas,NEUROG3,neurog3_late,3.0,True,stg5diff2_S5d3_b2.bcBGRJ,2.223636
pancreas,NEUROG3,neurog3_late,3.0,True,stg5diff2_S5d3_b2.bcHDVV,1.7728465
pancreas,NEUROG3,neurog3_late,3.0,True,stg5diff2_S5d3_b2.bcGRPQ,0.6438805
pancreas,NEUROG3,neurog3_late,3.0,True,stg5diff2_S5d3_b2.bcEIWS,1.5839932
pancreas,NEUROG3,neurog3_late,3.0,True,stg5diff2_S5d3_b2.bcESXO,1.527934
pancreas,NEUROG3,neurog3_late,3.0,True,stg5diff2_S5d3_b2.bcIDRK,1.1599979
pancreas,NEUROG3,neurog3_late,3.0,True,stg5diff2_S5d3_b2.bcAAIO,0.0
pancreas,NEUROG3,neurog3_late,3.0,True,stg5diff2_S5d3_b2.bcDKDI,0.0
pancreas,NEUROG3,neurog3_late,3.0,True,stg5diff2_S5d3_b2.bcIIJZ,1.3710377
pancreas,NEUROG3,neurog3_late,3.0,True,stg5diff2_S5d3_b2.bcDYBP,0.986454
pancreas,NEUROG3,neurog3_late,3.0,True,stg5diff2_S5d3_b2.bcGJJQ,0.0
pancreas,NEUROG3,neurog3_late,3.0,True,stg5diff2_S5d3_b2.bcEOVV,0.81213
pancreas,NEUROG3,neurog3_late,3.0,True,stg5diff2_S5d3_b2.bcAMJP,1.113855
pancreas,NEUROG3,neurog3_late,3.0,True,stg5diff2_S5d3_b2.bcAQQL,0.0
pancreas,NEUROG3,neurog3_late,3.0,True,stg5diff2_S5d3_b2.bcBRNU,0.0
pancreas,NEUROG3,neurog3_late,3.0,True,stg5diff2_S5d3_b2.bcGLYP,1.5090346
pancreas,NEUROG3,neurog3_late,3.0,True,stg5diff2_S5d3_b2.bcBZIE,1.0881808
pancreas,NEUROG3,neurog3_late,3.0,True,stg5diff2_S5d3_b2.bcGGXJ,0.0
pancreas,NEUROG3,neurog3_late,3.0,True,stg5diff2_S5d3_b2.bcFVTD,1.1245027
pancreas,NEUROG3,neurog3_late,3.0,True,stg5diff2_S5d3_b2.bcGWRF,1.2424213
pancreas,NEUROG3,neurog3_late,3.0,True,stg5diff2_S5d3_b2.bcCDMN,0.0
pancreas,NEUROG3,neurog3_late,3.0,True,stg5diff2_S5d3_b2.bcBDPC,0.89029354
pancreas,NEUROG3,neurog3_late,3.0,True,stg5diff2_S5d3_b2.bcEBYT,0.78414375
pancreas,NEUROG3,neurog3_late,3.0,True,stg5diff2_S5d3_b2.bcBKPI,0.0
pancreas,NEUROG3,neurog3_late,3.0,True,stg5diff2_S5d3_b2.bcHPVP,1.5317816
pancreas,NEUROG3,neurog3_late,3.0,True,stg5diff2_S5d3_b2.bcDAJN,1.6372229
pancreas,NEUROG3,neurog3_late,3.0,True,stg5diff2_S5d3_b2.bcGJQJ,1.4283314
pancreas,NEUROG3,neurog3_late,3.0,True,stg5diff2_S5d3_b2.bcHWTG,0.0
pancreas,NEUROG3,neurog3_late,3.0,True,stg5diff2_S5d3_b2.bcAOKQ,0.71877366
pancreas,NEUROG3,neurog3_late,3.0,True,stg5diff2_S5d3_b2.bcEAVG,2.0911994
pancreas,NEUROG3,neurog3_late,3.0,True,stg5diff2_S5d3_b2.bcHPYH,0.0
pancreas,NEUROG3,neurog3_late,3.0,True,stg5diff2_S5d3_b2.bcECGR,1.6784029
pancreas,NEUROG3,neurog3_late,3.0,True,stg5diff2_S5d3_b2.bcAWQH,1.0422297
pancreas,NEUROG3,neurog3_late,3.0,True,stg5diff2_S5d3_b2.bcCSVP,0.0
pancreas,NEUROG3,neurog3_late,3.0,True,stg5diff2_S5d3_b2.bcEPHF,0.0
pancreas,NEUROG3,neurog3_late,3.0,True,stg5diff2_S5d3_b2.bcGWDN,0.0
pancreas,NEUROG3,neurog3_late,3.0,True,stg5diff2_S5d3_b2.bcIEMB,1.1374425
pancreas,NEUROG3,neurog3_late,3.0,True,stg5diff2_S5d3_b2.bcHCWN,1.4656413
pancreas,NEUROG3,neurog3_late,3.0,True,stg5diff2_S5d3_b2.bcBBVT,1.2090275
pancreas,NEUROG3,neurog3_late,3.0,True,stg5diff2_S5d3_b2.bcEKAA,0.0
pancreas,NEUROG3,neurog3_late,3.0,True,stg5diff2_S5d3_b2.bcCDBT,1.307826
pancreas,NEUROG3,neurog3_late,3.0,True,stg5diff2_S5d3_b2.bcDJAA,0.0
pancreas,NEUROG3,neurog3_late,3.0,True,stg5diff2_S5d3_b2.bcHRGN,0.0
pancreas,NEUROG3,neurog3_late,3.0,True,stg5diff2_S5d3_b2.bcCSBD,0.0
pancreas,NEUROG3,neurog3_late,3.0,True,stg5diff2_S5d3_b2.bcDEOK,0.54487985
pancreas,NEUROG3,neurog3_late,3.0,True,stg5diff2_S5d3_b2.bcFJDK,0.9841857
pancreas,NEUROG3,neurog3_late,3.0,True,stg5diff2_S5d3_b2.bcEUSX,0.7752598
pancreas,NEUROG3,neurog3_late,3.0,True,stg5diff2_S5d3_b2.bcFMMN,0.888069
pancreas,NEUROG3,neurog3_late,3.0,True,stg5diff2_S5d3_b2.bcIJAY,0.0
pancreas,NEUROG3,neurog3_late,3.0,True,stg5diff2_S5d3_b2.bcGPQR,0.0
pancreas,NEUROG3,neurog3_late,3.0,True,stg5diff2_S5d3_b2.bcFEGV,1.2699673
pancreas,NEUROG3,neurog3_late,3.0,True,stg5diff2_S5d3_b2.bcAFGN,1.7231209
pancreas,NEUROG3,neurog3_late,3.0,True,stg5diff2_S5d3_b2.bcGPTX,1.1204836
pancreas,NEUROG3,neurog3_late,3.0,True,stg5diff2_S5d3_b2.bcECCK,0.0
pancreas,NEUROG3,neurog3_late,3.0,True,stg5diff2_S5d3_b2.bcEJQF,1.9773614
pancreas,NEUROG3,neurog3_late,3.0,True,stg5diff2_S5d3_b2.bcFAPD,0.8521645
pancreas,NEUROG3,neurog3_late,3.0,True,stg5diff2_S5d3_b2.bcETWH,0.0
pancreas,NEUROG3,neurog3_late,3.0,True,stg5diff2_S5d3_b2.bcBPWP,1.9236555
pancreas,NEUROG3,neurog3_late,3.0,True,stg5diff2_S5d3_b2.bcDZLD,0.0
pancreas,NEUROG3,neurog3_late,3.0,True,stg5diff2_S5d3_b2.bcDPMB,1.066157
pancreas,NEUROG3,neurog3_late,3.0,True,stg5diff2_S5d3_b2.bcGBOX,0.0
pancreas,NEUROG3,neurog3_late,3.0,True,stg5diff2_S5d3_b2.bcETVD,0.77738476
pancreas,NEUROG3,neurog3_late,3.0,True,stg5diff2_S5d3_b2.bcBJDJ,1.381106
pancreas,NEUROG3,neurog3_late,3.0,True,stg5diff2_S5d3_b2.bcFVEK,1.2324346
pancreas,NEUROG3,neurog3_late,3.0,True,stg5diff2_S5d3_b2.bcABJV,1.4658458
pancreas,NEUROG3,neurog3_late,3.0,True,stg5diff2_S5d3_b2.bcBXFE,0.0
pancreas,NEUROG3,neurog3_late,3.0,True,stg5diff2_S5d3_b2.bcHNMI,0.77374935
pancreas,NEUROG3,neurog3_late,3.0,True,stg5diff2_S5d3_b2.bcCJTG,0.7213673
pancreas,NEUROG3,neurog3_late,3.0,True,stg5diff2_S5d3_b2.bcEUZC,0.8840544
pancreas,NEUROG3,neurog3_late,3.0,True,stg5diff2_S5d3_b2.bcEDPY,0.0
pancreas,NEUROG3,neurog3_late,3.0,True,stg5diff2_S5d3_b2.bcIJAF,1.0801136
pancreas,NEUROG3,neurog3_late,3.0,True,stg5diff2_S5d3_b2.bcDFPZ,1.0995716
pancreas,NEUROG3,neurog3_late,3.0,True,stg5diff2_S5d3_b2.bcFXVZ,0.0
pancreas,NEUROG3,neurog3_late,3.0,True,stg5diff2_S5d3_b2.bcIJBF,0.9168661
pancreas,NEUROG3,neurog3_late,3.0,True,stg5diff2_S5d3_b2.bcEDYI,0.0
pancreas,NEUROG3,neurog3_late,3.0,True,stg5diff2_S5d3_b2.bcAZDM,0.0
pancreas,NEUROG3,neurog3_late,3.0,True,stg5diff2_S5d3_b2.bcAHPT,0.0
pancreas,NEUROG3,neurog3_late,3.0,True,stg5diff2_S5d3_b2.bcCHMF,0.93494445
pancreas,NEUROG3,neurog3_late,3.0,True,stg5diff2_S5d3_b2.bcEYWG,2.0259876
pancreas,NEUROG3,neurog3_late,3.0,True,stg5diff2_S5d3_b2.bcDFVQ,0.9225168
pancreas,NEUROG3,neurog3_late,3.0,True,stg5diff2_S5d3_b2.bcEJKV,1.6105889
pancreas,NEUROG3,neurog3_late,3.0,True,stg5diff2_S5d3_b2.bcDNPI,0.0
pancreas,NEUROG3,neurog3_late,3.0,True,stg5diff2_S5d3_b2.bcDRZL,0.7229329
pancreas,NEUROG3,neurog3_late,3.0,True,stg5diff2_S5d3_b2.bcBBCK,1.464007
pancreas,NEUROG3,neurog3_late,3.0,True,stg5diff2_S5d3_b2.bcHAXF,1.3629484
pancreas,NEUROG3,neurog3_late,3.0,True,stg5diff2_S5d3_b2.bcAGAH,0.0
pancreas,NEUROG3,neurog3_late,3.0,True,stg5diff2_S5d3_b2.bcFPWW,0.0
pancreas,NEUROG3,neurog3_late,3.0,True,stg5diff2_S5d3_b2.bcHZTV,1.4240137
pancreas,NEUROG3,neurog3_late,3.0,True,stg5diff2_S5d3_b2.bcDTZN,0.7651092
pancreas,NEUROG3,neurog3_late,3.0,True,stg5diff2_S5d3_b2.bcDNPV,0.82606304
pancreas,NEUROG3,neurog3_late,3.0,True,stg5diff2_S5d3_b2.bcEFCI,0.0
pancreas,NEUROG3,neurog3_late,3.0,True,stg5diff2_S5d3_b2.bcCCWV,0.0
pancreas,NEUROG3,neurog3_late,3.0,True,stg5diff2_S5d3_b2.bcFZPB,0.86000025
pancreas,NEUROG3,neurog3_late,3.0,True,stg5diff2_S5d3_b2.bcGNDS,1.0312548
pancreas,NEUROG3,neurog3_late,3.0,True,stg5diff2_S5d3_b2.bcEVTM,0.8455675
pancreas,NEUROG3,neurog3_late,3.0,True,stg5diff2_S5d3_b2.bcDDPS,0.0
pancreas,NEUROG3,neurog3_late,3.0,True,stg5diff2_S5d3_b2.bcGRNW,1.2316105
pancreas,NEUROG3,neurog3_late,3.0,True,stg5diff2_S5d3_b2.bcDKUT,1.9424273
pancreas,NEUROG3,neurog3_late,3.0,True,stg5diff2_S5d3_b2.bcHCFN,1.7480134
pancreas,NEUROG3,neurog3_late,3.0,True,stg5diff2_S5d3_b2.bcFFVY,0.0
pancreas,NEUROG3,neurog3_late,3.0,True,stg5diff2_S5d3_b2.bcICCH,0.85438776
pancreas,NEUROG3,neurog3_late,3.0,True,stg5diff2_S5d3_b2.bcDASS,0.0
pancreas,NEUROG3,neurog3_late,3.0,True,stg5diff2_S5d3_b2.bcBJOI,1.0023926
pancreas,NEUROG3,neurog3_late,3.0,True,stg5diff2_S5d3_b2.bcEFPR,1.0863074
pancreas,NEUROG3,neurog3_late,3.0,True,stg5diff2_S5d3_b2.bcIIVR,0.0
pancreas,NEUROG3,neurog3_late,3.0,True,stg5diff2_S5d3_b2.bcASAE,0.0
pancreas,NEUROG3,neurog3_late,3.0,True,stg5diff2_S5d3_b2.bcFLOV,0.0
pancreas,NEUROG3,neurog3_late,3.0,True,stg5diff2_S5d3_b2.bcBVDP,1.5737443
pancreas,NEUROG3,neurog3_late,3.0,True,stg5diff2_S5d3_b2.bcGSMB,0.0
pancreas,NEUROG3,neurog3_late,3.0,True,stg5diff2_S5d3_b2.bcHEHD,1.4921708
pancreas,NEUROG3,neurog3_late,3.0,True,stg5diff2_S5d3_b2.bcGUSC,0.0
pancreas,NEUROG3,neurog3_late,3.0,True,stg5diff2_S5d3_b2.bcEGEH,0.0
pancreas,NEUROG3,neurog3_late,3.0,True,stg5diff2_S5d3_b2.bcBIDX,0.0
pancreas,NEUROG3,neurog3_late,3.0,True,stg5diff2_S5d3_b2.bcBEIG,1.611101
pancreas,NEUROG3,neurog3_late,3.0,True,stg5diff2_S5d3_b2.bcHNYM,0.0
pancreas,NEUROG3,neurog3_late,3.0,True,stg5diff2_S5d3_b2.bcGHNJ,1.7865874
pancreas,NEUROG3,neurog3_late,3.0,True,stg5diff2_S5d3_b2.bcFNYO,0.0
pancreas,NEUROG3,neurog3_late,3.0,True,stg5diff2_S5d3_b2.bcHLJI,1.3207027
pancreas,NEUROG3,neurog3_late,3.0,True,stg5diff2_S5d3_b2.bcDZQL,0.9599565
pancreas,NEUROG3,neurog3_late,3.0,True,stg5diff2_S5d3_b2.bcHHCT,1.8155766
pancreas,NEUROG3,neurog3_late,3.0,True,stg5diff2_S5d3_b2.bcACLN,0.0
pancreas,NEUROG3,neurog3_late,3.0,True,stg5diff2_S5d3_b2.bcDQRB,0.0
pancreas,NEUROG3,neurog3_late,3.0,True,stg5diff2_S5d3_b2.bcEAHF,0.0
pancreas,NEUROG3,neurog3_late,3.0,True,stg5diff2_S5d3_b2.bcAGYS,1.629279
pancreas,NEUROG3,neurog3_late,3.0,True,stg5diff2_S5d3_b2.bcEKQD,0.0
pancreas,NEUROG3,neurog3_late,3.0,True,stg5diff2_S5d3_b2.bcGRSQ,1.271735
pancreas,NEUROG3,neurog3_late,3.0,True,stg5diff2_S5d3_b2.bcDXIO,1.261212
pancreas,NEUROG3,neurog3_late,3.0,True,stg5diff2_S5d3_b2.bcFOXU,1.1753482
pancreas,NEUROG3,neurog3_late,3.0,True,stg5diff2_S5d3_b2.bcFWSO,0.89993393
pancreas,NEUROG3,neurog3_late,3.0,True,stg5diff2_S5d3_b2.bcAEDL,0.0
pancreas,NEUROG3,neurog3_late,3.0,True,stg5diff2_S5d3_b2.bcECCH,1.7872484
pancreas,NEUROG3,neurog3_late,3.0,True,stg5diff2_S5d3_b2.bcHQHM,0.0
pancreas,NEUROG3,neurog3_late,3.0,True,stg5diff2_S5d3_b2.bcDXVN,0.8904964
pancreas,NEUROG3,neurog3_late,3.0,True,stg5diff2_S5d3_b2.bcAHXB,0.6547591
pancreas,NEUROG3,neurog3_late,3.0,True,stg5diff2_S5d3_b2.bcHZKD,0.8078151
pancreas,NEUROG3,neurog3_late,3.0,True,stg5diff2_S5d3_b2.bcEWYZ,0.0
pancreas,NEUROG3,neurog3_late,3.0,True,stg5diff2_S5d3_b2.bcHJNZ,0.83163834
pancreas,NEUROG3,neurog3_late,3.0,True,stg5diff2_S5d3_b2.bcGENI,0.0
pancreas,NEUROG3,neurog3_late,3.0,True,stg5diff2_S5d3_b2.bcFFID,0.7891375
pancreas,NEUROG3,neurog3_late,3.0,True,stg5diff2_S5d3_b2.bcAKMW,0.0
pancreas,NEUROG3,neurog3_late,3.0,True,stg5diff2_S5d3_b2.bcDUIC,0.94681036
pancreas,NEUROG3,neurog3_late,3.0,True,stg5diff2_S5d3_b2.bcHDBW,0.6329721
pancreas,NEUROG3,neurog3_late,3.0,True,stg5diff2_S5d3_b2.bcHPPZ,0.0
pancreas,NEUROG3,neurog3_late,3.0,True,stg5diff2_S5d3_b2.bcGXQQ,0.0
pancreas,NEUROG3,neurog3_late,3.0,True,stg5diff2_S5d3_b2.bcIFNQ,0.8868605
pancreas,NEUROG3,neurog3_late,3.0,True,stg5diff2_S5d3_b2.bcEOQB,1.5317816
pancreas,NEUROG3,neurog3_late,3.0,True,stg5diff2_S5d3_b2.bcEHXH,1.8061787
pancreas,NEUROG3,neurog3_late,3.0,True,stg5diff2_S5d3_b2.bcHZSN,0.0
pancreas,NEUROG3,neurog3_late,3.0,True,stg5diff2_S5d3_b2.bcFWLJ,0.9477366
pancreas,NEUROG3,neurog3_late,3.0,True,stg5diff2_S5d3_b2.bcCHUG,0.0
pancreas,NEUROG3,neurog3_late,3.0,True,stg5diff2_S5d3_b2.bcGZKJ,0.8588715
pancreas,NEUROG3,neurog3_late,3.0,True,stg5diff2_S5d3_b2.bcAONG,1.1672516
pancreas,NEUROG3,neurog3_late,3.0,True,stg5diff2_S5d3_b2.bcEBQX,1.3585587
pancreas,NEUROG3,neurog3_late,3.0,True,stg5diff2_S5d3_b2.bcCIKH,0.0
pancreas,NEUROG3,neurog3_late,3.0,True,stg5diff2_S5d3_b2.bcHZUT,0.0
pancreas,NEUROG3,neurog3_late,3.0,True,stg5diff2_S5d3_b2.bcHHSG,1.2933894
pancreas,NEUROG3,neurog3_late,3.0,True,stg5diff2_S5d3_b2.bcHKUG,0.0
pancreas,NEUROG3,neurog3_late,3.0,True,stg5diff2_S5d3_b2.bcFZBG,1.4839044
pancreas,NEUROG3,neurog3_late,3.0,True,stg5diff2_S5d3_b2.bcAJYR,0.0
pancreas,NEUROG3,neurog3_late,3.0,True,stg5diff2_S5d3_b2.bcCWTL,0.7111081
pancreas,NEUROG3,neurog3_late,3.0,True,stg5diff2_S5d3_b2.bcHJNA,1.4168845
pancreas,NEUROG3,neurog3_late,3.0,True,stg5diff2_S5d3_b2.bcATSD,1.056678
pancreas,NEUROG3,neurog3_late,3.0,True,stg5diff2_S5d3_b2.bcGPMS,2.0875332
pancreas,NEUROG3,neurog3_late,3.0,True,stg5diff2_S5d3_b2.bcEMCI,0.0
pancreas,NEUROG3,neurog3_late,3.0,True,stg5diff2_S5d3_b2.bcBOIM,0.89498353
pancreas,NEUROG3,neurog3_late,3.0,True,stg5diff2_S5d3_b2.bcBCBX,0.0
pancreas,NEUROG3,neurog3_late,3.0,True,stg5diff2_S5d3_b2.bcBMPM,1.8221421
pancreas,NEUROG3,neurog3_late,3.0,True,stg5diff2_S5d3_b2.bcDGTK,0.5838529
pancreas,NEUROG3,neurog3_late,3.0,True,stg5diff2_S5d3_b2.bcEZPE,1.8982613
pancreas,NEUROG3,neurog3_late,3.0,True,stg5diff2_S5d3_b2.bcGYWR,1.1949922
pancreas,NEUROG3,neurog3_late,3.0,True,stg5diff2_S5d3_b2.bcBTLS,1.6356267
pancreas,NEUROG3,neurog3_late,3.0,True,stg5diff2_S5d3_b2.bcIBSG,0.0
pancreas,NEUROG3,neurog3_late,3.0,True,stg5diff2_S5d3_b2.bcHCSG,2.2839327
pancreas,NEUROG3,neurog3_late,3.0,True,stg5diff2_S5d3_b2.bcBZNP,0.8536453
pancreas,NEUROG3,neurog3_late,3.0,True,stg5diff2_S5d3_b2.bcFPNO,1.18849
pancreas,NEUROG3,neurog3_late,3.0,True,stg5diff2_S5d3_b2.bcEFJV,1.498604
pancreas,NEUROG3,neurog3_late,3.0,True,stg5diff2_S5d3_b2.bcCYSI,1.1621635
pancreas,NEUROG3,neurog3_late,3.0,True,stg5diff2_S5d3_b2.bcGJKJ,0.0
pancreas,NEUROG3,neurog3_late,3.0,True,stg5diff2_S5d3_b2.bcBWCU,0.0
pancreas,NEUROG3,neurog3_late,3.0,True,stg5diff2_S5d3_b2.bcHAIN,0.0
pancreas,NEUROG3,neurog3_late,3.0,True,stg5diff2_S5d3_b2.bcDADY,0.0
pancreas,NEUROG3,neurog3_late,3.0,True,stg5diff2_S5d3_b2.bcDZTH,0.0
pancreas,NEUROG3,neurog3_late,3.0,True,stg5diff2_S5d3_b2.bcGOJR,1.1650649
pancreas,NEUROG3,neurog3_late,3.0,True,stg5diff2_S5d3_b2.bcFXNG,0.0
pancreas,NEUROG3,neurog3_late,3.0,True,stg5diff2_S5d3_b2.bcFDHS,1.3120863
pancreas,NEUROG3,neurog3_late,3.0,True,stg5diff2_S5d3_b2.bcBEQE,0.0
pancreas,NEUROG3,neurog3_late,3.0,True,stg5diff2_S5d3_b2.bcHISN,0.0
pancreas,NEUROG3,neurog3_late,3.0,True,stg5diff2_S5d3_b2.bcGCWG,0.0
pancreas,NEUROG3,neurog3_late,3.0,True,stg5diff2_S5d3_b2.bcEJAJ,0.0
pancreas,NEUROG3,neurog3_late,3.0,True,stg5diff2_S5d3_b2.bcADYA,0.77465487
pancreas,NEUROG3,neurog3_late,3.0,True,stg5diff2_S5d3_b2.bcCFRL,0.0
pancreas,NEUROG3,neurog3_late,3.0,True,stg5diff2_S5d3_b2.bcAHPD,1.4515854
pancreas,NEUROG3,neurog3_late,3.0,True,stg5diff2_S5d3_b2.bcHLLA,0.73247737
pancreas,NEUROG3,neurog3_late,3.0,True,stg5diff2_S5d3_b2.bcHJKZ,0.0
pancreas,NEUROG3,neurog3_late,3.0,True,stg5diff2_S5d3_b2.bcCGYB,1.7965672
pancreas,NEUROG3,neurog3_late,3.0,True,stg5diff2_S5d3_b2.bcEAFW,1.8931934
pancreas,NEUROG3,neurog3_late,3.0,True,stg5diff2_S5d3_b2.bcHYAL,1.27499
pancreas,NEUROG3,neurog3_late,4.0,False,stg5diff1_S5d4_b1.bcDTNS,1.5756514
pancreas,NEUROG3,neurog3_late,4.0,False,stg5diff1_S5d4_b1.bcCMQO,1.7323391
pancreas,NEUROG3,neurog3_late,4.0,False,stg5diff1_S5d4_b1.bcFTBI,0.5304544
pancreas,NEUROG3,neurog3_late,4.0,False,stg5diff1_S5d4_b1.bcHMCN,1.3257656
pancreas,NEUROG3,neurog3_late,4.0,False,stg5diff1_S5d4_b1.bcCSLR,0.0
pancreas,NEUROG3,neurog3_late,4.0,False,stg5diff1_S5d4_b1.bcHKQA,1.7810439
pancreas,NEUROG3,neurog3_late,4.0,False,stg5diff1_S5d4_b1.bcDMCH,0.0
pancreas,NEUROG3,neurog3_late,4.0,False,stg5diff1_S5d4_b1.bcGJCK,1.0475225
pancreas,NEUROG3,neurog3_late,4.0,False,stg5diff1_S5d4_b1.bcAAXK,1.8409938
pancreas,NEUROG3,neurog3_late,4.0,False,stg5diff1_S5d4_b1.bcAGHV,0.0
pancreas,NEUROG3,neurog3_late,4.0,False,stg5diff1_S5d4_b1.bcCAIA,0.9173862
pancreas,NEUROG3,neurog3_late,4.0,False,stg5diff1_S5d4_b1.bcEYQP,1.5019412
pancreas,NEUROG3,neurog3_late,4.0,False,stg5diff1_S5d4_b1.bcHIVU,0.76363474
pancreas,NEUROG3,neurog3_late,4.0,False,stg5diff1_S5d4_b1.bcHARO,0.0
pancreas,NEUROG3,neurog3_late,4.0,False,stg5diff1_S5d4_b1.bcHTHA,0.0
pancreas,NEUROG3,neurog3_late,4.0,False,stg5diff1_S5d4_b1.bcDNEM,0.0
pancreas,NEUROG3,neurog3_late,4.0,False,stg5diff1_S5d4_b1.bcEIVB,0.825047
pancreas,NEUROG3,neurog3_late,4.0,False,stg5diff1_S5d4_b1.bcHSSJ,1.8687768
pancreas,NEUROG3,neurog3_late,4.0,False,stg5diff1_S5d4_b1.bcHBPO,0.0
pancreas,NEUROG3,neurog3_late,4.0,False,stg5diff1_S5d4_b1.bcGPLK,1.0510714
pancreas,NEUROG3,neurog3_late,4.0,False,stg5diff1_S5d4_b1.bcBZRD,1.3071854
pancreas,NEUROG3,neurog3_late,4.0,False,stg5diff1_S5d4_b1.bcGJTA,1.3368709
pancreas,NEUROG3,neurog3_late,4.0,False,stg5diff1_S5d4_b1.bcAUYZ,1.1358683
pancreas,NEUROG3,neurog3_late,4.0,False,stg5diff1_S5d4_b1.bcEMHA,0.44328475
pancreas,NEUROG3,neurog3_late,4.0,False,stg5diff1_S5d4_b1.bcIHKB,0.0
pancreas,NEUROG3,neurog3_late,4.0,False,stg5diff1_S5d4_b1.bcALLU,0.42414972
pancreas,NEUROG3,neurog3_late,4.0,False,stg5diff1_S5d4_b1.bcIJWK,1.2537922
pancreas,NEUROG3,neurog3_late,4.0,False,stg5diff1_S5d4_b1.bcGJBP,3.1001105
pancreas,NEUROG3,neurog3_late,4.0,False,stg5diff1_S5d4_b1.bcFEGB,1.2273095
pancreas,NEUROG3,neurog3_late,4.0,False,stg5diff1_S5d4_b1.bcEZEZ,1.8953457
pancreas,NEUROG3,neurog3_late,4.0,False,stg5diff1_S5d4_b1.bcFUFL,0.0
pancreas,NEUROG3,neurog3_late,4.0,False,stg5diff1_S5d4_b1.bcFPCC,0.53638184
pancreas,NEUROG3,neurog3_late,4.0,False,stg5diff1_S5d4_b1.bcDZHI,1.7244188
pancreas,NEUROG3,neurog3_late,4.0,False,stg5diff1_S5d4_b1.bcBAZN,0.0
pancreas,NEUROG3,neurog3_late,4.0,False,stg5diff1_S5d4_b1.bcGPLT,0.606718
pancreas,NEUROG3,neurog3_late,4.0,False,stg5diff1_S5d4_b1.bcCMBH,0.0
pancreas,NEUROG3,neurog3_late,4.0,False,stg5diff1_S5d4_b1.bcBUKB,0.8469324
pancreas,NEUROG3,neurog3_late,4.0,False,stg5diff1_S5d4_b1.bcBLRU,1.5487422
pancreas,NEUROG3,neurog3_late,4.0,False,stg5diff1_S5d4_b1.bcFMHV,0.72618806
pancreas,NEUROG3,neurog3_late,4.0,False,stg5diff1_S5d4_b1.bcFXAH,1.0947882
pancreas,NEUROG3,neurog3_late,4.0,False,stg5diff1_S5d4_b1.bcFUMQ,0.0
pancreas,NEUROG3,neurog3_late,4.0,False,stg5diff1_S5d4_b1.bcESOX,0.0
pancreas,NEUROG3,neurog3_late,4.0,False,stg5diff1_S5d4_b1.bcBOMG,0.88714194
pancreas,NEUROG3,neurog3_late,4.0,False,stg5diff1_S5d4_b1.bcGIQH,1.2751415
pancreas,NEUROG3,neurog3_late,4.0,False,stg5diff1_S5d4_b1.bcHKPA,1.3133197
pancreas,NEUROG3,neurog3_late,4.0,False,stg5diff1_S5d4_b1.bcGJEJ,0.0
pancreas,NEUROG3,neurog3_late,4.0,False,stg5diff1_S5d4_b1.bcCPQC,0.0
pancreas,NEUROG3,neurog3_late,4.0,False,stg5diff1_S5d4_b1.bcCDOC,1.2408948
pancreas,NEUROG3,neurog3_late,4.0,False,stg5diff1_S5d4_b1.bcGPAQ,1.4198898
pancreas,NEUROG3,neurog3_late,4.0,False,stg5diff1_S5d4_b1.bcHKWM,0.0
pancreas,NEUROG3,neurog3_late,4.0,False,stg5diff1_S5d4_b1.bcAYYB,0.0
pancreas,NEUROG3,neurog3_late,4.0,False,stg5diff1_S5d4_b1.bcFMOE,0.8967645
pancreas,NEUROG3,neurog3_late,4.0,False,stg5diff1_S5d4_b1.bcFKSF,0.6269116
pancreas,NEUROG3,neurog3_late,4.0,False,stg5diff1_S5d4_b1.bcBUDE,0.6825691
pancreas,NEUROG3,neurog3_late,4.0,False,stg5diff1_S5d4_b1.bcEKZB,0.0
pancreas,NEUROG3,neurog3_late,4.0,False,stg5diff1_S5d4_b1.bcHPPH,0.0
pancreas,NEUROG3,neurog3_late,4.0,False,stg5diff1_S5d4_b1.bcHERH,0.94408476
pancreas,NEUROG3,neurog3_late,4.0,False,stg5diff1_S5d4_b1.bcBCZG,0.58891493
pancreas,NEUROG3,neurog3_late,4.0,False,stg5diff1_S5d4_b1.bcGPVS,0.0
pancreas,NEUROG3,neurog3_late,4.0,False,stg5diff1_S5d4_b1.bcCCGJ,1.8291875
pancreas,NEUROG3,neurog3_late,4.0,False,stg5diff1_S5d4_b1.bcDUUU,1.4793911
pancreas,NEUROG3,neurog3_late,4.0,False,stg5diff1_S5d4_b1.bcEBRG,0.4838526
pancreas,NEUROG3,neurog3_late,4.0,False,stg5diff1_S5d4_b1.bcFSDG,0.9427669
pancreas,NEUROG3,neurog3_late,4.0,False,stg5diff1_S5d4_b1.bcIKAY,0.5846983
pancreas,NEUROG3,neurog3_late,4.0,False,stg5diff1_S5d4_b1.bcAJPV,0.0
pancreas,NEUROG3,neurog3_late,4.0,False,stg5diff1_S5d4_b1.bcFAAN,1.3080667
pancreas,NEUROG3,neurog3_late,4.0,False,stg5diff1_S5d4_b1.bcGDRE,1.6154225
pancreas,NEUROG3,neurog3_late,4.0,False,stg5diff1_S5d4_b1.bcDTVS,0.5722835
pancreas,NEUROG3,neurog3_late,4.0,False,stg5diff1_S5d4_b1.bcFOUR,2.0946198
pancreas,NEUROG3,neurog3_late,4.0,False,stg5diff1_S5d4_b1.bcBSCN,1.1242491
pancreas,NEUROG3,neurog3_late,4.0,False,stg5diff1_S5d4_b1.bcGIVK,0.0
pancreas,NEUROG3,neurog3_late,4.0,False,stg5diff1_S5d4_b1.bcHHFQ,1.3263202
pancreas,NEUROG3,neurog3_late,4.0,False,stg5diff1_S5d4_b1.bcDKKN,2.0290222
pancreas,NEUROG3,neurog3_late,4.0,False,stg5diff1_S5d4_b1.bcCDBN,0.0
pancreas,NEUROG3,neurog3_late,4.0,False,stg5diff1_S5d4_b1.bcDZZQ,1.8798311
pancreas,NEUROG3,neurog3_late,4.0,False,stg5diff1_S5d4_b1.bcFVLJ,0.0
pancreas,NEUROG3,neurog3_late,4.0,False,stg5diff1_S5d4_b1.bcCEQJ,1.5135373
pancreas,NEUROG3,neurog3_late,4.0,False,stg5diff1_S5d4_b1.bcCAMO,1.0952964
pancreas,NEUROG3,neurog3_late,4.0,False,stg5diff1_S5d4_b1.bcHXWH,0.0
pancreas,NEUROG3,neurog3_late,4.0,False,stg5diff1_S5d4_b1.bcBTAA,1.0105639
pancreas,NEUROG3,neurog3_late,4.0,False,stg5diff1_S5d4_b1.bcFGSA,1.3746051
pancreas,NEUROG3,neurog3_late,4.0,False,stg5diff1_S5d4_b1.bcCYPG,1.0288304
pancreas,NEUROG3,neurog3_late,4.0,False,stg5diff1_S5d4_b1.bcHZCF,1.7723525
pancreas,NEUROG3,neurog3_late,4.0,False,stg5diff1_S5d4_b1.bcFGON,0.0
pancreas,NEUROG3,neurog3_late,4.0,False,stg5diff1_S5d4_b1.bcFYUI,1.3049881
pancreas,NEUROG3,neurog3_late,4.0,False,stg5diff1_S5d4_b1.bcAWWC,0.0
pancreas,NEUROG3,neurog3_late,4.0,False,stg5diff1_S5d4_b1.bcEDTS,0.0
pancreas,NEUROG3,neurog3_late,4.0,False,stg5diff1_S5d4_b1.bcBULJ,0.7149518
pancreas,NEUROG3,neurog3_late,4.0,False,stg5diff1_S5d4_b1.bcCTFE,0.45412916
pancreas,NEUROG3,neurog3_late,4.0,False,stg5diff1_S5d4_b1.bcECBI,0.50025415
pancreas,NEUROG3,neurog3_late,4.0,False,stg5diff1_S5d4_b1.bcEATU,1.8216208
pancreas,NEUROG3,neurog3_late,4.0,False,stg5diff1_S5d4_b1.bcDHFP,1.7589389
pancreas,NEUROG3,neurog3_late,4.0,False,stg5diff1_S5d4_b1.bcHEEV,0.0
pancreas,NEUROG3,neurog3_late,4.0,False,stg5diff1_S5d4_b1.bcDNKS,0.0
pancreas,NEUROG3,neurog3_late,4.0,False,stg5diff1_S5d4_b1.bcEIDT,2.014404
pancreas,NEUROG3,neurog3_late,4.0,False,stg5diff1_S5d4_b1.bcCGJL,1.5604216
pancreas,NEUROG3,neurog3_late,4.0,False,stg5diff1_S5d4_b1.bcESKI,0.0
pancreas,NEUROG3,neurog3_late,4.0,False,stg5diff1_S5d4_b1.bcHCMC,1.3165712
pancreas,NEUROG3,neurog3_late,4.0,False,stg5diff1_S5d4_b1.bcEIUZ,0.0
pancreas,NEUROG3,neurog3_late,4.0,False,stg5diff1_S5d4_b1.bcHBFF,0.38598797
pancreas,NEUROG3,neurog3_late,4.0,False,stg5diff1_S5d4_b1.bcFSNW,2.1119146
pancreas,NEUROG3,neurog3_late,4.0,False,stg5diff1_S5d4_b1.bcFNFT,1.3903387
pancreas,NEUROG3,neurog3_late,4.0,False,stg5diff1_S5d4_b1.bcAOBN,0.0
pancreas,NEUROG3,neurog3_late,4.0,False,stg5diff1_S5d4_b1.bcFRPF,1.7360661
pancreas,NEUROG3,neurog3_late,4.0,False,stg5diff1_S5d4_b1.bcBIER,1.521327
pancreas,NEUROG3,neurog3_late,4.0,False,stg5diff1_S5d4_b1.bcFEMD,0.6247371
pancreas,NEUROG3,neurog3_late,4.0,False,stg5diff1_S5d4_b1.bcDBKJ,1.3628635
pancreas,NEUROG3,neurog3_late,4.0,False,stg5diff1_S5d4_b1.bcGVXB,1.9169471
pancreas,NEUROG3,neurog3_late,4.0,False,stg5diff1_S5d4_b1.bcEMLW,1.028055
pancreas,NEUROG3,neurog3_late,4.0,False,stg5diff1_S5d4_b1.bcGIQF,0.8982519
pancreas,NEUROG3,neurog3_late,4.0,False,stg5diff1_S5d4_b1.bcEEKH,1.7785535
pancreas,NEUROG3,neurog3_late,4.0,False,stg5diff1_S5d4_b1.bcGNTP,0.89974463
pancreas,NEUROG3,neurog3_late,4.0,False,stg5diff1_S5d4_b1.bcIHMD,0.0
pancreas,NEUROG3,neurog3_late,4.0,False,stg5diff1_S5d4_b1.bcFWOC,1.9193588
pancreas,NEUROG3,neurog3_late,4.0,False,stg5diff1_S5d4_b1.bcDBXA,0.0
pancreas,NEUROG3,neurog3_late,4.0,False,stg5diff1_S5d4_b1.bcGAVE,2.2548633
pancreas,NEUROG3,neurog3_late,4.0,False,stg5diff1_S5d4_b1.bcCTWM,1.1311162
pancreas,NEUROG3,neurog3_late,4.0,False,stg5diff1_S5d4_b1.bcEMOQ,1.1216531
pancreas,NEUROG3,neurog3_late,4.0,False,stg5diff1_S5d4_b1.bcATXB,1.4551191
pancreas,NEUROG3,neurog3_late,4.0,False,stg5diff1_S5d4_b1.bcBDKP,2.1889644
pancreas,NEUROG3,neurog3_late,4.0,False,stg5diff1_S5d4_b1.bcHMGM,0.96279943
pancreas,NEUROG3,neurog3_late,4.0,False,stg5diff1_S5d4_b1.bcGABB,0.0
pancreas,NEUROG3,neurog3_late,4.0,False,stg5diff1_S5d4_b1.bcHJYZ,2.7141623
pancreas,NEUROG3,neurog3_late,4.0,False,stg5diff1_S5d4_b1.bcHSPT,0.42811272
pancreas,NEUROG3,neurog3_late,4.0,False,stg5diff1_S5d4_b1.bcHNSY,0.5702241
pancreas,NEUROG3,neurog3_late,4.0,False,stg5diff1_S5d4_b1.bcEPHH,1.5644253
pancreas,NEUROG3,neurog3_late,4.0,False,stg5diff1_S5d4_b1.bcGUDK,0.6682036
pancreas,NEUROG3,neurog3_late,4.0,False,stg5diff1_S5d4_b1.bcEHWZ,0.0
pancreas,NEUROG3,neurog3_late,4.0,False,stg5diff1_S5d4_b1.bcCERY,0.0
pancreas,NEUROG3,neurog3_late,4.0,False,stg5diff1_S5d4_b1.bcCHAH,0.0
pancreas,NEUROG3,neurog3_late,4.0,False,stg5diff1_S5d4_b1.bcGIRD,2.4941056
pancreas,NEUROG3,neurog3_late,4.0,False,stg5diff1_S5d4_b1.bcERNT,1.2945935
pancreas,NEUROG3,neurog3_late,4.0,False,stg5diff1_S5d4_b1.bcICPU,0.0
pancreas,NEUROG3,neurog3_late,4.0,False,stg5diff1_S5d4_b1.bcEZUY,1.1289377
pancreas,NEUROG3,neurog3_late,4.0,False,stg5diff1_S5d4_b1.bcHKML,1.7857864
pancreas,NEUROG3,neurog3_late,4.0,False,stg5diff1_S5d4_b1.bcEGBO,0.0
pancreas,NEUROG3,neurog3_late,4.0,False,stg5diff1_S5d4_b1.bcGOUK,0.0
pancreas,NEUROG3,neurog3_late,4.0,False,stg5diff1_S5d4_b1.bcDGME,0.0
pancreas,NEUROG3,neurog3_late,4.0,False,stg5diff1_S5d4_b1.bcDYMV,0.59669286
pancreas,NEUROG3,neurog3_late,4.0,False,stg5diff1_S5d4_b1.bcFROM,0.0
pancreas,NEUROG3,neurog3_late,4.0,False,stg5diff1_S5d4_b1.bcGWNH,0.935724
pancreas,NEUROG3,neurog3_late,4.0,False,stg5diff1_S5d4_b1.bcIDER,1.61716
pancreas,NEUROG3,neurog3_late,4.0,False,stg5diff1_S5d4_b1.bcAFAJ,0.42804125
pancreas,NEUROG3,neurog3_late,4.0,False,stg5diff1_S5d4_b1.bcFAPJ,1.6951182
pancreas,NEUROG3,neurog3_late,4.0,False,stg5diff1_S5d4_b1.bcGBOF,0.0
pancreas,NEUROG3,neurog3_late,4.0,False,stg5diff1_S5d4_b1.bcFQXL,1.2048693
pancreas,NEUROG3,neurog3_late,4.0,False,stg5diff1_S5d4_b1.bcIBJO,1.0135593
pancreas,NEUROG3,neurog3_late,4.0,False,stg5diff1_S5d4_b1.bcCPYS,0.0
pancreas,NEUROG3,neurog3_late,4.0,False,stg5diff1_S5d4_b1.bcGPXH,0.0
pancreas,NEUROG3,neurog3_late,4.0,False,stg5diff1_S5d4_b1.bcGVXA,0.7001294
pancreas,NEUROG3,neurog3_late,4.0,False,stg5diff1_S5d4_b1.bcFKDN,0.0
pancreas,NEUROG3,neurog3_late,4.0,False,stg5diff1_S5d4_b1.bcHXGU,0.0
pancreas,NEUROG3,neurog3_late,4.0,False,stg5diff1_S5d4_b1.bcBEGC,1.1025949
pancreas,NEUROG3,neurog3_late,4.0,False,stg5diff1_S5d4_b1.bcBGWF,0.0
pancreas,NEUROG3,neurog3_late,4.0,False,stg5diff1_S5d4_b1.bcHOWS,0.7036756
pancreas,NEUROG3,neurog3_late,4.0,False,stg5diff1_S5d4_b1.bcAFTW,0.85207903
pancreas,NEUROG3,neurog3_late,4.0,False,stg5diff1_S5d4_b1.bcEVWF,1.0067406
pancreas,NEUROG3,neurog3_late,4.0,False,stg5diff1_S5d4_b1.bcETZH,1.6949689
pancreas,NEUROG3,neurog3_late,4.0,False,stg5diff1_S5d4_b1.bcAXKE,1.0270598
pancreas,NEUROG3,neurog3_late,4.0,False,stg5diff1_S5d4_b1.bcCQWL,0.0
pancreas,NEUROG3,neurog3_late,4.0,False,stg5diff1_S5d4_b1.bcHENK,0.96356845
pancreas,NEUROG3,neurog3_late,4.0,False,stg5diff1_S5d4_b1.bcCQVI,1.0714725
pancreas,NEUROG3,neurog3_late,4.0,False,stg5diff1_S5d4_b1.bcBFMP,0.0
pancreas,NEUROG3,neurog3_late,4.0,False,stg5diff1_S5d4_b1.bcAVIF,0.98243153
pancreas,NEUROG3,neurog3_late,4.0,False,stg5diff1_S5d4_b1.bcGLOZ,0.0
pancreas,NEUROG3,neurog3_late,4.0,False,stg5diff1_S5d4_b1.bcGVQJ,0.6687377
pancreas,NEUROG3,neurog3_late,4.0,False,stg5diff1_S5d4_b1.bcIBQJ,0.6840596
pancreas,NEUROG3,neurog3_late,4.0,False,stg5diff1_S5d4_b1.bcARWB,0.0
pancreas,NEUROG3,neurog3_late,4.0,False,stg5diff1_S5d4_b1.bcGXAT,0.79679906
pancreas,NEUROG3,neurog3_late,4.0,False,stg5diff1_S5d4_b1.bcEKDM,0.0
pancreas,NEUROG3,neurog3_late,4.0,False,stg5diff1_S5d4_b1.bcFRJL,0.0
pancreas,NEUROG3,neurog3_late,4.0,False,stg5diff1_S5d4_b1.bcDUMP,0.9702895
pancreas,NEUROG3,neurog3_late,4.0,False,stg5diff1_S5d4_b1.bcAKAK,1.8388561
pancreas,NEUROG3,neurog3_late,4.0,False,stg5diff1_S5d4_b1.bcGSPX,0.6283177
pancreas,NEUROG3,neurog3_late,4.0,False,stg5diff1_S5d4_b1.bcHKHU,2.152089
pancreas,NEUROG3,neurog3_late,4.0,False,stg5diff1_S5d4_b1.bcCJWL,1.5778339
pancreas,NEUROG3,neurog3_late,4.0,False,stg5diff1_S5d4_b1.bcDSJO,1.564043
pancreas,NEUROG3,neurog3_late,4.0,False,stg5diff1_S5d4_b1.bcFANB,1.0947882
pancreas,NEUROG3,neurog3_late,4.0,False,stg5diff1_S5d4_b1.bcDIQQ,0.0
pancreas,NEUROG3,neurog3_late,4.0,False,stg5diff1_S5d4_b1.bcAIUH,0.99960375
pancreas,NEUROG3,neurog3_late,4.0,False,stg5diff1_S5d4_b1.bcEGUG,1.3491148
pancreas,NEUROG3,neurog3_late,4.0,False,stg5diff1_S5d4_b1.bcHNIU,1.7909602
pancreas,NEUROG3,neurog3_late,4.0,False,stg5diff1_S5d4_b1.bcFZFM,1.3337014
pancreas,NEUROG3,neurog3_late,4.0,False,stg5diff1_S5d4_b1.bcFPKI,0.8345616
pancreas,NEUROG3,neurog3_late,4.0,False,stg5diff1_S5d4_b1.bcGFSD,1.9800713
pancreas,NEUROG3,neurog3_late,4.0,False,stg5diff1_S5d4_b1.bcEWCG,1.9897385
pancreas,NEUROG3,neurog3_late,4.0,False,stg5diff1_S5d4_b1.bcAAYX,0.91999185
pancreas,NEUROG3,neurog3_late,4.0,False,stg5diff1_S5d4_b1.bcGDQI,1.201426
pancreas,NEUROG3,neurog3_late,4.0,False,stg5diff1_S5d4_b1.bcICBZ,0.0
pancreas,NEUROG3,neurog3_late,4.0,False,stg5diff1_S5d4_b1.bcCWAH,0.0
pancreas,NEUROG3,neurog3_late,4.0,False,stg5diff1_S5d4_b1.bcBFBG,0.80748016
pancreas,NEUROG3,neurog3_late,4.0,False,stg5diff1_S5d4_b1.bcEEGV,1.5735315
pancreas,NEUROG3,neurog3_late,4.0,False,stg5diff2_S5d4_b1.bcHRVG,1.6725272
pancreas,NEUROG3,neurog3_late,4.0,False,stg5diff2_S5d4_b1.bcEAOF,1.1929553
pancreas,NEUROG3,neurog3_late,4.0,False,stg5diff2_S5d4_b1.bcGHXD,1.8603255
pancreas,NEUROG3,neurog3_late,4.0,False,stg5diff2_S5d4_b1.bcGKDZ,0.0
pancreas,NEUROG3,neurog3_late,4.0,False,stg5diff2_S5d4_b1.bcHNFO,0.0
pancreas,NEUROG3,neurog3_late,4.0,False,stg5diff2_S5d4_b1.bcICFZ,0.0
pancreas,NEUROG3,neurog3_late,4.0,False,stg5diff2_S5d4_b1.bcICBQ,0.0
pancreas,NEUROG3,neurog3_late,4.0,False,stg5diff2_S5d4_b1.bcBLYE,1.2253493
pancreas,NEUROG3,neurog3_late,4.0,False,stg5diff2_S5d4_b1.bcEXUG,1.5154493
pancreas,NEUROG3,neurog3_late,4.0,False,stg5diff2_S5d4_b1.bcAUWN,0.78193974
pancreas,NEUROG3,neurog3_late,4.0,False,stg5diff2_S5d4_b1.bcEHUF,0.0
pancreas,NEUROG3,neurog3_late,4.0,False,stg5diff2_S5d4_b1.bcCHUT,1.0877275
pancreas,NEUROG3,neurog3_late,4.0,False,stg5diff2_S5d4_b1.bcBITY,2.0976224
pancreas,NEUROG3,neurog3_late,4.0,False,stg5diff2_S5d4_b1.bcAKBJ,1.3896145
pancreas,NEUROG3,neurog3_late,4.0,False,stg5diff2_S5d4_b1.bcHDQX,2.1158843
pancreas,NEUROG3,neurog3_late,4.0,False,stg5diff2_S5d4_b1.bcIGRQ,1.2240465
pancreas,NEUROG3,neurog3_late,4.0,False,stg5diff2_S5d4_b1.bcCBJR,0.0
pancreas,NEUROG3,neurog3_late,4.0,False,stg5diff2_S5d4_b1.bcCRCJ,1.4737632
pancreas,NEUROG3,neurog3_late,4.0,False,stg5diff2_S5d4_b1.bcGEPL,0.58510363
pancreas,NEUROG3,neurog3_late,4.0,False,stg5diff2_S5d4_b1.bcFAAU,0.0
pancreas,NEUROG3,neurog3_late,4.0,False,stg5diff2_S5d4_b1.bcAQET,0.0
pancreas,NEUROG3,neurog3_late,4.0,False,stg5diff2_S5d4_b1.bcFNLP,0.0
pancreas,NEUROG3,neurog3_late,4.0,False,stg5diff2_S5d4_b1.bcCEDQ,1.6293871
pancreas,NEUROG3,neurog3_late,4.0,False,stg5diff2_S5d4_b1.bcCNZD,0.0
pancreas,NEUROG3,neurog3_late,4.0,False,stg5diff2_S5d4_b1.bcAJNM,1.046908
pancreas,NEUROG3,neurog3_late,4.0,False,stg5diff2_S5d4_b1.bcFFZY,1.0578555
pancreas,NEUROG3,neurog3_late,4.0,False,stg5diff2_S5d4_b1.bcFSLA,0.0
pancreas,NEUROG3,neurog3_late,4.0,False,stg5diff2_S5d4_b1.bcGYEY,0.0
pancreas,NEUROG3,neurog3_late,4.0,False,stg5diff2_S5d4_b1.bcFXVE,1.9104605
pancreas,NEUROG3,neurog3_late,4.0,False,stg5diff2_S5d4_b1.bcGAFF,0.0
pancreas,NEUROG3,neurog3_late,4.0,False,stg5diff2_S5d4_b1.bcDUGJ,1.8492535
pancreas,NEUROG3,neurog3_late,4.0,False,stg5diff2_S5d4_b1.bcETBT,0.0
pancreas,NEUROG3,neurog3_late,4.0,False,stg5diff2_S5d4_b1.bcGBFM,1.3222768
pancreas,NEUROG3,neurog3_late,4.0,False,stg5diff2_S5d4_b1.bcFGGU,0.0
pancreas,NEUROG3,neurog3_late,4.0,False,stg5diff2_S5d4_b1.bcGBRG,1.0297182
pancreas,NEUROG3,neurog3_late,4.0,False,stg5diff2_S5d4_b1.bcIDAQ,1.2991899
pancreas,NEUROG3,neurog3_late,4.0,False,stg5diff2_S5d4_b1.bcGMPF,1.4989108
pancreas,NEUROG3,neurog3_late,4.0,False,stg5diff2_S5d4_b1.bcBJRM,2.0593486
pancreas,NEUROG3,neurog3_late,4.0,False,stg5diff2_S5d4_b1.bcHUCI,1.8447499
pancreas,NEUROG3,neurog3_late,4.0,False,stg5diff2_S5d4_b1.bcHNAN,0.9215046
pancreas,NEUROG3,neurog3_late,4.0,False,stg5diff2_S5d4_b1.bcDGRX,0.0
pancreas,NEUROG3,neurog3_late,4.0,False,stg5diff2_S5d4_b1.bcFXLH,0.54337406
pancreas,NEUROG3,neurog3_late,4.0,False,stg5diff2_S5d4_b1.bcCHIE,2.29591
pancreas,NEUROG3,neurog3_late,4.0,False,stg5diff2_S5d4_b1.bcBMFT,1.256201
pancreas,NEUROG3,neurog3_late,4.0,False,stg5diff2_S5d4_b1.bcCVYB,0.32932422
pancreas,NEUROG3,neurog3_late,4.0,False,stg5diff2_S5d4_b1.bcGVIO,1.1649485
pancreas,NEUROG3,neurog3_late,4.0,False,stg5diff2_S5d4_b1.bcDMLA,1.4541531
pancreas,NEUROG3,neurog3_late,4.0,False,stg5diff2_S5d4_b1.bcAAKM,0.6825691
pancreas,NEUROG3,neurog3_late,4.0,False,stg5diff2_S5d4_b1.bcDSML,0.0
pancreas,NEUROG3,neurog3_late,4.0,False,stg5diff2_S5d4_b1.bcCBTV,1.9669307
pancreas,NEUROG3,neurog3_late,4.0,False,stg5diff2_S5d4_b1.bcHRNM,1.9788182
pancreas,NEUROG3,neurog3_late,4.0,False,stg5diff2_S5d4_b1.bcDEVO,1.3583137
pancreas,NEUROG3,neurog3_late,4.0,False,stg5diff2_S5d4_b1.bcEACG,0.0
pancreas,NEUROG3,neurog3_late,4.0,False,stg5diff2_S5d4_b1.bcBPZR,1.2412304
pancreas,NEUROG3,neurog3_late,4.0,False,stg5diff2_S5d4_b1.bcFHZM,0.0
pancreas,NEUROG3,neurog3_late,4.0,False,stg5diff2_S5d4_b1.bcERLG,1.056444
pancreas,NEUROG3,neurog3_late,4.0,False,stg5diff2_S5d4_b1.bcDCYF,0.84781003
pancreas,NEUROG3,neurog3_late,4.0,False,stg5diff2_S5d4_b1.bcFYQI,0.30734253
pancreas,NEUROG3,neurog3_late,4.0,False,stg5diff2_S5d4_b1.bcFOVV,0.0
pancreas,NEUROG3,neurog3_late,4.0,False,stg5diff2_S5d4_b1.bcEUYJ,0.5260689
pancreas,NEUROG3,neurog3_late,4.0,False,stg5diff2_S5d4_b1.bcGGDZ,1.516514
pancreas,NEUROG3,neurog3_late,4.0,False,stg5diff2_S5d4_b1.bcGHRE,0.0
pancreas,NEUROG3,neurog3_late,4.0,False,stg5diff2_S5d4_b1.bcFENY,0.93003964
pancreas,NEUROG3,neurog3_late,4.0,False,stg5diff2_S5d4_b1.bcFTUP,0.0
pancreas,NEUROG3,neurog3_late,4.0,False,stg5diff2_S5d4_b1.bcCGPD,0.0
pancreas,NEUROG3,neurog3_late,4.0,False,stg5diff2_S5d4_b1.bcFIIP,1.9953736
pancreas,NEUROG3,neurog3_late,4.0,False,stg5diff2_S5d4_b1.bcAKRV,1.4410999
pancreas,NEUROG3,neurog3_late,4.0,False,stg5diff2_S5d4_b1.bcBQLF,0.0
pancreas,NEUROG3,neurog3_late,4.0,False,stg5diff2_S5d4_b1.bcIFYZ,0.0
pancreas,NEUROG3,neurog3_late,4.0,False,stg5diff2_S5d4_b1.bcBGKF,1.3295393
pancreas,NEUROG3,neurog3_late,4.0,False,stg5diff2_S5d4_b1.bcAJRS,0.0
pancreas,NEUROG3,neurog3_late,4.0,False,stg5diff2_S5d4_b1.bcHFYH,0.35947737
pancreas,NEUROG3,neurog3_late,4.0,False,stg5diff2_S5d4_b1.bcAKMK,0.0
pancreas,NEUROG3,neurog3_late,4.0,False,stg5diff2_S5d4_b1.bcCCUV,1.5487422
pancreas,NEUROG3,neurog3_late,4.0,False,stg5diff2_S5d4_b1.bcGNXE,0.0
pancreas,NEUROG3,neurog3_late,4.0,False,stg5diff2_S5d4_b1.bcBCTQ,0.0
pancreas,NEUROG3,neurog3_late,4.0,False,stg5diff2_S5d4_b1.bcHAAQ,1.6328058
pancreas,NEUROG3,neurog3_late,4.0,False,stg5diff2_S5d4_b1.bcHMCW,0.7997649
pancreas,NEUROG3,neurog3_late,4.0,False,stg5diff2_S5d4_b1.bcHUSH,1.4570556
pancreas,NEUROG3,neurog3_late,4.0,False,stg5diff2_S5d4_b1.bcHYIC,0.0
pancreas,NEUROG3,neurog3_late,4.0,False,stg5diff2_S5d4_b1.bcAFVD,0.93506205
pancreas,NEUROG3,neurog3_late,4.0,False,stg5diff2_S5d4_b1.bcHOAS,2.3362615
pancreas,NEUROG3,neurog3_late,4.0,False,stg5diff2_S5d4_b1.bcHMXC,0.0
pancreas,NEUROG3,neurog3_late,4.0,False,stg5diff2_S5d4_b1.bcFUEO,0.78503907
pancreas,NEUROG3,neurog3_late,4.0,False,stg5diff2_S5d4_b1.bcGYUK,2.0930629
pancreas,NEUROG3,neurog3_late,4.0,False,stg5diff2_S5d4_b1.bcGPTA,1.5276463
pancreas,NEUROG3,neurog3_late,4.0,False,stg5diff2_S5d4_b1.bcBMQG,1.8721452
pancreas,NEUROG3,neurog3_late,4.0,False,stg5diff2_S5d4_b1.bcCMPP,1.4596469
pancreas,NEUROG3,neurog3_late,4.0,False,stg5diff2_S5d4_b1.bcHQOI,1.1203153
pancreas,NEUROG3,neurog3_late,4.0,False,stg5diff2_S5d4_b1.bcAYYB,1.1942972
pancreas,NEUROG3,neurog3_late,4.0,False,stg5diff2_S5d4_b1.bcBFIY,1.5022885
pancreas,NEUROG3,neurog3_late,4.0,False,stg5diff2_S5d4_b1.bcAKTS,0.46569678
pancreas,NEUROG3,neurog3_late,4.0,False,stg5diff2_S5d4_b1.bcHAFJ,1.1773279
pancreas,NEUROG3,neurog3_late,4.0,False,stg5diff2_S5d4_b1.bcFNZU,1.3672395
pancreas,NEUROG3,neurog3_late,4.0,False,stg5diff2_S5d4_b1.bcGGON,0.0
pancreas,NEUROG3,neurog3_late,4.0,False,stg5diff2_S5d4_b1.bcFGPI,0.0
pancreas,NEUROG3,neurog3_late,4.0,False,stg5diff2_S5d4_b1.bcBGMP,0.0
pancreas,NEUROG3,neurog3_late,4.0,False,stg5diff2_S5d4_b1.bcHCOM,0.0
pancreas,NEUROG3,neurog3_late,4.0,False,stg5diff2_S5d4_b1.bcCEMQ,0.0
pancreas,NEUROG3,neurog3_late,4.0,False,stg5diff2_S5d4_b1.bcCDOQ,0.7683642
pancreas,NEUROG3,neurog3_late,4.0,False,stg5diff2_S5d4_b1.bcHKUR,0.0
pancreas,NEUROG3,neurog3_late,4.0,False,stg5diff2_S5d4_b1.bcHESS,0.0
pancreas,NEUROG3,neurog3_late,4.0,False,stg5diff2_S5d4_b1.bcGLTH,1.4678153
pancreas,NEUROG3,neurog3_late,4.0,False,stg5diff2_S5d4_b1.bcEXFQ,0.0
pancreas,NEUROG3,neurog3_late,4.0,False,stg5diff2_S5d4_b1.bcFPXH,0.0
pancreas,NEUROG3,neurog3_late,4.0,False,stg5diff2_S5d4_b1.bcIEML,0.9946315
pancreas,NEUROG3,neurog3_late,4.0,False,stg5diff2_S5d4_b1.bcEAQF,1.2368171
pancreas,NEUROG3,neurog3_late,4.0,False,stg5diff2_S5d4_b1.bcFQXB,1.1807187
pancreas,NEUROG3,neurog3_late,4.0,False,stg5diff2_S5d4_b1.bcFKHP,0.0
pancreas,NEUROG3,neurog3_late,4.0,False,stg5diff2_S5d4_b1.bcFOLA,0.0
pancreas,NEUROG3,neurog3_late,4.0,False,stg5diff2_S5d4_b1.bcFAXX,0.97566044
pancreas,NEUROG3,neurog3_late,4.0,False,stg5diff2_S5d4_b1.bcAELC,0.0
pancreas,NEUROG3,neurog3_late,4.0,False,stg5diff2_S5d4_b1.bcDQDE,0.0
pancreas,NEUROG3,neurog3_late,4.0,False,stg5diff2_S5d4_b1.bcHEHO,1.115176
pancreas,NEUROG3,neurog3_late,4.0,False,stg5diff2_S5d4_b1.bcGSJG,0.0
pancreas,NEUROG3,neurog3_late,4.0,False,stg5diff2_S5d4_b1.bcIABT,0.0
pancreas,NEUROG3,neurog3_late,4.0,False,stg5diff2_S5d4_b1.bcCBYI,0.0
pancreas,NEUROG3,neurog3_late,4.0,False,stg5diff2_S5d4_b1.bcFSHR,1.5487422
pancreas,NEUROG3,neurog3_late,4.0,False,stg5diff2_S5d4_b1.bcBSOZ,0.802754
pancreas,NEUROG3,neurog3_late,4.0,False,stg5diff2_S5d4_b1.bcFLJF,1.133304
pancreas,NEUROG3,neurog3_late,4.0,False,stg5diff2_S5d4_b1.bcGXNI,1.4286256
pancreas,NEUROG3,neurog3_late,4.0,False,stg5diff2_S5d4_b1.bcEVIV,0.8406509
pancreas,NEUROG3,neurog3_late,4.0,False,stg5diff2_S5d4_b1.bcHLBT,0.9630556
pancreas,NEUROG3,neurog3_late,4.0,False,stg5diff2_S5d4_b1.bcEQTH,0.0
pancreas,NEUROG3,neurog3_late,4.0,False,stg5diff2_S5d4_b1.bcFZKO,1.5012473
pancreas,NEUROG3,neurog3_late,4.0,False,stg5diff2_S5d4_b1.bcGSJX,1.2794387
pancreas,NEUROG3,neurog3_late,4.0,False,stg5diff2_S5d4_b1.bcEAEF,0.47521538
pancreas,NEUROG3,neurog3_late,4.0,False,stg5diff2_S5d4_b1.bcFUMX,1.7712637
pancreas,NEUROG3,neurog3_late,4.0,False,stg5diff2_S5d4_b1.bcARBE,1.7940023
pancreas,NEUROG3,neurog3_late,4.0,False,stg5diff2_S5d4_b1.bcIHJH,0.0
pancreas,NEUROG3,neurog3_late,4.0,False,stg5diff2_S5d4_b1.bcBXHB,0.0
pancreas,NEUROG3,neurog3_late,4.0,False,stg5diff2_S5d4_b1.bcBRKX,1.3900489
pancreas,NEUROG3,neurog3_late,4.0,False,stg5diff2_S5d4_b1.bcHRAO,1.7396894
pancreas,NEUROG3,neurog3_late,4.0,False,stg5diff2_S5d4_b1.bcBUUR,1.6984015
pancreas,NEUROG3,neurog3_late,4.0,False,stg5diff2_S5d4_b1.bcGRTY,0.72386944
pancreas,NEUROG3,neurog3_late,4.0,False,stg5diff2_S5d4_b1.bcBCLU,0.0
pancreas,NEUROG3,neurog3_late,4.0,False,stg5diff2_S5d4_b1.bcDSCN,0.68508834
pancreas,NEUROG3,neurog3_late,4.0,False,stg5diff2_S5d4_b1.bcGDYS,0.0
pancreas,NEUROG3,neurog3_late,4.0,False,stg5diff2_S5d4_b1.bcIABK,0.0
pancreas,NEUROG3,neurog3_late,4.0,False,stg5diff2_S5d4_b1.bcBOZK,1.5944718
pancreas,NEUROG3,neurog3_late,4.0,False,stg5diff2_S5d4_b1.bcHQUK,0.63786113
pancreas,NEUROG3,neurog3_late,4.0,False,stg5diff2_S5d4_b1.bcFSTW,0.0
pancreas,NEUROG3,neurog3_late,4.0,False,stg5diff2_S5d4_b1.bcCLBI,1.2501984
pancreas,NEUROG3,neurog3_late,4.0,False,stg5diff2_S5d4_b1.bcFRBR,0.0
pancreas,NEUROG3,neurog3_late,4.0,False,stg5diff2_S5d4_b1.bcBTCS,0.0
pancreas,NEUROG3,neurog3_late,4.0,False,stg5diff2_S5d4_b1.bcDRSL,1.4074634
pancreas,NEUROG3,neurog3_late,4.0,False,stg5diff2_S5d4_b1.bcDOZS,1.4591603
pancreas,NEUROG3,neurog3_late,4.0,False,stg5diff2_S5d4_b1.bcDDKF,0.0
pancreas,NEUROG3,neurog3_late,4.0,False,stg5diff2_S5d4_b1.bcGAQQ,0.0
pancreas,NEUROG3,neurog3_late,4.0,False,stg5diff2_S5d4_b1.bcFHIN,1.5703809
pancreas,NEUROG3,neurog3_late,4.0,False,stg5diff2_S5d4_b1.bcDHGB,0.6961356
pancreas,NEUROG3,neurog3_late,4.0,False,stg5diff1_S5d4_b2.bcBWDA,0.0
pancreas,NEUROG3,neurog3_late,4.0,False,stg5diff1_S5d4_b2.bcFBVF,1.080766
pancreas,NEUROG3,neurog3_late,4.0,False,stg5diff1_S5d4_b2.bcHNZS,1.4522256
pancreas,NEUROG3,neurog3_late,4.0,False,stg5diff1_S5d4_b2.bcFNCI,1.562325
pancreas,NEUROG3,neurog3_late,4.0,False,stg5diff1_S5d4_b2.bcHTTK,0.0
pancreas,NEUROG3,neurog3_late,4.0,False,stg5diff1_S5d4_b2.bcDMCH,1.5059463
pancreas,NEUROG3,neurog3_late,4.0,False,stg5diff1_S5d4_b2.bcIAWV,2.2170076
pancreas,NEUROG3,neurog3_late,4.0,False,stg5diff1_S5d4_b2.bcHHNL,0.0
pancreas,NEUROG3,neurog3_late,4.0,False,stg5diff1_S5d4_b2.bcEINX,0.4710135
pancreas,NEUROG3,neurog3_late,4.0,False,stg5diff1_S5d4_b2.bcHOGR,1.1407576
pancreas,NEUROG3,neurog3_late,4.0,False,stg5diff1_S5d4_b2.bcEVAK,1.3448708
pancreas,NEUROG3,neurog3_late,4.0,False,stg5diff1_S5d4_b2.bcGNGS,2.1720343
pancreas,NEUROG3,neurog3_late,4.0,False,stg5diff1_S5d4_b2.bcHGFX,0.0
pancreas,NEUROG3,neurog3_late,4.0,False,stg5diff1_S5d4_b2.bcESOX,2.1713734
pancreas,NEUROG3,neurog3_late,4.0,False,stg5diff1_S5d4_b2.bcFPYW,2.4835002
pancreas,NEUROG3,neurog3_late,4.0,False,stg5diff1_S5d4_b2.bcAXYO,0.8510444
pancreas,NEUROG3,neurog3_late,4.0,False,stg5diff1_S5d4_b2.bcFXCA,0.9523572
pancreas,NEUROG3,neurog3_late,4.0,False,stg5diff1_S5d4_b2.bcCEPO,1.2462887
pancreas,NEUROG3,neurog3_late,4.0,False,stg5diff1_S5d4_b2.bcHIZN,0.0
pancreas,NEUROG3,neurog3_late,4.0,False,stg5diff1_S5d4_b2.bcEPJX,1.2383288
pancreas,NEUROG3,neurog3_late,4.0,False,stg5diff1_S5d4_b2.bcCLKL,0.0
pancreas,NEUROG3,neurog3_late,4.0,False,stg5diff1_S5d4_b2.bcAVIF,0.0
pancreas,NEUROG3,neurog3_late,4.0,False,stg5diff1_S5d4_b2.bcGBOF,0.0
pancreas,NEUROG3,neurog3_late,4.0,False,stg5diff1_S5d4_b2.bcEKTW,0.6230395
pancreas,NEUROG3,neurog3_late,4.0,False,stg5diff1_S5d4_b2.bcCQVI,1.1857449
pancreas,NEUROG3,neurog3_late,4.0,False,stg5diff1_S5d4_b2.bcEDTS,1.5215418
pancreas,NEUROG3,neurog3_late,4.0,False,stg5diff1_S5d4_b2.bcEZEZ,1.1949134
pancreas,NEUROG3,neurog3_late,4.0,False,stg5diff1_S5d4_b2.bcGNTI,0.957263
pancreas,NEUROG3,neurog3_late,4.0,False,stg5diff1_S5d4_b2.bcALOZ,1.1053108
pancreas,NEUROG3,neurog3_late,4.0,False,stg5diff1_S5d4_b2.bcDJZU,0.0
pancreas,NEUROG3,neurog3_late,4.0,False,stg5diff1_S5d4_b2.bcHAHN,0.0
pancreas,NEUROG3,neurog3_late,4.0,False,stg5diff1_S5d4_b2.bcBLTK,0.0
pancreas,NEUROG3,neurog3_late,4.0,False,stg5diff1_S5d4_b2.bcHGCU,1.2461758
pancreas,NEUROG3,neurog3_late,4.0,False,stg5diff1_S5d4_b2.bcBULJ,1.5536145
pancreas,NEUROG3,neurog3_late,4.0,False,stg5diff1_S5d4_b2.bcCLKY,0.976848
pancreas,NEUROG3,neurog3_late,4.0,False,stg5diff1_S5d4_b2.bcHRZG,1.0593891
pancreas,NEUROG3,neurog3_late,4.0,False,stg5diff1_S5d4_b2.bcATGS,0.6676704
pancreas,NEUROG3,neurog3_late,4.0,False,stg5diff1_S5d4_b2.bcGZIJ,0.751619
pancreas,NEUROG3,neurog3_late,4.0,False,stg5diff1_S5d4_b2.bcIHJL,2.0376613
pancreas,NEUROG3,neurog3_late,4.0,False,stg5diff1_S5d4_b2.bcDQHQ,0.0
pancreas,NEUROG3,neurog3_late,4.0,False,stg5diff1_S5d4_b2.bcIDKE,0.0
pancreas,NEUROG3,neurog3_late,4.0,False,stg5diff1_S5d4_b2.bcIFZR,0.6022358
pancreas,NEUROG3,neurog3_late,4.0,False,stg5diff1_S5d4_b2.bcENQT,0.49781412
pancreas,NEUROG3,neurog3_late,4.0,False,stg5diff1_S5d4_b2.bcAQLJ,0.7504844
pancreas,NEUROG3,neurog3_late,4.0,False,stg5diff1_S5d4_b2.bcFEGB,1.1520015
pancreas,NEUROG3,neurog3_late,4.0,False,stg5diff1_S5d4_b2.bcHKML,1.4767585
pancreas,NEUROG3,neurog3_late,4.0,False,stg5diff1_S5d4_b2.bcBBFD,0.4485618
pancreas,NEUROG3,neurog3_late,4.0,False,stg5diff1_S5d4_b2.bcEOYO,0.65908504
pancreas,NEUROG3,neurog3_late,4.0,False,stg5diff1_S5d4_b2.bcDIQS,1.6594722
pancreas,NEUROG3,neurog3_late,4.0,False,stg5diff1_S5d4_b2.bcFVIA,1.4498247
pancreas,NEUROG3,neurog3_late,4.0,False,stg5diff1_S5d4_b2.bcAPKL,0.0
pancreas,NEUROG3,neurog3_late,4.0,False,stg5diff1_S5d4_b2.bcFGQG,0.7356199
pancreas,NEUROG3,neurog3_late,4.0,False,stg5diff1_S5d4_b2.bcBBDA,0.0
pancreas,NEUROG3,neurog3_late,4.0,False,stg5diff1_S5d4_b2.bcFLCH,0.0
pancreas,NEUROG3,neurog3_late,4.0,False,stg5diff1_S5d4_b2.bcIGCI,0.0
pancreas,NEUROG3,neurog3_late,4.0,False,stg5diff1_S5d4_b2.bcDXVL,1.9985772
pancreas,NEUROG3,neurog3_late,4.0,False,stg5diff1_S5d4_b2.bcDZXA,0.0
pancreas,NEUROG3,neurog3_late,4.0,False,stg5diff1_S5d4_b2.bcHJCG,1.643203
pancreas,NEUROG3,neurog3_late,4.0,False,stg5diff1_S5d4_b2.bcDNMZ,0.0
pancreas,NEUROG3,neurog3_late,4.0,False,stg5diff1_S5d4_b2.bcBLSZ,0.0
pancreas,NEUROG3,neurog3_late,4.0,False,stg5diff1_S5d4_b2.bcCBEE,1.2240465
pancreas,NEUROG3,neurog3_late,4.0,False,stg5diff1_S5d4_b2.bcDZDO,0.0
pancreas,NEUROG3,neurog3_late,4.0,False,stg5diff1_S5d4_b2.bcGTUF,0.0
pancreas,NEUROG3,neurog3_late,4.0,False,stg5diff1_S5d4_b2.bcFBLL,0.0
pancreas,NEUROG3,neurog3_late,4.0,False,stg5diff1_S5d4_b2.bcHBHR,1.2319106
pancreas,NEUROG3,neurog3_late,4.0,False,stg5diff1_S5d4_b2.bcGLBU,0.4883857
pancreas,NEUROG3,neurog3_late,4.0,False,stg5diff1_S5d4_b2.bcICPU,0.0
pancreas,NEUROG3,neurog3_late,4.0,False,stg5diff1_S5d4_b2.bcBNVZ,0.0
pancreas,NEUROG3,neurog3_late,4.0,False,stg5diff1_S5d4_b2.bcCPLC,0.0
pancreas,NEUROG3,neurog3_late,4.0,False,stg5diff1_S5d4_b2.bcGGKT,0.0
pancreas,NEUROG3,neurog3_late,4.0,False,stg5diff1_S5d4_b2.bcEHBP,1.2148848
pancreas,NEUROG3,neurog3_late,4.0,False,stg5diff1_S5d4_b2.bcAKNL,0.83441997
pancreas,NEUROG3,neurog3_late,4.0,False,stg5diff1_S5d4_b2.bcDZHH,0.9788343
pancreas,NEUROG3,neurog3_late,4.0,False,stg5diff1_S5d4_b2.bcFSFW,1.4436253
pancreas,NEUROG3,neurog3_late,4.0,False,stg5diff1_S5d4_b2.bcAEQW,0.0
pancreas,NEUROG3,neurog3_late,4.0,False,stg5diff1_S5d4_b2.bcCOCL,0.0
pancreas,NEUROG3,neurog3_late,4.0,False,stg5diff1_S5d4_b2.bcBIPK,1.8474448
pancreas,NEUROG3,neurog3_late,4.0,False,stg5diff1_S5d4_b2.bcDONR,0.0
pancreas,NEUROG3,neurog3_late,4.0,False,stg5diff1_S5d4_b2.bcFZDK,0.74043244
pancreas,NEUROG3,neurog3_late,4.0,False,stg5diff1_S5d4_b2.bcGCOK,0.0
pancreas,NEUROG3,neurog3_late,4.0,False,stg5diff1_S5d4_b2.bcGAZV,1.6892198
pancreas,NEUROG3,neurog3_late,4.0,False,stg5diff1_S5d4_b2.bcGLOK,0.0
pancreas,NEUROG3,neurog3_late,4.0,False,stg5diff1_S5d4_b2.bcDMNU,0.0
pancreas,NEUROG3,neurog3_late,4.0,False,stg5diff1_S5d4_b2.bcEZAT,0.0
pancreas,NEUROG3,neurog3_late,4.0,False,stg5diff1_S5d4_b2.bcHIYT,1.9871941
pancreas,NEUROG3,neurog3_late,4.0,False,stg5diff1_S5d4_b2.bcFEAJ,1.068815
pancreas,NEUROG3,neurog3_late,4.0,False,stg5diff1_S5d4_b2.bcHXBE,0.948434
pancreas,NEUROG3,neurog3_late,4.0,False,stg5diff1_S5d4_b2.bcCMSC,0.983637
pancreas,NEUROG3,neurog3_late,4.0,False,stg5diff1_S5d4_b2.bcGWXD,1.6590314
pancreas,NEUROG3,neurog3_late,4.0,False,stg5diff1_S5d4_b2.bcBJBC,1.2310313
pancreas,NEUROG3,neurog3_late,4.0,False,stg5diff1_S5d4_b2.bcDPAA,0.0
pancreas,NEUROG3,neurog3_late,4.0,False,stg5diff1_S5d4_b2.bcAECX,0.9999163
pancreas,NEUROG3,neurog3_late,4.0,False,stg5diff1_S5d4_b2.bcICEB,0.7859115
pancreas,NEUROG3,neurog3_late,4.0,False,stg5diff1_S5d4_b2.bcCYPG,0.0
pancreas,NEUROG3,neurog3_late,4.0,False,stg5diff1_S5d4_b2.bcEIDR,0.8211956
pancreas,NEUROG3,neurog3_late,4.0,False,stg5diff1_S5d4_b2.bcBLKW,0.0
pancreas,NEUROG3,neurog3_late,4.0,False,stg5diff1_S5d4_b2.bcHQZS,1.4123284
pancreas,NEUROG3,neurog3_late,4.0,False,stg5diff1_S5d4_b2.bcBWHW,1.4981339
pancreas,NEUROG3,neurog3_late,4.0,False,stg5diff1_S5d4_b2.bcESGX,1.9315706
pancreas,NEUROG3,neurog3_late,4.0,False,stg5diff1_S5d4_b2.bcGJZT,0.0
pancreas,NEUROG3,neurog3_late,4.0,False,stg5diff1_S5d4_b2.bcCPLO,0.0
pancreas,NEUROG3,neurog3_late,4.0,False,stg5diff1_S5d4_b2.bcFFAN,0.7362723
pancreas,NEUROG3,neurog3_late,4.0,False,stg5diff1_S5d4_b2.bcBSOJ,0.0
pancreas,NEUROG3,neurog3_late,4.0,False,stg5diff1_S5d4_b2.bcAXKC,1.0064586
pancreas,NEUROG3,neurog3_late,4.0,False,stg5diff1_S5d4_b2.bcCIPE,0.9979404
pancreas,NEUROG3,neurog3_late,4.0,False,stg5diff1_S5d4_b2.bcDOIV,0.43091732
pancreas,NEUROG3,neurog3_late,4.0,False,stg5diff1_S5d4_b2.bcESLW,0.61454254
pancreas,NEUROG3,neurog3_late,4.0,False,stg5diff1_S5d4_b2.bcEXKR,0.0
pancreas,NEUROG3,neurog3_late,4.0,False,stg5diff1_S5d4_b2.bcCYLG,0.0
pancreas,NEUROG3,neurog3_late,4.0,False,stg5diff1_S5d4_b2.bcBTAA,0.0
pancreas,NEUROG3,neurog3_late,4.0,False,stg5diff1_S5d4_b2.bcGLUB,0.0
pancreas,NEUROG3,neurog3_late,4.0,False,stg5diff1_S5d4_b2.bcAURB,0.9901204
pancreas,NEUROG3,neurog3_late,4.0,False,stg5diff1_S5d4_b2.bcHDNF,0.8926601
pancreas,NEUROG3,neurog3_late,4.0,False,stg5diff1_S5d4_b2.bcHTWE,0.0
pancreas,NEUROG3,neurog3_late,4.0,False,stg5diff1_S5d4_b2.bcGAWX,2.2870145
pancreas,NEUROG3,neurog3_late,4.0,False,stg5diff1_S5d4_b2.bcCHMK,0.0
pancreas,NEUROG3,neurog3_late,4.0,False,stg5diff1_S5d4_b2.bcGIQU,1.6894963
pancreas,NEUROG3,neurog3_late,4.0,False,stg5diff1_S5d4_b2.bcHJZE,1.1050515
pancreas,NEUROG3,neurog3_late,4.0,False,stg5diff1_S5d4_b2.bcCYOO,0.96164834
pancreas,NEUROG3,neurog3_late,4.0,False,stg5diff1_S5d4_b2.bcCEUD,0.0
pancreas,NEUROG3,neurog3_late,4.0,False,stg5diff1_S5d4_b2.bcGXRM,0.0
pancreas,NEUROG3,neurog3_late,4.0,False,stg5diff1_S5d4_b2.bcEKJY,0.0
pancreas,NEUROG3,neurog3_late,4.0,False,stg5diff1_S5d4_b2.bcEXRL,1.5010393
pancreas,NEUROG3,neurog3_late,4.0,False,stg5diff1_S5d4_b2.bcDSQU,0.7920762
pancreas,NEUROG3,neurog3_late,4.0,False,stg5diff1_S5d4_b2.bcFANB,0.0
pancreas,NEUROG3,neurog3_late,4.0,False,stg5diff1_S5d4_b2.bcFBRD,0.0
pancreas,NEUROG3,neurog3_late,4.0,False,stg5diff1_S5d4_b2.bcGWNE,1.8919716
pancreas,NEUROG3,neurog3_late,4.0,False,stg5diff1_S5d4_b2.bcBVFD,0.0
pancreas,NEUROG3,neurog3_late,4.0,False,stg5diff1_S5d4_b2.bcFAMV,0.46468183
pancreas,NEUROG3,neurog3_late,4.0,False,stg5diff1_S5d4_b2.bcCBYM,0.0
pancreas,NEUROG3,neurog3_late,4.0,False,stg5diff1_S5d4_b2.bcGHAQ,0.0
pancreas,NEUROG3,neurog3_late,4.0,False,stg5diff1_S5d4_b2.bcHKRR,1.8883915
pancreas,NEUROG3,neurog3_late,4.0,False,stg5diff1_S5d4_b2.bcHEEV,1.458512
pancreas,NEUROG3,neurog3_late,4.0,False,stg5diff1_S5d4_b2.bcFBMM,1.639396
pancreas,NEUROG3,neurog3_late,4.0,False,stg5diff1_S5d4_b2.bcGMDN,1.0127015
pancreas,NEUROG3,neurog3_late,4.0,False,stg5diff1_S5d4_b2.bcHKWM,0.9241941
pancreas,NEUROG3,neurog3_late,4.0,False,stg5diff1_S5d4_b2.bcBEZY,0.0
pancreas,NEUROG3,neurog3_late,4.0,False,stg5diff1_S5d4_b2.bcFQLI,2.0872622
pancreas,NEUROG3,neurog3_late,4.0,False,stg5diff1_S5d4_b2.bcIJVX,0.48477072
pancreas,NEUROG3,neurog3_late,4.0,False,stg5diff1_S5d4_b2.bcAANQ,0.0
pancreas,NEUROG3,neurog3_late,4.0,False,stg5diff1_S5d4_b2.bcCWRI,1.3011785
pancreas,NEUROG3,neurog3_late,4.0,False,stg5diff1_S5d4_b2.bcEEQF,0.9613929
pancreas,NEUROG3,neurog3_late,4.0,False,stg5diff1_S5d4_b2.bcGVAX,0.4134926
pancreas,NEUROG3,neurog3_late,4.0,False,stg5diff1_S5d4_b2.bcCHXW,1.0356793
pancreas,NEUROG3,neurog3_late,4.0,False,stg5diff1_S5d4_b2.bcDAQH,1.0129158
pancreas,NEUROG3,neurog3_late,4.0,False,stg5diff1_S5d4_b2.bcGYLK,2.0574608
pancreas,NEUROG3,neurog3_late,4.0,False,stg5diff1_S5d4_b2.bcHDAD,0.0
pancreas,NEUROG3,neurog3_late,4.0,False,stg5diff1_S5d4_b2.bcGAGN,0.0
pancreas,NEUROG3,neurog3_late,4.0,False,stg5diff1_S5d4_b2.bcGEFN,1.1050515
pancreas,NEUROG3,neurog3_late,4.0,False,stg5diff1_S5d4_b2.bcBMXT,0.0
pancreas,NEUROG3,neurog3_late,4.0,False,stg5diff1_S5d4_b2.bcEEIM,0.5805433
pancreas,NEUROG3,neurog3_late,4.0,False,stg5diff1_S5d4_b2.bcAKYG,0.0
pancreas,NEUROG3,neurog3_late,4.0,False,stg5diff1_S5d4_b2.bcHLZJ,0.76328254
pancreas,NEUROG3,neurog3_late,4.0,False,stg5diff1_S5d4_b2.bcIFTM,1.7290382
pancreas,NEUROG3,neurog3_late,4.0,False,stg5diff1_S5d4_b2.bcFUNO,0.0
pancreas,NEUROG3,neurog3_late,4.0,False,stg5diff1_S5d4_b2.bcAKCN,0.6687377
pancreas,NEUROG3,neurog3_late,4.0,False,stg5diff1_S5d4_b2.bcDRBG,1.7305033
pancreas,NEUROG3,neurog3_late,4.0,False,stg5diff1_S5d4_b2.bcDMHQ,2.05478
pancreas,NEUROG3,neurog3_late,4.0,False,stg5diff1_S5d4_b2.bcFOUR,1.6341499
pancreas,NEUROG3,neurog3_late,4.0,False,stg5diff1_S5d4_b2.bcAOBR,0.0
pancreas,NEUROG3,neurog3_late,4.0,False,stg5diff1_S5d4_b2.bcBHHA,1.0616395
pancreas,NEUROG3,neurog3_late,4.0,False,stg5diff1_S5d4_b2.bcAPFL,2.23661
pancreas,NEUROG3,neurog3_late,4.0,False,stg5diff1_S5d4_b2.bcFMYM,1.47476
pancreas,NEUROG3,neurog3_late,4.0,False,stg5diff2_S5d4_b2.bcCZGS,0.0
pancreas,NEUROG3,neurog3_late,4.0,False,stg5diff2_S5d4_b2.bcEXJU,1.5002078
pancreas,NEUROG3,neurog3_late,4.0,False,stg5diff2_S5d4_b2.bcGEKN,0.85609484
pancreas,NEUROG3,neurog3_late,4.0,False,stg5diff2_S5d4_b2.bcHFUH,1.095127
pancreas,NEUROG3,neurog3_late,4.0,False,stg5diff2_S5d4_b2.bcDCBP,1.3303245
pancreas,NEUROG3,neurog3_late,4.0,False,stg5diff2_S5d4_b2.bcCYBG,1.1606934
pancreas,NEUROG3,neurog3_late,4.0,False,stg5diff2_S5d4_b2.bcHICE,1.4005699
pancreas,NEUROG3,neurog3_late,4.0,False,stg5diff2_S5d4_b2.bcGYOT,0.0
pancreas,NEUROG3,neurog3_late,4.0,False,stg5diff2_S5d4_b2.bcFSTB,0.96743375
pancreas,NEUROG3,neurog3_late,4.0,False,stg5diff2_S5d4_b2.bcIHXA,0.0
pancreas,NEUROG3,neurog3_late,4.0,False,stg5diff2_S5d4_b2.bcCZMA,0.0
pancreas,NEUROG3,neurog3_late,4.0,False,stg5diff2_S5d4_b2.bcGGRD,0.0
pancreas,NEUROG3,neurog3_late,4.0,False,stg5diff2_S5d4_b2.bcCGVD,0.0
pancreas,NEUROG3,neurog3_late,4.0,False,stg5diff2_S5d4_b2.bcHLQJ,1.4464788
pancreas,NEUROG3,neurog3_late,4.0,False,stg5diff2_S5d4_b2.bcDOTA,0.7060607
pancreas,NEUROG3,neurog3_late,4.0,False,stg5diff2_S5d4_b2.bcDROF,1.1924529
pancreas,NEUROG3,neurog3_late,4.0,False,stg5diff2_S5d4_b2.bcERNC,1.3760184
pancreas,NEUROG3,neurog3_late,4.0,False,stg5diff2_S5d4_b2.bcGWQG,0.0
pancreas,NEUROG3,neurog3_late,4.0,False,stg5diff2_S5d4_b2.bcHDAM,2.1460161
pancreas,NEUROG3,neurog3_late,4.0,False,stg5diff2_S5d4_b2.bcAYAN,1.122189
pancreas,NEUROG3,neurog3_late,4.0,False,stg5diff2_S5d4_b2.bcBJQA,0.0
pancreas,NEUROG3,neurog3_late,4.0,False,stg5diff2_S5d4_b2.bcGOBT,0.0
pancreas,NEUROG3,neurog3_late,4.0,False,stg5diff2_S5d4_b2.bcBLJG,1.2073873
pancreas,NEUROG3,neurog3_late,4.0,False,stg5diff2_S5d4_b2.bcCCME,0.0
pancreas,NEUROG3,neurog3_late,4.0,False,stg5diff2_S5d4_b2.bcHQNF,0.9830339
pancreas,NEUROG3,neurog3_late,4.0,False,stg5diff2_S5d4_b2.bcGBDS,1.4424403
pancreas,NEUROG3,neurog3_late,4.0,False,stg5diff2_S5d4_b2.bcEPPZ,1.1797191
pancreas,NEUROG3,neurog3_late,4.0,False,stg5diff2_S5d4_b2.bcARIT,0.0
pancreas,NEUROG3,neurog3_late,4.0,False,stg5diff2_S5d4_b2.bcFPCM,0.6859324
pancreas,NEUROG3,neurog3_late,4.0,False,stg5diff2_S5d4_b2.bcHLZZ,0.0
pancreas,NEUROG3,neurog3_late,4.0,False,stg5diff2_S5d4_b2.bcBKYB,0.0
pancreas,NEUROG3,neurog3_late,4.0,False,stg5diff2_S5d4_b2.bcIJFG,0.0
pancreas,NEUROG3,neurog3_late,4.0,False,stg5diff2_S5d4_b2.bcEPAK,0.0
pancreas,NEUROG3,neurog3_late,4.0,False,stg5diff2_S5d4_b2.bcIEKI,0.4113074
pancreas,NEUROG3,neurog3_late,4.0,False,stg5diff2_S5d4_b2.bcEYXV,0.0
pancreas,NEUROG3,neurog3_late,4.0,False,stg5diff2_S5d4_b2.bcCAGQ,1.6135967
pancreas,NEUROG3,neurog3_late,4.0,False,stg5diff2_S5d4_b2.bcCXFK,0.925604
pancreas,NEUROG3,neurog3_late,4.0,False,stg5diff2_S5d4_b2.bcESVX,0.4106498
pancreas,NEUROG3,neurog3_late,4.0,False,stg5diff2_S5d4_b2.bcGZGA,0.92103857
pancreas,NEUROG3,neurog3_late,4.0,False,stg5diff2_S5d4_b2.bcDZSR,1.3568733
pancreas,NEUROG3,neurog3_late,4.0,False,stg5diff2_S5d4_b2.bcBUFE,0.0
pancreas,NEUROG3,neurog3_late,4.0,False,stg5diff2_S5d4_b2.bcICTR,0.7622278
pancreas,NEUROG3,neurog3_late,4.0,False,stg5diff2_S5d4_b2.bcGSMO,0.0
pancreas,NEUROG3,neurog3_late,4.0,False,stg5diff2_S5d4_b2.bcAPYT,1.1614645
pancreas,NEUROG3,neurog3_late,4.0,False,stg5diff2_S5d4_b2.bcGDHX,2.3314164
pancreas,NEUROG3,neurog3_late,4.0,False,stg5diff2_S5d4_b2.bcBFJH,1.1778053
pancreas,NEUROG3,neurog3_late,4.0,False,stg5diff2_S5d4_b2.bcCFXQ,0.0
pancreas,NEUROG3,neurog3_late,4.0,False,stg5diff2_S5d4_b2.bcHMAW,0.62396425
pancreas,NEUROG3,neurog3_late,4.0,False,stg5diff2_S5d4_b2.bcGHRE,0.70486605
pancreas,NEUROG3,neurog3_late,4.0,False,stg5diff2_S5d4_b2.bcDOWF,0.0
pancreas,NEUROG3,neurog3_late,4.0,False,stg5diff2_S5d4_b2.bcBGIL,1.7922928
pancreas,NEUROG3,neurog3_late,4.0,False,stg5diff2_S5d4_b2.bcDTSD,0.0
pancreas,NEUROG3,neurog3_late,4.0,False,stg5diff2_S5d4_b2.bcGLQP,0.0
pancreas,NEUROG3,neurog3_late,4.0,False,stg5diff2_S5d4_b2.bcBHFK,1.2977031
pancreas,NEUROG3,neurog3_late,4.0,False,stg5diff2_S5d4_b2.bcIAYM,0.0
pancreas,NEUROG3,neurog3_late,4.0,False,stg5diff2_S5d4_b2.bcCHUT,0.0
pancreas,NEUROG3,neurog3_late,4.0,False,stg5diff2_S5d4_b2.bcDSRN,1.7346221
pancreas,NEUROG3,neurog3_late,4.0,False,stg5diff2_S5d4_b2.bcFHTT,0.0
pancreas,NEUROG3,neurog3_late,4.0,False,stg5diff2_S5d4_b2.bcGDEY,1.0552709
pancreas,NEUROG3,neurog3_late,4.0,False,stg5diff2_S5d4_b2.bcDSJB,1.3835654
pancreas,NEUROG3,neurog3_late,4.0,False,stg5diff2_S5d4_b2.bcBAZT,2.8121488
pancreas,NEUROG3,neurog3_late,4.0,False,stg5diff2_S5d4_b2.bcBOHF,1.4693959
pancreas,NEUROG3,neurog3_late,4.0,False,stg5diff2_S5d4_b2.bcEKQZ,0.0
pancreas,NEUROG3,neurog3_late,4.0,False,stg5diff2_S5d4_b2.bcCKMK,1.9744117
pancreas,NEUROG3,neurog3_late,4.0,False,stg5diff2_S5d4_b2.bcELLP,0.0
pancreas,NEUROG3,neurog3_late,4.0,False,stg5diff2_S5d4_b2.bcAJYP,0.77400035
pancreas,NEUROG3,neurog3_late,4.0,False,stg5diff2_S5d4_b2.bcFAVO,1.3595511
pancreas,NEUROG3,neurog3_late,4.0,False,stg5diff2_S5d4_b2.bcEHMQ,0.7741212
pancreas,NEUROG3,neurog3_late,4.0,False,stg5diff2_S5d4_b2.bcFCXE,0.0
pancreas,NEUROG3,neurog3_late,4.0,False,stg5diff2_S5d4_b2.bcBTFT,0.8281001
pancreas,NEUROG3,neurog3_late,4.0,False,stg5diff2_S5d4_b2.bcHNAK,1.3722802
pancreas,NEUROG3,neurog3_late,4.0,False,stg5diff2_S5d4_b2.bcGLVR,2.1273613
pancreas,NEUROG3,neurog3_late,4.0,False,stg5diff2_S5d4_b2.bcDRSL,0.0
pancreas,NEUROG3,neurog3_late,4.0,False,stg5diff2_S5d4_b2.bcEHJN,0.0
pancreas,NEUROG3,neurog3_late,4.0,False,stg5diff2_S5d4_b2.bcBTJF,0.0
pancreas,NEUROG3,neurog3_late,4.0,False,stg5diff2_S5d4_b2.bcEGFD,0.0
pancreas,NEUROG3,neurog3_late,4.0,False,stg5diff2_S5d4_b2.bcFRQE,1.78065
pancreas,NEUROG3,neurog3_late,4.0,False,stg5diff2_S5d4_b2.bcIADT,0.0
pancreas,NEUROG3,neurog3_late,4.0,False,stg5diff2_S5d4_b2.bcBGTZ,1.2790793
pancreas,NEUROG3,neurog3_late,4.0,False,stg5diff2_S5d4_b2.bcFSAZ,0.0
pancreas,NEUROG3,neurog3_late,4.0,False,stg5diff2_S5d4_b2.bcFHPM,0.79474944
pancreas,NEUROG3,neurog3_late,4.0,False,stg5diff2_S5d4_b2.bcAQDU,0.0
pancreas,NEUROG3,neurog3_late,4.0,False,stg5diff2_S5d4_b2.bcGZAV,0.0
pancreas,NEUROG3,neurog3_late,4.0,False,stg5diff2_S5d4_b2.bcGBMS,0.0
pancreas,NEUROG3,neurog3_late,4.0,False,stg5diff2_S5d4_b2.bcCLSH,1.4660091
pancreas,NEUROG3,neurog3_late,4.0,False,stg5diff2_S5d4_b2.bcBYCG,1.8303679
pancreas,NEUROG3,neurog3_late,4.0,False,stg5diff2_S5d4_b2.bcCIGZ,1.528615
pancreas,NEUROG3,neurog3_late,4.0,False,stg5diff2_S5d4_b2.bcEOMS,2.3801994
pancreas,NEUROG3,neurog3_late,4.0,False,stg5diff2_S5d4_b2.bcFBYR,1.1340353
pancreas,NEUROG3,neurog3_late,4.0,False,stg5diff2_S5d4_b2.bcHGWX,0.0
pancreas,NEUROG3,neurog3_late,4.0,False,stg5diff2_S5d4_b2.bcGJNB,0.71474713
pancreas,NEUROG3,neurog3_late,4.0,False,stg5diff2_S5d4_b2.bcBEKD,0.9015763
pancreas,NEUROG3,neurog3_late,4.0,False,stg5diff2_S5d4_b2.bcBWLK,1.3822771
pancreas,NEUROG3,neurog3_late,4.0,False,stg5diff2_S5d4_b2.bcIEVY,0.0
pancreas,NEUROG3,neurog3_late,4.0,False,stg5diff2_S5d4_b2.bcAYQP,0.0
pancreas,NEUROG3,neurog3_late,4.0,False,stg5diff2_S5d4_b2.bcGNPE,0.0
pancreas,NEUROG3,neurog3_late,4.0,False,stg5diff2_S5d4_b2.bcHYPR,1.3316504
pancreas,NEUROG3,neurog3_late,4.0,False,stg5diff2_S5d4_b2.bcFIJL,1.5856093
pancreas,NEUROG3,neurog3_late,4.0,False,stg5diff2_S5d4_b2.bcHZTJ,1.8034056
pancreas,NEUROG3,neurog3_late,4.0,False,stg5diff2_S5d4_b2.bcBFVR,0.9531084
pancreas,NEUROG3,neurog3_late,4.0,False,stg5diff2_S5d4_b2.bcEPKC,0.0
pancreas,NEUROG3,neurog3_late,4.0,False,stg5diff2_S5d4_b2.bcCOGH,1.0114177
pancreas,NEUROG3,neurog3_late,4.0,False,stg5diff2_S5d4_b2.bcECIK,0.0
pancreas,NEUROG3,neurog3_late,4.0,False,stg5diff2_S5d4_b2.bcEQTH,0.0
pancreas,NEUROG3,neurog3_late,4.0,False,stg5diff2_S5d4_b2.bcCJIP,0.7351856
pancreas,NEUROG3,neurog3_late,4.0,False,stg5diff2_S5d4_b2.bcEGBA,0.0
pancreas,NEUROG3,neurog3_late,4.0,False,stg5diff2_S5d4_b2.bcBJCI,0.0
pancreas,NEUROG3,neurog3_late,4.0,False,stg5diff2_S5d4_b2.bcCRHX,1.4304806
pancreas,NEUROG3,neurog3_late,4.0,False,stg5diff2_S5d4_b2.bcEUYK,1.7581756
pancreas,NEUROG3,neurog3_late,4.0,False,stg5diff2_S5d4_b2.bcFPDG,0.0
pancreas,NEUROG3,neurog3_late,4.0,False,stg5diff2_S5d4_b2.bcHEHO,0.0
pancreas,NEUROG3,neurog3_late,4.0,False,stg5diff2_S5d4_b2.bcFOPU,1.0939424
pancreas,NEUROG3,neurog3_late,4.0,False,stg5diff2_S5d4_b2.bcIDAA,0.0
pancreas,NEUROG3,neurog3_late,4.0,False,stg5diff2_S5d4_b2.bcFJKU,1.4531887
pancreas,NEUROG3,neurog3_late,4.0,False,stg5diff2_S5d4_b2.bcCOWI,1.786977
pancreas,NEUROG3,neurog3_late,4.0,False,stg5diff2_S5d4_b2.bcBOYE,0.7658736
pancreas,NEUROG3,neurog3_late,4.0,False,stg5diff2_S5d4_b2.bcEXUA,0.53167355
pancreas,NEUROG3,neurog3_late,4.0,False,stg5diff2_S5d4_b2.bcBULS,0.0
pancreas,NEUROG3,neurog3_late,4.0,False,stg5diff2_S5d4_b2.bcHCSX,1.8611075
pancreas,NEUROG3,neurog3_late,4.0,False,stg5diff2_S5d4_b2.bcIDYK,0.0
pancreas,NEUROG3,neurog3_late,4.0,False,stg5diff2_S5d4_b2.bcAQMU,0.802754
pancreas,NEUROG3,neurog3_late,4.0,False,stg5diff2_S5d4_b2.bcGQDX,0.0
pancreas,NEUROG3,neurog3_late,4.0,False,stg5diff2_S5d4_b2.bcBNUF,0.0
pancreas,NEUROG3,neurog3_late,4.0,False,stg5diff2_S5d4_b2.bcCCXD,1.0555053
pancreas,NEUROG3,neurog3_late,4.0,False,stg5diff2_S5d4_b2.bcHLPL,1.5975674
pancreas,NEUROG3,neurog3_late,4.0,False,stg5diff2_S5d4_b2.bcDSBR,1.6450715
pancreas,NEUROG3,neurog3_late,4.0,False,stg5diff2_S5d4_b2.bcCTML,1.014849
pancreas,NEUROG3,neurog3_late,4.0,False,stg5diff2_S5d4_b2.bcAJPZ,1.6036284
pancreas,NEUROG3,neurog3_late,4.0,False,stg5diff2_S5d4_b2.bcBRQX,0.7216705
pancreas,NEUROG3,neurog3_late,4.0,False,stg5diff2_S5d4_b2.bcCGGR,1.3150388
pancreas,NEUROG3,neurog3_late,4.0,False,stg5diff2_S5d4_b2.bcDURJ,0.8584935
pancreas,NEUROG3,neurog3_late,4.0,False,stg5diff2_S5d4_b2.bcFMSS,0.8434412
pancreas,NEUROG3,neurog3_late,4.0,False,stg5diff2_S5d4_b2.bcGKTF,0.0
pancreas,NEUROG3,neurog3_late,5.0,False,stg5diff1_S5d5_b1.bcFTOU,1.0685741
pancreas,NEUROG3,neurog3_late,5.0,False,stg5diff1_S5d5_b1.bcCXWS,0.20987801
pancreas,NEUROG3,neurog3_late,5.0,False,stg5diff1_S5d5_b1.bcFACA,1.3237768
pancreas,NEUROG3,neurog3_late,5.0,False,stg5diff1_S5d5_b1.bcDTIR,0.6429103
pancreas,NEUROG3,neurog3_late,5.0,False,stg5diff1_S5d5_b1.bcAHZK,0.47006124
pancreas,NEUROG3,neurog3_late,5.0,False,stg5diff1_S5d5_b1.bcFJQP,1.0585628
pancreas,NEUROG3,neurog3_late,5.0,False,stg5diff1_S5d5_b1.bcERMZ,0.0
pancreas,NEUROG3,neurog3_late,5.0,False,stg5diff1_S5d5_b1.bcIFXD,1.6235594
pancreas,NEUROG3,neurog3_late,5.0,False,stg5diff1_S5d5_b1.bcFLYN,0.0
pancreas,NEUROG3,neurog3_late,5.0,False,stg5diff1_S5d5_b1.bcDVYY,1.7848618
pancreas,NEUROG3,neurog3_late,5.0,False,stg5diff1_S5d5_b1.bcAGYC,0.0
pancreas,NEUROG3,neurog3_late,5.0,False,stg5diff1_S5d5_b1.bcFSBR,0.0
pancreas,NEUROG3,neurog3_late,5.0,False,stg5diff1_S5d5_b1.bcCWYI,0.5672902
pancreas,NEUROG3,neurog3_late,5.0,False,stg5diff1_S5d5_b1.bcHGOQ,0.0
pancreas,NEUROG3,neurog3_late,5.0,False,stg5diff1_S5d5_b1.bcEILM,0.71607965
pancreas,NEUROG3,neurog3_late,5.0,False,stg5diff1_S5d5_b1.bcGGOQ,0.0
pancreas,NEUROG3,neurog3_late,5.0,False,stg5diff1_S5d5_b1.bcFIQS,0.0
pancreas,NEUROG3,neurog3_late,5.0,False,stg5diff1_S5d5_b1.bcBERO,0.57763124
pancreas,NEUROG3,neurog3_late,5.0,False,stg5diff1_S5d5_b1.bcBGQL,0.31357053
pancreas,NEUROG3,neurog3_late,5.0,False,stg5diff1_S5d5_b1.bcBZRW,0.40668446
pancreas,NEUROG3,neurog3_late,5.0,False,stg5diff1_S5d5_b1.bcENEA,0.0
pancreas,NEUROG3,neurog3_late,5.0,False,stg5diff1_S5d5_b1.bcCGPV,0.0
pancreas,NEUROG3,neurog3_late,5.0,False,stg5diff1_S5d5_b1.bcHYBY,0.6492974
pancreas,NEUROG3,neurog3_late,5.0,False,stg5diff1_S5d5_b1.bcHFBN,0.94895506
pancreas,NEUROG3,neurog3_late,5.0,False,stg5diff1_S5d5_b1.bcCUUK,0.96685183
pancreas,NEUROG3,neurog3_late,5.0,False,stg5diff1_S5d5_b1.bcAMYJ,1.33502
pancreas,NEUROG3,neurog3_late,5.0,False,stg5diff1_S5d5_b1.bcCGST,0.0
pancreas,NEUROG3,neurog3_late,5.0,False,stg5diff1_S5d5_b1.bcANOD,1.3906286
pancreas,NEUROG3,neurog3_late,5.0,False,stg5diff1_S5d5_b1.bcFUPE,1.265007
pancreas,NEUROG3,neurog3_late,5.0,False,stg5diff1_S5d5_b1.bcCJKW,0.3966429
pancreas,NEUROG3,neurog3_late,5.0,False,stg5diff1_S5d5_b1.bcDYJJ,1.5500504
pancreas,NEUROG3,neurog3_late,5.0,False,stg5diff1_S5d5_b1.bcDSML,1.5436097
pancreas,NEUROG3,neurog3_late,5.0,False,stg5diff1_S5d5_b1.bcAWZU,1.4018095
pancreas,NEUROG3,neurog3_late,5.0,False,stg5diff1_S5d5_b1.bcBUZM,1.9337527
pancreas,NEUROG3,neurog3_late,5.0,False,stg5diff1_S5d5_b1.bcCNOZ,0.0
pancreas,NEUROG3,neurog3_late,5.0,False,stg5diff1_S5d5_b1.bcESIN,0.7882899
pancreas,NEUROG3,neurog3_late,5.0,False,stg5diff1_S5d5_b1.bcDXII,1.8936787
pancreas,NEUROG3,neurog3_late,5.0,False,stg5diff1_S5d5_b1.bcFALR,0.47049358
pancreas,NEUROG3,neurog3_late,5.0,False,stg5diff1_S5d5_b1.bcEVYI,0.31804854
pancreas,NEUROG3,neurog3_late,5.0,False,stg5diff1_S5d5_b1.bcEODJ,0.9229642
pancreas,NEUROG3,neurog3_late,5.0,False,stg5diff1_S5d5_b1.bcARMO,1.4367832
pancreas,NEUROG3,neurog3_late,5.0,False,stg5diff1_S5d5_b1.bcEPFQ,1.8592026
pancreas,NEUROG3,neurog3_late,5.0,False,stg5diff1_S5d5_b1.bcAMXB,0.0
pancreas,NEUROG3,neurog3_late,5.0,False,stg5diff1_S5d5_b1.bcAAVS,0.43865713
pancreas,NEUROG3,neurog3_late,5.0,False,stg5diff1_S5d5_b1.bcERKO,2.6521924
pancreas,NEUROG3,neurog3_late,5.0,False,stg5diff1_S5d5_b1.bcFLFK,1.2947412
pancreas,NEUROG3,neurog3_late,5.0,False,stg5diff1_S5d5_b1.bcHZOZ,0.0
pancreas,NEUROG3,neurog3_late,5.0,False,stg5diff1_S5d5_b1.bcEASC,1.5648463
pancreas,NEUROG3,neurog3_late,5.0,False,stg5diff1_S5d5_b1.bcIBXW,0.0
pancreas,NEUROG3,neurog3_late,5.0,False,stg5diff1_S5d5_b1.bcCFVY,1.5132192
pancreas,NEUROG3,neurog3_late,5.0,False,stg5diff1_S5d5_b1.bcDFYE,1.569224
pancreas,NEUROG3,neurog3_late,5.0,False,stg5diff1_S5d5_b1.bcGYKV,0.0
pancreas,NEUROG3,neurog3_late,5.0,False,stg5diff1_S5d5_b1.bcBWKQ,1.4585813
pancreas,NEUROG3,neurog3_late,5.0,False,stg5diff1_S5d5_b1.bcEZOW,1.9658488
pancreas,NEUROG3,neurog3_late,5.0,False,stg5diff1_S5d5_b1.bcFRWY,1.185341
pancreas,NEUROG3,neurog3_late,5.0,False,stg5diff1_S5d5_b1.bcAURF,0.0
pancreas,NEUROG3,neurog3_late,5.0,False,stg5diff1_S5d5_b1.bcGMMI,0.529847
pancreas,NEUROG3,neurog3_late,5.0,False,stg5diff1_S5d5_b1.bcEJPD,1.9548472
pancreas,NEUROG3,neurog3_late,5.0,False,stg5diff1_S5d5_b1.bcGJJX,0.78021526
pancreas,NEUROG3,neurog3_late,5.0,False,stg5diff1_S5d5_b1.bcEYRS,0.68164086
pancreas,NEUROG3,neurog3_late,5.0,False,stg5diff1_S5d5_b1.bcCVHP,0.39246586
pancreas,NEUROG3,neurog3_late,5.0,False,stg5diff1_S5d5_b1.bcCCPR,0.0
pancreas,NEUROG3,neurog3_late,5.0,False,stg5diff1_S5d5_b1.bcEMXB,0.9449143
pancreas,NEUROG3,neurog3_late,5.0,False,stg5diff1_S5d5_b1.bcDJCJ,0.0
pancreas,NEUROG3,neurog3_late,5.0,False,stg5diff1_S5d5_b1.bcHSWV,0.0
pancreas,NEUROG3,neurog3_late,5.0,False,stg5diff1_S5d5_b1.bcDYWN,2.5919456
pancreas,NEUROG3,neurog3_late,5.0,False,stg5diff1_S5d5_b1.bcHSJA,1.9897385
pancreas,NEUROG3,neurog3_late,5.0,False,stg5diff1_S5d5_b1.bcFTQA,0.0
pancreas,NEUROG3,neurog3_late,5.0,False,stg5diff1_S5d5_b1.bcGCCC,0.0
pancreas,NEUROG3,neurog3_late,5.0,False,stg5diff1_S5d5_b1.bcHSHN,2.2854908
pancreas,NEUROG3,neurog3_late,5.0,False,stg5diff1_S5d5_b1.bcIHSS,0.600519
pancreas,NEUROG3,neurog3_late,5.0,False,stg5diff1_S5d5_b1.bcERLP,2.5009427
pancreas,NEUROG3,neurog3_late,5.0,False,stg5diff1_S5d5_b1.bcHXZW,1.9470627
pancreas,NEUROG3,neurog3_late,5.0,False,stg5diff1_S5d5_b1.bcGEFW,1.6705885
pancreas,NEUROG3,neurog3_late,5.0,False,stg5diff1_S5d5_b1.bcIASI,0.0
pancreas,NEUROG3,neurog3_late,5.0,False,stg5diff1_S5d5_b1.bcEFUB,0.0
pancreas,NEUROG3,neurog3_late,5.0,False,stg5diff1_S5d5_b1.bcCKVG,1.3065747
pancreas,NEUROG3,neurog3_late,5.0,False,stg5diff1_S5d5_b1.bcFIHA,0.0
pancreas,NEUROG3,neurog3_late,5.0,False,stg5diff1_S5d5_b1.bcBGOI,1.9537381
pancreas,NEUROG3,neurog3_late,5.0,False,stg5diff1_S5d5_b1.bcBFYE,1.1556134
pancreas,NEUROG3,neurog3_late,5.0,False,stg5diff1_S5d5_b1.bcCIEQ,0.4886661
pancreas,NEUROG3,neurog3_late,5.0,False,stg5diff1_S5d5_b1.bcDBMU,0.0
pancreas,NEUROG3,neurog3_late,5.0,False,stg5diff1_S5d5_b1.bcAACS,1.1399239
pancreas,NEUROG3,neurog3_late,5.0,False,stg5diff1_S5d5_b1.bcDOIF,1.6865991
pancreas,NEUROG3,neurog3_late,5.0,False,stg5diff1_S5d5_b1.bcBMMD,0.6899001
pancreas,NEUROG3,neurog3_late,5.0,False,stg5diff1_S5d5_b1.bcEOLT,0.6134227
pancreas,NEUROG3,neurog3_late,5.0,False,stg5diff1_S5d5_b1.bcDLMN,0.3164899
pancreas,NEUROG3,neurog3_late,5.0,False,stg5diff1_S5d5_b1.bcEXCT,0.54877174
pancreas,NEUROG3,neurog3_late,5.0,False,stg5diff1_S5d5_b1.bcHPNL,0.0
pancreas,NEUROG3,neurog3_late,5.0,False,stg5diff1_S5d5_b1.bcAIUA,1.330549
pancreas,NEUROG3,neurog3_late,5.0,False,stg5diff1_S5d5_b1.bcIANM,0.0
pancreas,NEUROG3,neurog3_late,5.0,False,stg5diff1_S5d5_b1.bcFLRH,1.2544793
pancreas,NEUROG3,neurog3_late,5.0,False,stg5diff1_S5d5_b1.bcBVUL,1.6476672
pancreas,NEUROG3,neurog3_late,5.0,False,stg5diff1_S5d5_b1.bcEUHK,0.0
pancreas,NEUROG3,neurog3_late,5.0,False,stg5diff1_S5d5_b1.bcIJJJ,0.0
pancreas,NEUROG3,neurog3_late,5.0,False,stg5diff1_S5d5_b1.bcFQGH,1.1794795
pancreas,NEUROG3,neurog3_late,5.0,False,stg5diff1_S5d5_b1.bcFURN,0.0
pancreas,NEUROG3,neurog3_late,5.0,False,stg5diff1_S5d5_b1.bcFHED,0.0
pancreas,NEUROG3,neurog3_late,5.0,False,stg5diff1_S5d5_b1.bcDVWZ,0.0
pancreas,NEUROG3,neurog3_late,5.0,False,stg5diff1_S5d5_b1.bcDATT,0.6527522
pancreas,NEUROG3,neurog3_late,5.0,False,stg5diff1_S5d5_b1.bcHIHM,0.93236434
pancreas,NEUROG3,neurog3_late,5.0,False,stg5diff1_S5d5_b1.bcDXDA,1.6208985
pancreas,NEUROG3,neurog3_late,5.0,False,stg5diff1_S5d5_b1.bcGPXA,1.0585628
pancreas,NEUROG3,neurog3_late,5.0,False,stg5diff1_S5d5_b1.bcCOLA,0.0
pancreas,NEUROG3,neurog3_late,5.0,False,stg5diff1_S5d5_b1.bcBNOK,0.90988976
pancreas,NEUROG3,neurog3_late,5.0,False,stg5diff1_S5d5_b1.bcEGUE,2.799736
pancreas,NEUROG3,neurog3_late,5.0,False,stg5diff1_S5d5_b1.bcEYNN,0.0
pancreas,NEUROG3,neurog3_late,5.0,False,stg5diff1_S5d5_b1.bcDWAX,0.0
pancreas,NEUROG3,neurog3_late,5.0,False,stg5diff1_S5d5_b1.bcFUCI,1.484715
pancreas,NEUROG3,neurog3_late,5.0,False,stg5diff1_S5d5_b1.bcHITY,0.930575
pancreas,NEUROG3,neurog3_late,5.0,False,stg5diff1_S5d5_b1.bcDRPN,0.0
pancreas,NEUROG3,neurog3_late,5.0,False,stg5diff1_S5d5_b1.bcHMZY,0.0
pancreas,NEUROG3,neurog3_late,5.0,False,stg5diff1_S5d5_b1.bcENOE,0.0
pancreas,NEUROG3,neurog3_late,5.0,False,stg5diff1_S5d5_b1.bcHCRN,0.87023985
pancreas,NEUROG3,neurog3_late,5.0,False,stg5diff1_S5d5_b1.bcHEMP,0.41563413
pancreas,NEUROG3,neurog3_late,5.0,False,stg5diff1_S5d5_b1.bcEOFV,1.9975004
pancreas,NEUROG3,neurog3_late,5.0,False,stg5diff1_S5d5_b1.bcCHHQ,0.0
pancreas,NEUROG3,neurog3_late,5.0,False,stg5diff1_S5d5_b1.bcFQRS,1.2199411
pancreas,NEUROG3,neurog3_late,5.0,False,stg5diff1_S5d5_b1.bcHMXB,0.0
pancreas,NEUROG3,neurog3_late,5.0,False,stg5diff1_S5d5_b1.bcETBR,0.0
pancreas,NEUROG3,neurog3_late,5.0,False,stg5diff1_S5d5_b1.bcFAVU,0.0
pancreas,NEUROG3,neurog3_late,5.0,False,stg5diff1_S5d5_b1.bcEELE,0.0
pancreas,NEUROG3,neurog3_late,5.0,False,stg5diff1_S5d5_b1.bcFRCP,0.0
pancreas,NEUROG3,neurog3_late,5.0,False,stg5diff1_S5d5_b1.bcEYWV,0.0
pancreas,NEUROG3,neurog3_late,5.0,False,stg5diff1_S5d5_b1.bcCJHX,1.3544122
pancreas,NEUROG3,neurog3_late,5.0,False,stg5diff1_S5d5_b1.bcIIAT,1.9755843
pancreas,NEUROG3,neurog3_late,5.0,False,stg5diff1_S5d5_b1.bcFXZJ,1.7305033
pancreas,NEUROG3,neurog3_late,5.0,False,stg5diff1_S5d5_b1.bcGVDH,0.6105306
pancreas,NEUROG3,neurog3_late,5.0,False,stg5diff1_S5d5_b1.bcGENC,1.336077
pancreas,NEUROG3,neurog3_late,5.0,False,stg5diff2_S5d5_b1.bcEMZU,0.0
pancreas,NEUROG3,neurog3_late,5.0,False,stg5diff2_S5d5_b1.bcDBUU,0.8824127
pancreas,NEUROG3,neurog3_late,5.0,False,stg5diff2_S5d5_b1.bcGNCW,0.0
pancreas,NEUROG3,neurog3_late,5.0,False,stg5diff2_S5d5_b1.bcHYDH,0.0
pancreas,NEUROG3,neurog3_late,5.0,False,stg5diff2_S5d5_b1.bcCFVY,1.0157107
pancreas,NEUROG3,neurog3_late,5.0,False,stg5diff2_S5d5_b1.bcFUYH,0.0
pancreas,NEUROG3,neurog3_late,5.0,False,stg5diff2_S5d5_b1.bcHZBN,0.3375064
pancreas,NEUROG3,neurog3_late,5.0,False,stg5diff2_S5d5_b1.bcCTBS,1.5491157
pancreas,NEUROG3,neurog3_late,5.0,False,stg5diff2_S5d5_b1.bcFEBM,1.2380507
pancreas,NEUROG3,neurog3_late,5.0,False,stg5diff2_S5d5_b1.bcHROR,0.0
pancreas,NEUROG3,neurog3_late,5.0,False,stg5diff2_S5d5_b1.bcDUFV,0.0
pancreas,NEUROG3,neurog3_late,5.0,False,stg5diff2_S5d5_b1.bcGZCT,0.0
pancreas,NEUROG3,neurog3_late,5.0,False,stg5diff2_S5d5_b1.bcAGPV,0.0
pancreas,NEUROG3,neurog3_late,5.0,False,stg5diff2_S5d5_b1.bcBLKB,0.76012754
pancreas,NEUROG3,neurog3_late,5.0,False,stg5diff2_S5d5_b1.bcHUEX,0.0
pancreas,NEUROG3,neurog3_late,5.0,False,stg5diff2_S5d5_b1.bcAEGU,2.2253516
pancreas,NEUROG3,neurog3_late,5.0,False,stg5diff2_S5d5_b1.bcGYHM,1.602817
pancreas,NEUROG3,neurog3_late,5.0,False,stg5diff2_S5d5_b1.bcEOUI,0.0
pancreas,NEUROG3,neurog3_late,5.0,False,stg5diff2_S5d5_b1.bcBUON,1.6455035
pancreas,NEUROG3,neurog3_late,5.0,False,stg5diff2_S5d5_b1.bcBRXP,0.9045907
pancreas,NEUROG3,neurog3_late,5.0,False,stg5diff2_S5d5_b1.bcDQFA,0.0
pancreas,NEUROG3,neurog3_late,5.0,False,stg5diff2_S5d5_b1.bcAJDK,1.0630661
pancreas,NEUROG3,neurog3_late,5.0,False,stg5diff2_S5d5_b1.bcALTM,0.0
pancreas,NEUROG3,neurog3_late,5.0,False,stg5diff2_S5d5_b1.bcCFIG,1.3670303
pancreas,NEUROG3,neurog3_late,5.0,False,stg5diff2_S5d5_b1.bcHUVE,0.96578693
pancreas,NEUROG3,neurog3_late,5.0,False,stg5diff2_S5d5_b1.bcHYCJ,0.0
pancreas,NEUROG3,neurog3_late,5.0,False,stg5diff2_S5d5_b1.bcFWLH,0.34220675
pancreas,NEUROG3,neurog3_late,5.0,False,stg5diff2_S5d5_b1.bcEVGX,0.5380841
pancreas,NEUROG3,neurog3_late,5.0,False,stg5diff2_S5d5_b1.bcBADC,0.0
pancreas,NEUROG3,neurog3_late,5.0,False,stg5diff2_S5d5_b1.bcGTUM,1.7666167
pancreas,NEUROG3,neurog3_late,5.0,False,stg5diff2_S5d5_b1.bcEHZE,0.0
pancreas,NEUROG3,neurog3_late,5.0,False,stg5diff2_S5d5_b1.bcDTFX,0.0
pancreas,NEUROG3,neurog3_late,5.0,False,stg5diff2_S5d5_b1.bcGKLA,0.0
pancreas,NEUROG3,neurog3_late,5.0,False,stg5diff2_S5d5_b1.bcCGLW,0.0
pancreas,NEUROG3,neurog3_late,5.0,False,stg5diff2_S5d5_b1.bcBJNK,0.0
pancreas,NEUROG3,neurog3_late,5.0,False,stg5diff2_S5d5_b1.bcGHGV,1.9147191
pancreas,NEUROG3,neurog3_late,5.0,False,stg5diff2_S5d5_b1.bcCWJL,0.0
pancreas,NEUROG3,neurog3_late,5.0,False,stg5diff2_S5d5_b1.bcAAZJ,0.0
pancreas,NEUROG3,neurog3_late,5.0,False,stg5diff2_S5d5_b1.bcEGXH,0.0
pancreas,NEUROG3,neurog3_late,5.0,False,stg5diff2_S5d5_b1.bcFXKW,0.0
pancreas,NEUROG3,neurog3_late,5.0,False,stg5diff2_S5d5_b1.bcFXYI,1.4950356
pancreas,NEUROG3,neurog3_late,5.0,False,stg5diff2_S5d5_b1.bcBYFM,0.38180712
pancreas,NEUROG3,neurog3_late,5.0,False,stg5diff2_S5d5_b1.bcFQPD,1.5149176
pancreas,NEUROG3,neurog3_late,5.0,False,stg5diff2_S5d5_b1.bcCGID,1.6857736
pancreas,NEUROG3,neurog3_late,5.0,False,stg5diff2_S5d5_b1.bcAUJK,1.6741844
pancreas,NEUROG3,neurog3_late,5.0,False,stg5diff2_S5d5_b1.bcGLER,1.2496868
pancreas,NEUROG3,neurog3_late,5.0,False,stg5diff2_S5d5_b1.bcHLFA,0.3736061
pancreas,NEUROG3,neurog3_late,5.0,False,stg5diff2_S5d5_b1.bcGMDD,0.0
pancreas,NEUROG3,neurog3_late,5.0,False,stg5diff2_S5d5_b1.bcHQRV,0.0
pancreas,NEUROG3,neurog3_late,5.0,False,stg5diff2_S5d5_b1.bcFYAB,0.0
pancreas,NEUROG3,neurog3_late,5.0,False,stg5diff2_S5d5_b1.bcFVCR,0.0
pancreas,NEUROG3,neurog3_late,5.0,False,stg5diff2_S5d5_b1.bcFKEO,0.8676172
pancreas,NEUROG3,neurog3_late,5.0,False,stg5diff2_S5d5_b1.bcGBOI,1.3481015
pancreas,NEUROG3,neurog3_late,5.0,False,stg5diff2_S5d5_b1.bcGTMB,0.0
pancreas,NEUROG3,neurog3_late,5.0,False,stg5diff2_S5d5_b1.bcEZGM,1.994145
pancreas,NEUROG3,neurog3_late,5.0,False,stg5diff2_S5d5_b1.bcBIRK,1.1273098
pancreas,NEUROG3,neurog3_late,5.0,False,stg5diff2_S5d5_b1.bcICPS,0.0
pancreas,NEUROG3,neurog3_late,5.0,False,stg5diff2_S5d5_b1.bcHMHQ,0.0
pancreas,NEUROG3,neurog3_late,5.0,False,stg5diff2_S5d5_b1.bcGUUE,2.203636
pancreas,NEUROG3,neurog3_late,5.0,False,stg5diff2_S5d5_b1.bcBNNL,0.53334534
pancreas,NEUROG3,neurog3_late,5.0,False,stg5diff2_S5d5_b1.bcFXIZ,0.0
pancreas,NEUROG3,neurog3_late,5.0,False,stg5diff2_S5d5_b1.bcHULP,0.54535615
pancreas,NEUROG3,neurog3_late,5.0,False,stg5diff2_S5d5_b1.bcCEXF,0.8371191
pancreas,NEUROG3,neurog3_late,5.0,False,stg5diff2_S5d5_b1.bcAIFU,0.0
pancreas,NEUROG3,neurog3_late,5.0,False,stg5diff2_S5d5_b1.bcBOBD,1.2011142
pancreas,NEUROG3,neurog3_late,5.0,False,stg5diff2_S5d5_b1.bcGCJV,1.2415662
pancreas,NEUROG3,neurog3_late,5.0,False,stg5diff2_S5d5_b1.bcGAYW,0.0
pancreas,NEUROG3,neurog3_late,5.0,False,stg5diff2_S5d5_b1.bcDCOT,1.5082211
pancreas,NEUROG3,neurog3_late,5.0,False,stg5diff2_S5d5_b1.bcEAHL,0.0
pancreas,NEUROG3,neurog3_late,5.0,False,stg5diff2_S5d5_b1.bcBQAH,0.7081614
pancreas,NEUROG3,neurog3_late,5.0,False,stg5diff2_S5d5_b1.bcERSY,1.5699179
pancreas,NEUROG3,neurog3_late,5.0,False,stg5diff2_S5d5_b1.bcCAJX,0.0
pancreas,NEUROG3,neurog3_late,5.0,False,stg5diff2_S5d5_b1.bcARFA,0.0
pancreas,NEUROG3,neurog3_late,5.0,False,stg5diff2_S5d5_b1.bcHFBN,0.40546513
pancreas,NEUROG3,neurog3_late,5.0,False,stg5diff2_S5d5_b1.bcICIN,2.1468697
pancreas,NEUROG3,neurog3_late,5.0,False,stg5diff2_S5d5_b1.bcAPFK,0.5908398
pancreas,NEUROG3,neurog3_late,5.0,False,stg5diff2_S5d5_b1.bcAHRQ,0.59291655
pancreas,NEUROG3,neurog3_late,5.0,False,stg5diff2_S5d5_b1.bcFAWL,0.0
pancreas,NEUROG3,neurog3_late,5.0,False,stg5diff2_S5d5_b1.bcDFYD,0.0
pancreas,NEUROG3,neurog3_late,5.0,False,stg5diff2_S5d5_b1.bcHNQX,0.0
pancreas,NEUROG3,neurog3_late,5.0,False,stg5diff2_S5d5_b1.bcHTMN,1.4810264
pancreas,NEUROG3,neurog3_late,5.0,False,stg5diff2_S5d5_b1.bcFWIG,1.6460438
pancreas,NEUROG3,neurog3_late,5.0,False,stg5diff2_S5d5_b1.bcFLEF,0.0
pancreas,NEUROG3,neurog3_late,5.0,False,stg5diff2_S5d5_b1.bcEXEV,2.513968
pancreas,NEUROG3,neurog3_late,5.0,False,stg5diff2_S5d5_b1.bcEGSQ,1.7305033
pancreas,NEUROG3,neurog3_late,5.0,False,stg5diff2_S5d5_b1.bcBDHY,0.6646657
pancreas,NEUROG3,neurog3_late,5.0,False,stg5diff2_S5d5_b1.bcAHSR,2.0181954
pancreas,NEUROG3,neurog3_late,5.0,False,stg5diff2_S5d5_b1.bcCARQ,1.7472008
pancreas,NEUROG3,neurog3_late,5.0,False,stg5diff2_S5d5_b1.bcDMQY,0.0
pancreas,NEUROG3,neurog3_late,5.0,False,stg5diff2_S5d5_b1.bcELAK,0.0
pancreas,NEUROG3,neurog3_late,5.0,False,stg5diff2_S5d5_b1.bcASHY,1.630337
pancreas,NEUROG3,neurog3_late,5.0,False,stg5diff2_S5d5_b1.bcEWCX,0.0
pancreas,NEUROG3,neurog3_late,5.0,False,stg5diff2_S5d5_b1.bcFGRE,0.97487044
pancreas,NEUROG3,neurog3_late,5.0,False,stg5diff2_S5d5_b1.bcIJTS,0.0
pancreas,NEUROG3,neurog3_late,5.0,False,stg5diff2_S5d5_b1.bcGDVJ,0.0
pancreas,NEUROG3,neurog3_late,5.0,False,stg5diff2_S5d5_b1.bcEEGH,1.628186
pancreas,NEUROG3,neurog3_late,5.0,False,stg5diff2_S5d5_b1.bcEYVY,0.0
pancreas,NEUROG3,neurog3_late,5.0,False,stg5diff2_S5d5_b1.bcDHLT,0.0
pancreas,NEUROG3,neurog3_late,5.0,False,stg5diff2_S5d5_b1.bcGFXA,2.0019715
pancreas,NEUROG3,neurog3_late,5.0,False,stg5diff2_S5d5_b1.bcAAYG,0.0
pancreas,NEUROG3,neurog3_late,5.0,False,stg5diff2_S5d5_b1.bcIBSH,0.0
pancreas,NEUROG3,neurog3_late,5.0,False,stg5diff2_S5d5_b1.bcBXZC,0.0
pancreas,NEUROG3,neurog3_late,5.0,False,stg5diff2_S5d5_b1.bcEJFD,0.0
pancreas,NEUROG3,neurog3_late,5.0,False,stg5diff2_S5d5_b1.bcFJGT,1.1391842
pancreas,NEUROG3,neurog3_late,5.0,False,stg5diff2_S5d5_b1.bcFYYN,0.577368
pancreas,NEUROG3,neurog3_late,5.0,False,stg5diff2_S5d5_b1.bcDICC,0.70130736
pancreas,NEUROG3,neurog3_late,5.0,False,stg5diff2_S5d5_b1.bcDCHE,0.0
pancreas,NEUROG3,neurog3_late,5.0,False,stg5diff2_S5d5_b1.bcCTNP,0.0
pancreas,NEUROG3,neurog3_late,5.0,False,stg5diff2_S5d5_b1.bcDKQO,0.0
pancreas,NEUROG3,neurog3_late,5.0,False,stg5diff2_S5d5_b1.bcABPN,0.0
pancreas,NEUROG3,neurog3_late,5.0,False,stg5diff2_S5d5_b1.bcFBHY,0.0
pancreas,NEUROG3,neurog3_late,5.0,False,stg5diff2_S5d5_b1.bcBINR,0.0
pancreas,NEUROG3,neurog3_late,5.0,False,stg5diff2_S5d5_b1.bcHPCZ,1.2730052
pancreas,NEUROG3,neurog3_late,5.0,False,stg5diff2_S5d5_b1.bcGGLC,1.2020504
pancreas,NEUROG3,neurog3_late,5.0,False,stg5diff2_S5d5_b1.bcHUZV,1.4838035
pancreas,NEUROG3,neurog3_late,5.0,False,stg5diff2_S5d5_b1.bcIJBH,0.0
pancreas,NEUROG3,neurog3_late,5.0,False,stg5diff2_S5d5_b1.bcHAPX,0.0
pancreas,NEUROG3,neurog3_late,5.0,False,stg5diff2_S5d5_b1.bcHRAC,1.001552
pancreas,NEUROG3,neurog3_late,5.0,False,stg5diff2_S5d5_b1.bcAIFC,0.0
pancreas,NEUROG3,neurog3_late,5.0,False,stg5diff2_S5d5_b1.bcHPRG,1.0341821
pancreas,NEUROG3,neurog3_late,5.0,False,stg5diff2_S5d5_b1.bcANPD,0.0
pancreas,NEUROG3,neurog3_late,5.0,False,stg5diff2_S5d5_b1.bcHTWU,1.0700212
pancreas,NEUROG3,neurog3_late,5.0,False,stg5diff2_S5d5_b1.bcELUN,0.0
pancreas,NEUROG3,neurog3_late,5.0,False,stg5diff2_S5d5_b1.bcBUVX,1.1142952
pancreas,NEUROG3,neurog3_late,5.0,False,stg5diff2_S5d5_b1.bcEEIK,0.96976894
pancreas,NEUROG3,neurog3_late,5.0,False,stg5diff2_S5d5_b1.bcCHOM,0.0
pancreas,NEUROG3,neurog3_late,5.0,False,stg5diff2_S5d5_b1.bcGMSU,2.0492198
pancreas,NEUROG3,neurog3_late,5.0,False,stg5diff2_S5d5_b1.bcEXFT,0.66962975
pancreas,NEUROG3,neurog3_late,5.0,False,stg5diff2_S5d5_b1.bcGLCL,0.0
pancreas,NEUROG3,neurog3_late,5.0,False,stg5diff2_S5d5_b1.bcAAPO,0.59361213
pancreas,NEUROG3,neurog3_late,5.0,False,stg5diff2_S5d5_b1.bcHWSF,0.0
pancreas,NEUROG3,neurog3_late,5.0,False,stg5diff2_S5d5_b1.bcGDUD,0.0
pancreas,NEUROG3,neurog3_late,5.0,False,stg5diff2_S5d5_b1.bcBQFQ,0.0
pancreas,NEUROG3,neurog3_late,5.0,False,stg5diff2_S5d5_b1.bcGEXA,1.2811188
pancreas,NEUROG3,neurog3_late,5.0,False,stg5diff2_S5d5_b1.bcDAOJ,0.0
pancreas,NEUROG3,neurog3_late,5.0,False,stg5diff2_S5d5_b1.bcIFMU,0.0
pancreas,NEUROG3,neurog3_late,5.0,False,stg5diff2_S5d5_b1.bcIIFV,1.1071296
pancreas,NEUROG3,neurog3_late,5.0,False,stg5diff2_S5d5_b1.bcHYSL,0.0
pancreas,NEUROG3,neurog3_late,5.0,False,stg5diff2_S5d5_b1.bcCKBG,1.1884788
pancreas,NEUROG3,neurog3_late,5.0,False,stg5diff2_S5d5_b1.bcHJRF,1.3699646
pancreas,NEUROG3,neurog3_late,5.0,False,stg5diff2_S5d5_b1.bcGHII,0.0
pancreas,NEUROG3,neurog3_late,5.0,False,stg5diff2_S5d5_b1.bcETHK,2.0579753
pancreas,NEUROG3,neurog3_late,5.0,False,stg5diff2_S5d5_b1.bcGVWD,1.7387229
pancreas,NEUROG3,neurog3_late,5.0,False,stg5diff2_S5d5_b1.bcCVRP,0.5633844
pancreas,NEUROG3,neurog3_late,5.0,False,stg5diff2_S5d5_b1.bcBVBM,0.0
pancreas,NEUROG3,neurog3_late,5.0,False,stg5diff2_S5d5_b1.bcCPWX,0.85045445
pancreas,NEUROG3,neurog3_late,5.0,False,stg5diff2_S5d5_b1.bcCHLN,1.0524671
pancreas,NEUROG3,neurog3_late,5.0,False,stg5diff2_S5d5_b1.bcHMMJ,1.0590348
pancreas,NEUROG3,neurog3_late,5.0,False,stg5diff2_S5d5_b1.bcBDOL,1.6651666
pancreas,NEUROG3,neurog3_late,5.0,False,stg5diff2_S5d5_b1.bcHLXN,0.0
pancreas,NEUROG3,neurog3_late,5.0,False,stg5diff2_S5d5_b1.bcFAUW,0.0
pancreas,NEUROG3,neurog3_late,5.0,False,stg5diff2_S5d5_b1.bcBXMO,0.0
pancreas,NEUROG3,neurog3_late,5.0,False,stg5diff1_S5d5_b2.bcHLUW,1.5156772
pancreas,NEUROG3,neurog3_late,5.0,False,stg5diff1_S5d5_b2.bcGMEY,0.0
pancreas,NEUROG3,neurog3_late,5.0,False,stg5diff1_S5d5_b2.bcCFKB,0.6368128
pancreas,NEUROG3,neurog3_late,5.0,False,stg5diff1_S5d5_b2.bcAVNX,0.0
pancreas,NEUROG3,neurog3_late,5.0,False,stg5diff1_S5d5_b2.bcHNRT,0.0
pancreas,NEUROG3,neurog3_late,5.0,False,stg5diff1_S5d5_b2.bcFIUT,0.0
pancreas,NEUROG3,neurog3_late,5.0,False,stg5diff1_S5d5_b2.bcFQMZ,0.68164086
pancreas,NEUROG3,neurog3_late,5.0,False,stg5diff1_S5d5_b2.bcFQKC,2.1958122
pancreas,NEUROG3,neurog3_late,5.0,False,stg5diff1_S5d5_b2.bcHBKV,0.0
pancreas,NEUROG3,neurog3_late,5.0,False,stg5diff1_S5d5_b2.bcAQIS,0.0
pancreas,NEUROG3,neurog3_late,5.0,False,stg5diff1_S5d5_b2.bcGEJZ,2.170053
pancreas,NEUROG3,neurog3_late,5.0,False,stg5diff1_S5d5_b2.bcFZNG,0.5084315
pancreas,NEUROG3,neurog3_late,5.0,False,stg5diff1_S5d5_b2.bcGMIF,0.8463484
pancreas,NEUROG3,neurog3_late,5.0,False,stg5diff1_S5d5_b2.bcGPQN,0.646378
pancreas,NEUROG3,neurog3_late,5.0,False,stg5diff1_S5d5_b2.bcHCIW,0.0
pancreas,NEUROG3,neurog3_late,5.0,False,stg5diff1_S5d5_b2.bcFECL,0.0
pancreas,NEUROG3,neurog3_late,5.0,False,stg5diff1_S5d5_b2.bcCRRJ,1.2641201
pancreas,NEUROG3,neurog3_late,5.0,False,stg5diff1_S5d5_b2.bcAMBN,1.6922204
pancreas,NEUROG3,neurog3_late,5.0,False,stg5diff1_S5d5_b2.bcBLGJ,0.0
pancreas,NEUROG3,neurog3_late,5.0,False,stg5diff1_S5d5_b2.bcFYCU,0.0
pancreas,NEUROG3,neurog3_late,5.0,False,stg5diff1_S5d5_b2.bcASZT,0.41813856
pancreas,NEUROG3,neurog3_late,5.0,False,stg5diff1_S5d5_b2.bcHCTP,0.5091423
pancreas,NEUROG3,neurog3_late,5.0,False,stg5diff1_S5d5_b2.bcIHRG,0.0
pancreas,NEUROG3,neurog3_late,5.0,False,stg5diff1_S5d5_b2.bcECTX,1.1055702
pancreas,NEUROG3,neurog3_late,5.0,False,stg5diff1_S5d5_b2.bcHCLO,2.213425
pancreas,NEUROG3,neurog3_late,5.0,False,stg5diff1_S5d5_b2.bcGZAG,1.297332
pancreas,NEUROG3,neurog3_late,5.0,False,stg5diff1_S5d5_b2.bcCFTW,1.0607698
pancreas,NEUROG3,neurog3_late,5.0,False,stg5diff1_S5d5_b2.bcGIQJ,0.9089831
pancreas,NEUROG3,neurog3_late,5.0,False,stg5diff1_S5d5_b2.bcBDWK,0.9542376
pancreas,NEUROG3,neurog3_late,5.0,False,stg5diff1_S5d5_b2.bcFQTV,0.0
pancreas,NEUROG3,neurog3_late,5.0,False,stg5diff1_S5d5_b2.bcESJJ,1.3865824
pancreas,NEUROG3,neurog3_late,5.0,False,stg5diff1_S5d5_b2.bcEFXT,0.9356036
pancreas,NEUROG3,neurog3_late,5.0,False,stg5diff1_S5d5_b2.bcCCEJ,0.0
pancreas,NEUROG3,neurog3_late,5.0,False,stg5diff1_S5d5_b2.bcAJZT,1.2023629
pancreas,NEUROG3,neurog3_late,5.0,False,stg5diff1_S5d5_b2.bcGKCE,1.435143
pancreas,NEUROG3,neurog3_late,5.0,False,stg5diff1_S5d5_b2.bcEMFO,0.0
pancreas,NEUROG3,neurog3_late,5.0,False,stg5diff1_S5d5_b2.bcHUZU,0.0
pancreas,NEUROG3,neurog3_late,5.0,False,stg5diff1_S5d5_b2.bcCGGW,1.4934921
pancreas,NEUROG3,neurog3_late,5.0,False,stg5diff1_S5d5_b2.bcEVBS,0.0
pancreas,NEUROG3,neurog3_late,5.0,False,stg5diff1_S5d5_b2.bcABWC,0.0
pancreas,NEUROG3,neurog3_late,5.0,False,stg5diff1_S5d5_b2.bcFZDR,0.0
pancreas,NEUROG3,neurog3_late,5.0,False,stg5diff1_S5d5_b2.bcFHIM,1.0016915
pancreas,NEUROG3,neurog3_late,5.0,False,stg5diff1_S5d5_b2.bcGRGE,0.0
pancreas,NEUROG3,neurog3_late,5.0,False,stg5diff1_S5d5_b2.bcEFVQ,0.0
pancreas,NEUROG3,neurog3_late,5.0,False,stg5diff1_S5d5_b2.bcEUJV,1.4023414
pancreas,NEUROG3,neurog3_late,5.0,False,stg5diff1_S5d5_b2.bcICDJ,0.93272305
pancreas,NEUROG3,neurog3_late,5.0,False,stg5diff1_S5d5_b2.bcBXDC,0.8544539
pancreas,NEUROG3,neurog3_late,5.0,False,stg5diff1_S5d5_b2.bcFMEW,0.7529852
pancreas,NEUROG3,neurog3_late,5.0,False,stg5diff1_S5d5_b2.bcEHIT,0.0
pancreas,NEUROG3,neurog3_late,5.0,False,stg5diff1_S5d5_b2.bcDIFO,0.0
pancreas,NEUROG3,neurog3_late,5.0,False,stg5diff1_S5d5_b2.bcBTYW,1.0204788
pancreas,NEUROG3,neurog3_late,5.0,False,stg5diff1_S5d5_b2.bcGPXI,1.7613868
pancreas,NEUROG3,neurog3_late,5.0,False,stg5diff1_S5d5_b2.bcFJFE,1.8046713
pancreas,NEUROG3,neurog3_late,5.0,False,stg5diff1_S5d5_b2.bcEQYE,1.6306086
pancreas,NEUROG3,neurog3_late,5.0,False,stg5diff1_S5d5_b2.bcEGKF,0.770752
pancreas,NEUROG3,neurog3_late,5.0,False,stg5diff1_S5d5_b2.bcDWAX,0.0
pancreas,NEUROG3,neurog3_late,5.0,False,stg5diff1_S5d5_b2.bcBAWQ,1.426776
pancreas,NEUROG3,neurog3_late,5.0,False,stg5diff1_S5d5_b2.bcBARR,0.5616386
pancreas,NEUROG3,neurog3_late,5.0,False,stg5diff1_S5d5_b2.bcHRMS,0.0
pancreas,NEUROG3,neurog3_late,5.0,False,stg5diff1_S5d5_b2.bcAKAR,1.1456186
pancreas,NEUROG3,neurog3_late,5.0,False,stg5diff1_S5d5_b2.bcGAIR,0.6508095
pancreas,NEUROG3,neurog3_late,5.0,False,stg5diff1_S5d5_b2.bcIJFI,1.7811751
pancreas,NEUROG3,neurog3_late,5.0,False,stg5diff1_S5d5_b2.bcBRTB,1.4417303
pancreas,NEUROG3,neurog3_late,5.0,False,stg5diff1_S5d5_b2.bcHALH,1.4697917
pancreas,NEUROG3,neurog3_late,5.0,False,stg5diff1_S5d5_b2.bcGGKI,0.0
pancreas,NEUROG3,neurog3_late,5.0,False,stg5diff1_S5d5_b2.bcDXQA,1.1652982
pancreas,NEUROG3,neurog3_late,5.0,False,stg5diff1_S5d5_b2.bcGMMG,0.85969824
pancreas,NEUROG3,neurog3_late,5.0,False,stg5diff1_S5d5_b2.bcCQUC,1.6693009
pancreas,NEUROG3,neurog3_late,5.0,False,stg5diff1_S5d5_b2.bcGBNF,1.14663
pancreas,NEUROG3,neurog3_late,5.0,False,stg5diff1_S5d5_b2.bcDUNR,0.84276587
pancreas,NEUROG3,neurog3_late,5.0,False,stg5diff1_S5d5_b2.bcGZXM,1.0103507
pancreas,NEUROG3,neurog3_late,5.0,False,stg5diff1_S5d5_b2.bcHEWM,0.78566206
pancreas,NEUROG3,neurog3_late,5.0,False,stg5diff1_S5d5_b2.bcIJKL,1.0036485
pancreas,NEUROG3,neurog3_late,5.0,False,stg5diff1_S5d5_b2.bcFYEM,1.0740635
pancreas,NEUROG3,neurog3_late,5.0,False,stg5diff1_S5d5_b2.bcCOYK,1.5191834
pancreas,NEUROG3,neurog3_late,5.0,False,stg5diff1_S5d5_b2.bcDDFH,0.58850414
pancreas,NEUROG3,neurog3_late,5.0,False,stg5diff1_S5d5_b2.bcAWXN,1.6376641
pancreas,NEUROG3,neurog3_late,5.0,False,stg5diff1_S5d5_b2.bcCYIR,1.9539597
pancreas,NEUROG3,neurog3_late,5.0,False,stg5diff1_S5d5_b2.bcFRHU,1.2631415
pancreas,NEUROG3,neurog3_late,5.0,False,stg5diff1_S5d5_b2.bcCGMQ,0.86181515
pancreas,NEUROG3,neurog3_late,5.0,False,stg5diff1_S5d5_b2.bcHUDG,0.0
pancreas,NEUROG3,neurog3_late,5.0,False,stg5diff1_S5d5_b2.bcCLDQ,0.0
pancreas,NEUROG3,neurog3_late,5.0,False,stg5diff1_S5d5_b2.bcEJPD,1.1606934
pancreas,NEUROG3,neurog3_late,5.0,False,stg5diff1_S5d5_b2.bcFZRK,0.0
pancreas,NEUROG3,neurog3_late,5.0,False,stg5diff1_S5d5_b2.bcFUCP,0.0
pancreas,NEUROG3,neurog3_late,5.0,False,stg5diff1_S5d5_b2.bcFTGU,0.44785604
pancreas,NEUROG3,neurog3_late,5.0,False,stg5diff1_S5d5_b2.bcHLDO,1.2837689
pancreas,NEUROG3,neurog3_late,5.0,False,stg5diff1_S5d5_b2.bcCKWE,0.0
pancreas,NEUROG3,neurog3_late,5.0,False,stg5diff1_S5d5_b2.bcGCKZ,0.0
pancreas,NEUROG3,neurog3_late,5.0,False,stg5diff1_S5d5_b2.bcBRWG,1.2302629
pancreas,NEUROG3,neurog3_late,5.0,False,stg5diff1_S5d5_b2.bcCBNI,1.786977
pancreas,NEUROG3,neurog3_late,5.0,False,stg5diff1_S5d5_b2.bcDQPU,0.0
pancreas,NEUROG3,neurog3_late,5.0,False,stg5diff1_S5d5_b2.bcAVJW,2.2299824
pancreas,NEUROG3,neurog3_late,5.0,False,stg5diff1_S5d5_b2.bcBRZS,1.6169114
pancreas,NEUROG3,neurog3_late,5.0,False,stg5diff1_S5d5_b2.bcFMWE,0.5805433
pancreas,NEUROG3,neurog3_late,5.0,False,stg5diff1_S5d5_b2.bcAEGT,1.98751
pancreas,NEUROG3,neurog3_late,5.0,False,stg5diff1_S5d5_b2.bcAORP,0.0
pancreas,NEUROG3,neurog3_late,5.0,False,stg5diff1_S5d5_b2.bcAPXR,0.742531
pancreas,NEUROG3,neurog3_late,5.0,False,stg5diff1_S5d5_b2.bcGMJQ,0.0
pancreas,NEUROG3,neurog3_late,5.0,False,stg5diff1_S5d5_b2.bcGQOU,0.7869111
pancreas,NEUROG3,neurog3_late,5.0,False,stg5diff1_S5d5_b2.bcEYHD,1.4059
pancreas,NEUROG3,neurog3_late,5.0,False,stg5diff1_S5d5_b2.bcGGBM,1.4619234
pancreas,NEUROG3,neurog3_late,5.0,False,stg5diff1_S5d5_b2.bcFOLH,1.6968626
pancreas,NEUROG3,neurog3_late,5.0,False,stg5diff1_S5d5_b2.bcADLF,0.67160106
pancreas,NEUROG3,neurog3_late,5.0,False,stg5diff1_S5d5_b2.bcGULT,0.6205871
pancreas,NEUROG3,neurog3_late,5.0,False,stg5diff1_S5d5_b2.bcBPIO,0.0
pancreas,NEUROG3,neurog3_late,5.0,False,stg5diff1_S5d5_b2.bcGQZD,1.6681274
pancreas,NEUROG3,neurog3_late,5.0,False,stg5diff1_S5d5_b2.bcDRDU,0.9005762
pancreas,NEUROG3,neurog3_late,5.0,False,stg5diff1_S5d5_b2.bcHUCQ,0.0
pancreas,NEUROG3,neurog3_late,5.0,False,stg5diff1_S5d5_b2.bcHIQI,0.0
pancreas,NEUROG3,neurog3_late,5.0,False,stg5diff1_S5d5_b2.bcGNDH,0.0
pancreas,NEUROG3,neurog3_late,5.0,False,stg5diff1_S5d5_b2.bcIJHT,1.321451
pancreas,NEUROG3,neurog3_late,5.0,False,stg5diff1_S5d5_b2.bcARWK,0.4072646
pancreas,NEUROG3,neurog3_late,5.0,False,stg5diff1_S5d5_b2.bcCJIW,0.0
pancreas,NEUROG3,neurog3_late,5.0,False,stg5diff1_S5d5_b2.bcALFF,1.1192478
pancreas,NEUROG3,neurog3_late,5.0,False,stg5diff1_S5d5_b2.bcGJXT,0.96569026
pancreas,NEUROG3,neurog3_late,5.0,False,stg5diff1_S5d5_b2.bcDCAT,0.0
pancreas,NEUROG3,neurog3_late,5.0,False,stg5diff1_S5d5_b2.bcCYWZ,0.0
pancreas,NEUROG3,neurog3_late,5.0,False,stg5diff1_S5d5_b2.bcFXKV,0.9876783
pancreas,NEUROG3,neurog3_late,5.0,False,stg5diff1_S5d5_b2.bcFEIY,0.0
pancreas,NEUROG3,neurog3_late,5.0,False,stg5diff1_S5d5_b2.bcIIWJ,0.71597695
pancreas,NEUROG3,neurog3_late,5.0,False,stg5diff1_S5d5_b2.bcCMBJ,0.64521784
pancreas,NEUROG3,neurog3_late,5.0,False,stg5diff1_S5d5_b2.bcFRUD,0.0
pancreas,NEUROG3,neurog3_late,5.0,False,stg5diff1_S5d5_b2.bcGCWB,0.8371191
pancreas,NEUROG3,neurog3_late,5.0,False,stg5diff1_S5d5_b2.bcIAFF,0.0
pancreas,NEUROG3,neurog3_late,5.0,False,stg5diff1_S5d5_b2.bcAAMM,0.84605676
pancreas,NEUROG3,neurog3_late,5.0,False,stg5diff1_S5d5_b2.bcHIXW,0.61499166
pancreas,NEUROG3,neurog3_late,5.0,False,stg5diff1_S5d5_b2.bcCTTK,1.0301626
pancreas,NEUROG3,neurog3_late,5.0,False,stg5diff1_S5d5_b2.bcHXIZ,0.0
pancreas,NEUROG3,neurog3_late,5.0,False,stg5diff1_S5d5_b2.bcDBYE,0.8510444
pancreas,NEUROG3,neurog3_late,5.0,False,stg5diff1_S5d5_b2.bcABOU,0.0
pancreas,NEUROG3,neurog3_late,5.0,False,stg5diff1_S5d5_b2.bcAMQD,0.7086636
pancreas,NEUROG3,neurog3_late,5.0,False,stg5diff1_S5d5_b2.bcGQYG,1.3177233
pancreas,NEUROG3,neurog3_late,5.0,False,stg5diff1_S5d5_b2.bcEVMI,0.39997527
pancreas,NEUROG3,neurog3_late,5.0,False,stg5diff1_S5d5_b2.bcGYBJ,2.265935
pancreas,NEUROG3,neurog3_late,5.0,False,stg5diff1_S5d5_b2.bcIEUT,0.0
pancreas,NEUROG3,neurog3_late,5.0,False,stg5diff1_S5d5_b2.bcESFI,0.6502206
pancreas,NEUROG3,neurog3_late,5.0,False,stg5diff1_S5d5_b2.bcAJCA,0.80145144
pancreas,NEUROG3,neurog3_late,5.0,False,stg5diff1_S5d5_b2.bcAIEC,1.0090733
pancreas,NEUROG3,neurog3_late,5.0,False,stg5diff1_S5d5_b2.bcFDXE,1.3645267
pancreas,NEUROG3,neurog3_late,5.0,False,stg5diff1_S5d5_b2.bcGZFP,0.536495
pancreas,NEUROG3,neurog3_late,5.0,False,stg5diff1_S5d5_b2.bcDYBY,0.70987165
pancreas,NEUROG3,neurog3_late,5.0,False,stg5diff1_S5d5_b2.bcGXEX,0.0
pancreas,NEUROG3,neurog3_late,5.0,False,stg5diff1_S5d5_b2.bcBVDR,1.0835719
pancreas,NEUROG3,neurog3_late,5.0,False,stg5diff1_S5d5_b2.bcEKMN,0.0
pancreas,NEUROG3,neurog3_late,5.0,False,stg5diff1_S5d5_b2.bcFQPB,1.665675
pancreas,NEUROG3,neurog3_late,5.0,False,stg5diff1_S5d5_b2.bcHMCW,0.49559075
pancreas,NEUROG3,neurog3_late,5.0,False,stg5diff1_S5d5_b2.bcFBDW,0.0
pancreas,NEUROG3,neurog3_late,5.0,False,stg5diff1_S5d5_b2.bcEBBO,0.0
pancreas,NEUROG3,neurog3_late,5.0,False,stg5diff1_S5d5_b2.bcEMYE,0.0
pancreas,NEUROG3,neurog3_late,5.0,False,stg5diff1_S5d5_b2.bcIDZE,0.0
pancreas,NEUROG3,neurog3_late,5.0,False,stg5diff1_S5d5_b2.bcBUFF,0.0
pancreas,NEUROG3,neurog3_late,5.0,False,stg5diff1_S5d5_b2.bcHFAF,1.3066825
pancreas,NEUROG3,neurog3_late,5.0,False,stg5diff1_S5d5_b2.bcCUTW,0.0
pancreas,NEUROG3,neurog3_late,5.0,False,stg5diff1_S5d5_b2.bcCQTO,0.0
pancreas,NEUROG3,neurog3_late,5.0,False,stg5diff1_S5d5_b2.bcCMQZ,0.0
pancreas,NEUROG3,neurog3_late,5.0,False,stg5diff1_S5d5_b2.bcHNBZ,0.0
pancreas,NEUROG3,neurog3_late,5.0,False,stg5diff1_S5d5_b2.bcIDUE,0.0
pancreas,NEUROG3,neurog3_late,5.0,False,stg5diff1_S5d5_b2.bcFYZR,2.0837684
pancreas,NEUROG3,neurog3_late,5.0,False,stg5diff1_S5d5_b2.bcFWRR,0.0
pancreas,NEUROG3,neurog3_late,5.0,False,stg5diff1_S5d5_b2.bcEXCR,1.7519484
pancreas,NEUROG3,neurog3_late,5.0,False,stg5diff1_S5d5_b2.bcHXPK,0.0
pancreas,NEUROG3,neurog3_late,5.0,False,stg5diff2_S5d5_b2.bcFUYH,0.0
pancreas,NEUROG3,neurog3_late,5.0,False,stg5diff2_S5d5_b2.bcBCAW,0.0
pancreas,NEUROG3,neurog3_late,5.0,False,stg5diff2_S5d5_b2.bcERHL,1.1366034
pancreas,NEUROG3,neurog3_late,5.0,False,stg5diff2_S5d5_b2.bcIFTP,1.0822494
pancreas,NEUROG3,neurog3_late,5.0,False,stg5diff2_S5d5_b2.bcDERZ,1.5194212
pancreas,NEUROG3,neurog3_late,5.0,False,stg5diff2_S5d5_b2.bcFHFK,1.5676078
pancreas,NEUROG3,neurog3_late,5.0,False,stg5diff2_S5d5_b2.bcFBHE,0.9898484
pancreas,NEUROG3,neurog3_late,5.0,False,stg5diff2_S5d5_b2.bcHFHT,0.0
pancreas,NEUROG3,neurog3_late,5.0,False,stg5diff2_S5d5_b2.bcHEDK,1.4506879
pancreas,NEUROG3,neurog3_late,5.0,False,stg5diff2_S5d5_b2.bcHXIP,0.6057725
pancreas,NEUROG3,neurog3_late,5.0,False,stg5diff2_S5d5_b2.bcGNAI,0.0
pancreas,NEUROG3,neurog3_late,5.0,False,stg5diff2_S5d5_b2.bcFEEB,0.0
pancreas,NEUROG3,neurog3_late,5.0,False,stg5diff2_S5d5_b2.bcFTIW,1.9176598
pancreas,NEUROG3,neurog3_late,5.0,False,stg5diff2_S5d5_b2.bcGWIP,1.2715855
pancreas,NEUROG3,neurog3_late,5.0,False,stg5diff2_S5d5_b2.bcCDHB,0.0
pancreas,NEUROG3,neurog3_late,5.0,False,stg5diff2_S5d5_b2.bcFTJJ,0.52880114
pancreas,NEUROG3,neurog3_late,5.0,False,stg5diff2_S5d5_b2.bcFQZQ,0.67979234
pancreas,NEUROG3,neurog3_late,5.0,False,stg5diff2_S5d5_b2.bcCASV,0.73583716
pancreas,NEUROG3,neurog3_late,5.0,False,stg5diff2_S5d5_b2.bcHDYP,0.0
pancreas,NEUROG3,neurog3_late,5.0,False,stg5diff2_S5d5_b2.bcDXIM,0.0
pancreas,NEUROG3,neurog3_late,5.0,False,stg5diff2_S5d5_b2.bcETUG,1.2962202
pancreas,NEUROG3,neurog3_late,5.0,False,stg5diff2_S5d5_b2.bcHTMN,0.0
pancreas,NEUROG3,neurog3_late,5.0,False,stg5diff2_S5d5_b2.bcHUSC,0.0
pancreas,NEUROG3,neurog3_late,5.0,False,stg5diff2_S5d5_b2.bcAXHL,1.4117275
pancreas,NEUROG3,neurog3_late,5.0,False,stg5diff2_S5d5_b2.bcIBDI,0.82229215
pancreas,NEUROG3,neurog3_late,5.0,False,stg5diff2_S5d5_b2.bcDRAP,0.5201585
pancreas,NEUROG3,neurog3_late,5.0,False,stg5diff2_S5d5_b2.bcHFZK,2.4153512
pancreas,NEUROG3,neurog3_late,5.0,False,stg5diff2_S5d5_b2.bcBFIF,1.786977
pancreas,NEUROG3,neurog3_late,5.0,False,stg5diff2_S5d5_b2.bcAXUN,1.8809539
pancreas,NEUROG3,neurog3_late,5.0,False,stg5diff2_S5d5_b2.bcDOBE,0.6708828
pancreas,NEUROG3,neurog3_late,5.0,False,stg5diff2_S5d5_b2.bcFOBN,1.3765846
pancreas,NEUROG3,neurog3_late,5.0,False,stg5diff2_S5d5_b2.bcEAHL,0.8296356
pancreas,NEUROG3,neurog3_late,5.0,False,stg5diff2_S5d5_b2.bcIHQZ,1.5220432
pancreas,NEUROG3,neurog3_late,5.0,False,stg5diff2_S5d5_b2.bcESEH,0.0
pancreas,NEUROG3,neurog3_late,5.0,False,stg5diff2_S5d5_b2.bcBMPD,0.0
pancreas,NEUROG3,neurog3_late,5.0,False,stg5diff2_S5d5_b2.bcICQG,0.71088165
pancreas,NEUROG3,neurog3_late,5.0,False,stg5diff2_S5d5_b2.bcECJL,0.0
pancreas,NEUROG3,neurog3_late,5.0,False,stg5diff2_S5d5_b2.bcFTGQ,1.0983565
pancreas,NEUROG3,neurog3_late,5.0,False,stg5diff2_S5d5_b2.bcFSFW,1.274191
pancreas,NEUROG3,neurog3_late,5.0,False,stg5diff2_S5d5_b2.bcCZWL,0.60410714
pancreas,NEUROG3,neurog3_late,5.0,False,stg5diff2_S5d5_b2.bcFWPE,0.0
pancreas,NEUROG3,neurog3_late,5.0,False,stg5diff2_S5d5_b2.bcBLTU,0.94620776
pancreas,NEUROG3,neurog3_late,5.0,False,stg5diff2_S5d5_b2.bcDKRK,0.0
pancreas,NEUROG3,neurog3_late,5.0,False,stg5diff2_S5d5_b2.bcFULB,0.5694557
pancreas,NEUROG3,neurog3_late,5.0,False,stg5diff2_S5d5_b2.bcBLIF,1.1672841
pancreas,NEUROG3,neurog3_late,5.0,False,stg5diff2_S5d5_b2.bcDSBB,0.0
pancreas,NEUROG3,neurog3_late,5.0,False,stg5diff2_S5d5_b2.bcHPAE,0.0
pancreas,NEUROG3,neurog3_late,5.0,False,stg5diff2_S5d5_b2.bcGAKT,1.2852196
pancreas,NEUROG3,neurog3_late,5.0,False,stg5diff2_S5d5_b2.bcFYKS,1.2042416
pancreas,NEUROG3,neurog3_late,5.0,False,stg5diff2_S5d5_b2.bcCWDL,0.0
pancreas,NEUROG3,neurog3_late,5.0,False,stg5diff2_S5d5_b2.bcGHII,0.0
pancreas,NEUROG3,neurog3_late,5.0,False,stg5diff2_S5d5_b2.bcESKS,0.0
pancreas,NEUROG3,neurog3_late,5.0,False,stg5diff2_S5d5_b2.bcHHWL,1.5996825
pancreas,NEUROG3,neurog3_late,5.0,False,stg5diff2_S5d5_b2.bcHGKZ,0.0
pancreas,NEUROG3,neurog3_late,5.0,False,stg5diff2_S5d5_b2.bcEWQU,0.5469996
pancreas,NEUROG3,neurog3_late,5.0,False,stg5diff2_S5d5_b2.bcDOXB,0.0
pancreas,NEUROG3,neurog3_late,5.0,False,stg5diff2_S5d5_b2.bcEOYU,1.4146624
pancreas,NEUROG3,neurog3_late,5.0,False,stg5diff2_S5d5_b2.bcAITL,2.0473
pancreas,NEUROG3,neurog3_late,5.0,False,stg5diff2_S5d5_b2.bcBOVT,0.0
pancreas,NEUROG3,neurog3_late,5.0,False,stg5diff2_S5d5_b2.bcFMNL,0.0
pancreas,NEUROG3,neurog3_late,5.0,False,stg5diff2_S5d5_b2.bcEMKX,0.9037512
pancreas,NEUROG3,neurog3_late,5.0,False,stg5diff2_S5d5_b2.bcFUMT,0.0
pancreas,NEUROG3,neurog3_late,5.0,False,stg5diff2_S5d5_b2.bcCKFS,1.1289377
pancreas,NEUROG3,neurog3_late,5.0,False,stg5diff2_S5d5_b2.bcCKLU,2.4982421
pancreas,NEUROG3,neurog3_late,5.0,False,stg5diff2_S5d5_b2.bcCHKZ,0.7347519
pancreas,NEUROG3,neurog3_late,5.0,False,stg5diff2_S5d5_b2.bcGXIQ,0.0
pancreas,NEUROG3,neurog3_late,5.0,False,stg5diff2_S5d5_b2.bcGNSJ,0.0
pancreas,NEUROG3,neurog3_late,5.0,False,stg5diff2_S5d5_b2.bcFXCP,1.3194941
pancreas,NEUROG3,neurog3_late,5.0,False,stg5diff2_S5d5_b2.bcALCG,0.0
pancreas,NEUROG3,neurog3_late,5.0,False,stg5diff2_S5d5_b2.bcGQMV,0.0
pancreas,NEUROG3,neurog3_late,5.0,False,stg5diff2_S5d5_b2.bcAMRL,1.4325744
pancreas,NEUROG3,neurog3_late,5.0,False,stg5diff2_S5d5_b2.bcEYZZ,0.65360063
pancreas,NEUROG3,neurog3_late,5.0,False,stg5diff2_S5d5_b2.bcAULY,1.6386256
pancreas,NEUROG3,neurog3_late,5.0,False,stg5diff2_S5d5_b2.bcFEGQ,0.88891923
pancreas,NEUROG3,neurog3_late,5.0,False,stg5diff2_S5d5_b2.bcGUEQ,0.0
pancreas,NEUROG3,neurog3_late,5.0,False,stg5diff2_S5d5_b2.bcAQKK,0.9563154
pancreas,NEUROG3,neurog3_late,5.0,False,stg5diff2_S5d5_b2.bcAJRS,1.7782917
pancreas,NEUROG3,neurog3_late,5.0,False,stg5diff2_S5d5_b2.bcCTUU,1.0705044
pancreas,NEUROG3,neurog3_late,5.0,False,stg5diff2_S5d5_b2.bcDHLP,0.7143382
pancreas,NEUROG3,neurog3_late,5.0,False,stg5diff2_S5d5_b2.bcANCW,0.41269523
pancreas,NEUROG3,neurog3_late,5.0,False,stg5diff2_S5d5_b2.bcCSDB,1.2192957
pancreas,NEUROG3,neurog3_late,5.0,False,stg5diff2_S5d5_b2.bcAQTT,1.1511496
pancreas,NEUROG3,neurog3_late,5.0,False,stg5diff2_S5d5_b2.bcIGKN,1.7492316
pancreas,NEUROG3,neurog3_late,5.0,False,stg5diff2_S5d5_b2.bcATWC,1.092255
pancreas,NEUROG3,neurog3_late,5.0,False,stg5diff2_S5d5_b2.bcGFEJ,1.1479442
pancreas,NEUROG3,neurog3_late,5.0,False,stg5diff2_S5d5_b2.bcDFON,0.9376556
pancreas,NEUROG3,neurog3_late,5.0,False,stg5diff2_S5d5_b2.bcFJKP,1.5891742
pancreas,NEUROG3,neurog3_late,5.0,False,stg5diff2_S5d5_b2.bcBOBD,0.0
pancreas,NEUROG3,neurog3_late,5.0,False,stg5diff2_S5d5_b2.bcALUX,1.5502374
pancreas,NEUROG3,neurog3_late,5.0,False,stg5diff2_S5d5_b2.bcCJIE,0.0
pancreas,NEUROG3,neurog3_late,5.0,False,stg5diff2_S5d5_b2.bcGSIG,1.249346
pancreas,NEUROG3,neurog3_late,5.0,False,stg5diff2_S5d5_b2.bcGNAT,1.9566808
pancreas,NEUROG3,neurog3_late,5.0,False,stg5diff2_S5d5_b2.bcDMQY,0.0
pancreas,NEUROG3,neurog3_late,5.0,False,stg5diff2_S5d5_b2.bcEGAS,0.74935347
pancreas,NEUROG3,neurog3_late,5.0,False,stg5diff2_S5d5_b2.bcEYLW,0.6080322
pancreas,NEUROG3,neurog3_late,5.0,False,stg5diff2_S5d5_b2.bcDZDZ,0.0
pancreas,NEUROG3,neurog3_late,5.0,False,stg5diff2_S5d5_b2.bcGLBF,0.5579347
pancreas,NEUROG3,neurog3_late,5.0,False,stg5diff2_S5d5_b2.bcHPBK,1.0157107
pancreas,NEUROG3,neurog3_late,5.0,False,stg5diff2_S5d5_b2.bcIHHR,0.9624154
pancreas,NEUROG3,neurog3_late,5.0,False,stg5diff2_S5d5_b2.bcEUEA,1.0787947
pancreas,NEUROG3,neurog3_late,5.0,False,stg5diff2_S5d5_b2.bcCGID,0.0
pancreas,NEUROG3,neurog3_late,5.0,False,stg5diff2_S5d5_b2.bcESGA,0.0
pancreas,NEUROG3,neurog3_late,5.0,False,stg5diff2_S5d5_b2.bcDMWZ,1.5646167
pancreas,NEUROG3,neurog3_late,5.0,False,stg5diff2_S5d5_b2.bcGTKH,0.0
pancreas,NEUROG3,neurog3_late,5.0,False,stg5diff2_S5d5_b2.bcBCME,0.0
pancreas,NEUROG3,neurog3_late,5.0,False,stg5diff2_S5d5_b2.bcGFKZ,1.1421497
pancreas,NEUROG3,neurog3_late,5.0,False,stg5diff2_S5d5_b2.bcAADI,1.3763014
pancreas,NEUROG3,neurog3_late,5.0,False,stg5diff2_S5d5_b2.bcGSIT,1.7973797
pancreas,NEUROG3,neurog3_late,5.0,False,stg5diff2_S5d5_b2.bcAIXE,0.7738795
pancreas,NEUROG3,neurog3_late,5.0,False,stg5diff2_S5d5_b2.bcGIKV,0.0
pancreas,NEUROG3,neurog3_late,5.0,False,stg5diff2_S5d5_b2.bcDLHE,1.234889
pancreas,NEUROG3,neurog3_late,5.0,False,stg5diff2_S5d5_b2.bcEUVI,0.0
pancreas,NEUROG3,neurog3_late,5.0,False,stg5diff2_S5d5_b2.bcHNJA,0.0
pancreas,NEUROG3,neurog3_late,5.0,False,stg5diff2_S5d5_b2.bcCLSE,1.3802216
pancreas,NEUROG3,neurog3_late,6.0,True,stg5diff1_S5d6_b1.bcDHZN,0.0
pancreas,NEUROG3,neurog3_late,6.0,True,stg5diff1_S5d6_b1.bcHHYK,0.39515635
pancreas,NEUROG3,neurog3_late,6.0,True,stg5diff1_S5d6_b1.bcFXJJ,1.6565138
pancreas,NEUROG3,neurog3_late,6.0,True,stg5diff1_S5d6_b1.bcHVDU,0.5998334
pancreas,NEUROG3,neurog3_late,6.0,True,stg5diff1_S5d6_b1.bcHXLU,0.35926065
pancreas,NEUROG3,neurog3_late,6.0,True,stg5diff1_S5d6_b1.bcCJYC,0.7364418
pancreas,NEUROG3,neurog3_late,6.0,True,stg5diff1_S5d6_b1.bcCSWO,1.2673264
pancreas,NEUROG3,neurog3_late,6.0,True,stg5diff1_S5d6_b1.bcCAGZ,1.7227329
pancreas,NEUROG3,neurog3_late,6.0,True,stg5diff1_S5d6_b1.bcAGYJ,1.3419862
pancreas,NEUROG3,neurog3_late,6.0,True,stg5diff1_S5d6_b1.bcFQWB,0.5504792
pancreas,NEUROG3,neurog3_late,6.0,True,stg5diff1_S5d6_b1.bcHKFB,0.0
pancreas,NEUROG3,neurog3_late,6.0,True,stg5diff1_S5d6_b1.bcCCPI,0.64635766
pancreas,NEUROG3,neurog3_late,6.0,True,stg5diff1_S5d6_b1.bcGCLW,0.32661444
pancreas,NEUROG3,neurog3_late,6.0,True,stg5diff1_S5d6_b1.bcGPCS,0.0
pancreas,NEUROG3,neurog3_late,6.0,True,stg5diff1_S5d6_b1.bcCREJ,1.1452606
pancreas,NEUROG3,neurog3_late,6.0,True,stg5diff1_S5d6_b1.bcFRVE,0.0
pancreas,NEUROG3,neurog3_late,6.0,True,stg5diff1_S5d6_b1.bcECPL,1.7894763
pancreas,NEUROG3,neurog3_late,6.0,True,stg5diff1_S5d6_b1.bcGIMT,0.0
pancreas,NEUROG3,neurog3_late,6.0,True,stg5diff1_S5d6_b1.bcAMGJ,0.4159553
pancreas,NEUROG3,neurog3_late,6.0,True,stg5diff1_S5d6_b1.bcGKAG,0.73328465
pancreas,NEUROG3,neurog3_late,6.0,True,stg5diff1_S5d6_b1.bcACAN,0.6615724
pancreas,NEUROG3,neurog3_late,6.0,True,stg5diff1_S5d6_b1.bcFKIG,0.5759004
pancreas,NEUROG3,neurog3_late,6.0,True,stg5diff1_S5d6_b1.bcALLL,0.0
pancreas,NEUROG3,neurog3_late,6.0,True,stg5diff1_S5d6_b1.bcGFVL,0.33100516
pancreas,NEUROG3,neurog3_late,6.0,True,stg5diff1_S5d6_b1.bcDFMG,0.0
pancreas,NEUROG3,neurog3_late,6.0,True,stg5diff1_S5d6_b1.bcEXTI,0.0
pancreas,NEUROG3,neurog3_late,6.0,True,stg5diff1_S5d6_b1.bcEZFP,0.0
pancreas,NEUROG3,neurog3_late,6.0,True,stg5diff1_S5d6_b1.bcFNNT,0.0
pancreas,NEUROG3,neurog3_late,6.0,True,stg5diff1_S5d6_b1.bcFHCO,0.0
pancreas,NEUROG3,neurog3_late,6.0,True,stg5diff1_S5d6_b1.bcHSWG,0.33260226
pancreas,NEUROG3,neurog3_late,6.0,True,stg5diff1_S5d6_b1.bcCXZY,0.0
pancreas,NEUROG3,neurog3_late,6.0,True,stg5diff1_S5d6_b1.bcGMDC,0.0
pancreas,NEUROG3,neurog3_late,6.0,True,stg5diff1_S5d6_b1.bcFXYH,0.0
pancreas,NEUROG3,neurog3_late,6.0,True,stg5diff1_S5d6_b1.bcAMIP,0.8200547
pancreas,NEUROG3,neurog3_late,6.0,True,stg5diff1_S5d6_b1.bcIIHQ,2.0054965
pancreas,NEUROG3,neurog3_late,6.0,True,stg5diff1_S5d6_b1.bcDZQB,0.0
pancreas,NEUROG3,neurog3_late,6.0,True,stg5diff1_S5d6_b1.bcATFQ,0.0
pancreas,NEUROG3,neurog3_late,6.0,True,stg5diff1_S5d6_b1.bcGMAC,0.0
pancreas,NEUROG3,neurog3_late,6.0,True,stg5diff1_S5d6_b1.bcHOCB,0.0
pancreas,NEUROG3,neurog3_late,6.0,True,stg5diff1_S5d6_b1.bcEQON,1.3433217
pancreas,NEUROG3,neurog3_late,6.0,True,stg5diff1_S5d6_b1.bcEJAS,0.0
pancreas,NEUROG3,neurog3_late,6.0,True,stg5diff1_S5d6_b1.bcCKUZ,0.45837316
pancreas,NEUROG3,neurog3_late,6.0,True,stg5diff1_S5d6_b1.bcBZEG,1.1142943
pancreas,NEUROG3,neurog3_late,6.0,True,stg5diff1_S5d6_b1.bcFFMR,0.0
pancreas,NEUROG3,neurog3_late,6.0,True,stg5diff1_S5d6_b1.bcDFQS,0.65105575
pancreas,NEUROG3,neurog3_late,6.0,True,stg5diff1_S5d6_b1.bcDRYU,0.0
pancreas,NEUROG3,neurog3_late,6.0,True,stg5diff1_S5d6_b1.bcHKWJ,0.5563498
pancreas,NEUROG3,neurog3_late,6.0,True,stg5diff1_S5d6_b1.bcCCOE,1.0916337
pancreas,NEUROG3,neurog3_late,6.0,True,stg5diff1_S5d6_b1.bcHTLP,0.0
pancreas,NEUROG3,neurog3_late,6.0,True,stg5diff1_S5d6_b1.bcGBHX,1.4176952
pancreas,NEUROG3,neurog3_late,6.0,True,stg5diff1_S5d6_b1.bcESQS,0.0
pancreas,NEUROG3,neurog3_late,6.0,True,stg5diff1_S5d6_b1.bcHMXV,0.96426594
pancreas,NEUROG3,neurog3_late,6.0,True,stg5diff1_S5d6_b1.bcDOEB,0.0
pancreas,NEUROG3,neurog3_late,6.0,True,stg5diff1_S5d6_b1.bcETED,0.0
pancreas,NEUROG3,neurog3_late,6.0,True,stg5diff1_S5d6_b1.bcESUC,0.0
pancreas,NEUROG3,neurog3_late,6.0,True,stg5diff1_S5d6_b1.bcIFGM,0.0
pancreas,NEUROG3,neurog3_late,6.0,True,stg5diff1_S5d6_b1.bcBAMS,1.5617483
pancreas,NEUROG3,neurog3_late,6.0,True,stg5diff1_S5d6_b1.bcCSRC,0.0
pancreas,NEUROG3,neurog3_late,6.0,True,stg5diff1_S5d6_b1.bcFJIA,1.0447031
pancreas,NEUROG3,neurog3_late,6.0,True,stg5diff1_S5d6_b1.bcEWYB,0.0
pancreas,NEUROG3,neurog3_late,6.0,True,stg5diff1_S5d6_b1.bcBDBA,0.0
pancreas,NEUROG3,neurog3_late,6.0,True,stg5diff1_S5d6_b1.bcFUPA,0.4295096
pancreas,NEUROG3,neurog3_late,6.0,True,stg5diff1_S5d6_b1.bcEMEL,0.6673512
pancreas,NEUROG3,neurog3_late,6.0,True,stg5diff1_S5d6_b1.bcFJDG,0.0
pancreas,NEUROG3,neurog3_late,6.0,True,stg5diff1_S5d6_b1.bcCCTV,0.0
pancreas,NEUROG3,neurog3_late,6.0,True,stg5diff1_S5d6_b1.bcFCZZ,0.43755898
pancreas,NEUROG3,neurog3_late,6.0,True,stg5diff1_S5d6_b1.bcFNCW,0.0
pancreas,NEUROG3,neurog3_late,6.0,True,stg5diff1_S5d6_b1.bcBFGI,0.0
pancreas,NEUROG3,neurog3_late,6.0,True,stg5diff1_S5d6_b1.bcDHDT,0.79531485
pancreas,NEUROG3,neurog3_late,6.0,True,stg5diff1_S5d6_b1.bcHFYY,1.0405246
pancreas,NEUROG3,neurog3_late,6.0,True,stg5diff1_S5d6_b1.bcHIHM,0.0
pancreas,NEUROG3,neurog3_late,6.0,True,stg5diff1_S5d6_b1.bcDKDP,0.36158878
pancreas,NEUROG3,neurog3_late,6.0,True,stg5diff1_S5d6_b1.bcDYRD,0.0
pancreas,NEUROG3,neurog3_late,6.0,True,stg5diff1_S5d6_b1.bcBLCY,0.44428027
pancreas,NEUROG3,neurog3_late,6.0,True,stg5diff1_S5d6_b1.bcGQTN,1.1537917
pancreas,NEUROG3,neurog3_late,6.0,True,stg5diff1_S5d6_b1.bcDXWC,0.8203955
pancreas,NEUROG3,neurog3_late,6.0,True,stg5diff1_S5d6_b1.bcBLZY,0.5557418
pancreas,NEUROG3,neurog3_late,6.0,True,stg5diff1_S5d6_b1.bcCZZY,0.0
pancreas,NEUROG3,neurog3_late,6.0,True,stg5diff1_S5d6_b1.bcCBSN,0.48576134
pancreas,NEUROG3,neurog3_late,6.0,True,stg5diff1_S5d6_b1.bcDWXL,0.87399
pancreas,NEUROG3,neurog3_late,6.0,True,stg5diff2_S5d6_b1.bcEDTG,0.0
pancreas,NEUROG3,neurog3_late,6.0,True,stg5diff2_S5d6_b1.bcBPQO,0.0
pancreas,NEUROG3,neurog3_late,6.0,True,stg5diff2_S5d6_b1.bcACSE,0.0
pancreas,NEUROG3,neurog3_late,6.0,True,stg5diff2_S5d6_b1.bcFHAI,0.61244637
pancreas,NEUROG3,neurog3_late,6.0,True,stg5diff2_S5d6_b1.bcDEYF,0.0
pancreas,NEUROG3,neurog3_late,6.0,True,stg5diff2_S5d6_b1.bcBAUU,0.0
pancreas,NEUROG3,neurog3_late,6.0,True,stg5diff2_S5d6_b1.bcACPZ,0.0
pancreas,NEUROG3,neurog3_late,6.0,True,stg5diff2_S5d6_b1.bcEHOS,0.0
pancreas,NEUROG3,neurog3_late,6.0,True,stg5diff2_S5d6_b1.bcDZFQ,0.58876795
pancreas,NEUROG3,neurog3_late,6.0,True,stg5diff2_S5d6_b1.bcHZTH,0.0
pancreas,NEUROG3,neurog3_late,6.0,True,stg5diff2_S5d6_b1.bcANNO,0.0
pancreas,NEUROG3,neurog3_late,6.0,True,stg5diff2_S5d6_b1.bcHCUL,0.0
pancreas,NEUROG3,neurog3_late,6.0,True,stg5diff2_S5d6_b1.bcDGWN,0.0
pancreas,NEUROG3,neurog3_late,6.0,True,stg5diff2_S5d6_b1.bcFCDE,0.94681036
pancreas,NEUROG3,neurog3_late,6.0,True,stg5diff2_S5d6_b1.bcIHYK,2.0332103
pancreas,NEUROG3,neurog3_late,6.0,True,stg5diff2_S5d6_b1.bcHMGJ,0.0
pancreas,NEUROG3,neurog3_late,6.0,True,stg5diff2_S5d6_b1.bcABQP,0.0
pancreas,NEUROG3,neurog3_late,6.0,True,stg5diff2_S5d6_b1.bcCVOX,0.0
pancreas,NEUROG3,neurog3_late,6.0,True,stg5diff2_S5d6_b1.bcEARL,0.0
pancreas,NEUROG3,neurog3_late,6.0,True,stg5diff2_S5d6_b1.bcCKSZ,0.5182823
pancreas,NEUROG3,neurog3_late,6.0,True,stg5diff2_S5d6_b1.bcFQBN,0.98949605
pancreas,NEUROG3,neurog3_late,6.0,True,stg5diff2_S5d6_b1.bcHSQY,0.0
pancreas,NEUROG3,neurog3_late,6.0,True,stg5diff2_S5d6_b1.bcHXNE,0.0
pancreas,NEUROG3,neurog3_late,6.0,True,stg5diff2_S5d6_b1.bcDJTY,0.92164266
pancreas,NEUROG3,neurog3_late,6.0,True,stg5diff2_S5d6_b1.bcECZR,0.9547455
pancreas,NEUROG3,neurog3_late,6.0,True,stg5diff2_S5d6_b1.bcGIIS,0.0
pancreas,NEUROG3,neurog3_late,6.0,True,stg5diff2_S5d6_b1.bcCPDL,0.803385
pancreas,NEUROG3,neurog3_late,6.0,True,stg5diff2_S5d6_b1.bcHLBY,0.0
pancreas,NEUROG3,neurog3_late,6.0,True,stg5diff2_S5d6_b1.bcHEOS,0.0
pancreas,NEUROG3,neurog3_late,6.0,True,stg5diff2_S5d6_b1.bcBONJ,0.0
pancreas,NEUROG3,neurog3_late,6.0,True,stg5diff2_S5d6_b1.bcGNIZ,0.0
pancreas,NEUROG3,neurog3_late,6.0,True,stg5diff2_S5d6_b1.bcHKVS,0.0
pancreas,NEUROG3,neurog3_late,6.0,True,stg5diff2_S5d6_b1.bcERFW,0.0
pancreas,NEUROG3,neurog3_late,6.0,True,stg5diff2_S5d6_b1.bcHIKA,0.0
pancreas,NEUROG3,neurog3_late,6.0,True,stg5diff2_S5d6_b1.bcFRBI,0.0
pancreas,NEUROG3,neurog3_late,6.0,True,stg5diff2_S5d6_b1.bcGBKM,0.0
pancreas,NEUROG3,neurog3_late,6.0,True,stg5diff2_S5d6_b1.bcHWXX,0.0
pancreas,NEUROG3,neurog3_late,6.0,True,stg5diff2_S5d6_b1.bcFKHR,0.0
pancreas,NEUROG3,neurog3_late,6.0,True,stg5diff2_S5d6_b1.bcHXJG,0.0
pancreas,NEUROG3,neurog3_late,6.0,True,stg5diff2_S5d6_b1.bcCATG,0.0
pancreas,NEUROG3,neurog3_late,6.0,True,stg5diff2_S5d6_b1.bcFWVF,0.0
pancreas,NEUROG3,neurog3_late,6.0,True,stg5diff2_S5d6_b1.bcCQCY,0.0
pancreas,NEUROG3,neurog3_late,6.0,True,stg5diff2_S5d6_b1.bcEDSY,0.0
pancreas,NEUROG3,neurog3_late,6.0,True,stg5diff2_S5d6_b1.bcIEHK,2.21983
pancreas,NEUROG3,neurog3_late,6.0,True,stg5diff2_S5d6_b1.bcEVEL,1.1903942
pancreas,NEUROG3,neurog3_late,6.0,True,stg5diff2_S5d6_b1.bcGIMT,0.0
pancreas,NEUROG3,neurog3_late,6.0,True,stg5diff2_S5d6_b1.bcGNVN,0.0
pancreas,NEUROG3,neurog3_late,6.0,True,stg5diff2_S5d6_b1.bcFYXI,0.5063304
pancreas,NEUROG3,neurog3_late,6.0,True,stg5diff2_S5d6_b1.bcDMVZ,0.0
pancreas,NEUROG3,neurog3_late,6.0,True,stg5diff2_S5d6_b1.bcGZEM,0.0
pancreas,NEUROG3,neurog3_late,6.0,True,stg5diff2_S5d6_b1.bcCGLI,0.0
pancreas,NEUROG3,neurog3_late,6.0,True,stg5diff2_S5d6_b1.bcDORN,0.95146084
pancreas,NEUROG3,neurog3_late,6.0,True,stg5diff2_S5d6_b1.bcFJPE,0.0
pancreas,NEUROG3,neurog3_late,6.0,True,stg5diff2_S5d6_b1.bcBUGR,0.0
pancreas,NEUROG3,neurog3_late,6.0,True,stg5diff2_S5d6_b1.bcFDTN,0.0
pancreas,NEUROG3,neurog3_late,6.0,True,stg5diff2_S5d6_b1.bcDLIN,0.0
pancreas,NEUROG3,neurog3_late,6.0,True,stg5diff2_S5d6_b1.bcBLKJ,0.58876795
pancreas,NEUROG3,neurog3_late,6.0,True,stg5diff2_S5d6_b1.bcHPDM,0.0
pancreas,NEUROG3,neurog3_late,6.0,True,stg5diff2_S5d6_b1.bcGADB,0.0
pancreas,NEUROG3,neurog3_late,6.0,True,stg5diff2_S5d6_b1.bcEIHN,2.106747
pancreas,NEUROG3,neurog3_late,6.0,True,stg5diff2_S5d6_b1.bcDDRD,0.0
pancreas,NEUROG3,neurog3_late,6.0,True,stg5diff2_S5d6_b1.bcATSD,0.69724506
pancreas,NEUROG3,neurog3_late,6.0,True,stg5diff2_S5d6_b1.bcCGBK,0.0
pancreas,NEUROG3,neurog3_late,6.0,True,stg5diff2_S5d6_b1.bcFQZG,0.0
pancreas,NEUROG3,neurog3_late,6.0,True,stg5diff2_S5d6_b1.bcEDRX,0.0
pancreas,NEUROG3,neurog3_late,6.0,True,stg5diff2_S5d6_b1.bcIGQY,0.0
pancreas,NEUROG3,neurog3_late,6.0,True,stg5diff2_S5d6_b1.bcESBO,0.0
pancreas,NEUROG3,neurog3_late,6.0,True,stg5diff2_S5d6_b1.bcAISS,0.0
pancreas,NEUROG3,neurog3_late,6.0,True,stg5diff2_S5d6_b1.bcHRJE,0.0
pancreas,NEUROG3,neurog3_late,6.0,True,stg5diff2_S5d6_b1.bcADFO,0.0
pancreas,NEUROG3,neurog3_late,6.0,True,stg5diff2_S5d6_b1.bcCXOG,0.0
pancreas,NEUROG3,neurog3_late,6.0,True,stg5diff2_S5d6_b1.bcFCGI,0.0
pancreas,NEUROG3,neurog3_late,6.0,True,stg5diff2_S5d6_b1.bcFXKC,0.0
pancreas,NEUROG3,neurog3_late,6.0,True,stg5diff2_S5d6_b1.bcDYSW,0.0
pancreas,NEUROG3,neurog3_late,6.0,True,stg5diff2_S5d6_b1.bcGJZQ,0.6941069
pancreas,NEUROG3,neurog3_late,6.0,True,stg5diff2_S5d6_b1.bcEXUE,0.0
pancreas,NEUROG3,neurog3_late,6.0,True,stg5diff2_S5d6_b1.bcAIVH,1.7689687
pancreas,NEUROG3,neurog3_late,6.0,True,stg5diff2_S5d6_b1.bcBYZP,0.0
pancreas,NEUROG3,neurog3_late,6.0,True,stg5diff2_S5d6_b1.bcFJAG,1.5847313
pancreas,NEUROG3,neurog3_late,6.0,True,stg5diff2_S5d6_b1.bcGKDY,0.0
pancreas,NEUROG3,neurog3_late,6.0,True,stg5diff2_S5d6_b1.bcCEDT,1.3130374
pancreas,NEUROG3,neurog3_late,6.0,True,stg5diff2_S5d6_b1.bcDXMV,0.0
pancreas,NEUROG3,neurog3_late,6.0,True,stg5diff2_S5d6_b1.bcDMEN,0.0
pancreas,NEUROG3,neurog3_late,6.0,True,stg5diff2_S5d6_b1.bcDNMN,0.0
pancreas,NEUROG3,neurog3_late,6.0,True,stg5diff2_S5d6_b1.bcEBWX,0.5904826
pancreas,NEUROG3,neurog3_late,6.0,True,stg5diff2_S5d6_b1.bcCAWD,0.82124895
pancreas,NEUROG3,neurog3_late,6.0,True,stg5diff2_S5d6_b1.bcCJIK,0.0
pancreas,NEUROG3,neurog3_late,6.0,True,stg5diff2_S5d6_b1.bcBZZT,0.0
pancreas,NEUROG3,neurog3_late,6.0,True,stg5diff2_S5d6_b1.bcATKS,0.0
pancreas,NEUROG3,neurog3_late,6.0,True,stg5diff2_S5d6_b1.bcGWXQ,0.47286022
pancreas,NEUROG3,neurog3_late,6.0,True,stg5diff2_S5d6_b1.bcCWSB,0.7335541
pancreas,NEUROG3,neurog3_late,6.0,True,stg5diff2_S5d6_b1.bcHLSE,0.0
pancreas,NEUROG3,neurog3_late,6.0,True,stg5diff2_S5d6_b1.bcGGEA,0.0
pancreas,NEUROG3,neurog3_late,6.0,True,stg5diff2_S5d6_b1.bcAGUH,0.0
pancreas,NEUROG3,neurog3_late,6.0,True,stg5diff2_S5d6_b1.bcHQOF,0.0
pancreas,NEUROG3,neurog3_late,6.0,True,stg5diff2_S5d6_b1.bcCLXP,0.0
pancreas,NEUROG3,neurog3_late,6.0,True,stg5diff2_S5d6_b1.bcFPCJ,0.0
pancreas,NEUROG3,neurog3_late,6.0,True,stg5diff2_S5d6_b1.bcIDMW,0.0
pancreas,NEUROG3,neurog3_late,6.0,True,stg5diff2_S5d6_b1.bcBTPU,0.0
pancreas,NEUROG3,neurog3_late,6.0,True,stg5diff2_S5d6_b1.bcBGAJ,1.0178167
pancreas,NEUROG3,neurog3_late,6.0,True,stg5diff2_S5d6_b1.bcEJZZ,0.0
pancreas,NEUROG3,neurog3_late,6.0,True,stg5diff2_S5d6_b1.bcFNFT,0.0
pancreas,NEUROG3,neurog3_late,6.0,True,stg5diff2_S5d6_b1.bcDMQR,0.0
pancreas,NEUROG3,neurog3_late,6.0,True,stg5diff2_S5d6_b1.bcDDSE,1.7048601
pancreas,NEUROG3,neurog3_late,6.0,True,stg5diff2_S5d6_b1.bcFRAM,0.0
pancreas,NEUROG3,neurog3_late,6.0,True,stg5diff2_S5d6_b1.bcEVKW,0.0
pancreas,NEUROG3,neurog3_late,6.0,True,stg5diff2_S5d6_b1.bcCFXV,0.0
pancreas,NEUROG3,neurog3_late,6.0,True,stg5diff2_S5d6_b1.bcFIJB,0.0
pancreas,NEUROG3,neurog3_late,6.0,True,stg5diff2_S5d6_b1.bcHNPB,0.96700066
pancreas,NEUROG3,neurog3_late,6.0,True,stg5diff2_S5d6_b1.bcBTYQ,0.0
pancreas,NEUROG3,neurog3_late,6.0,True,stg5diff2_S5d6_b1.bcGHGQ,1.8348995
pancreas,NEUROG3,neurog3_late,6.0,True,stg5diff2_S5d6_b1.bcAPVW,0.0
pancreas,NEUROG3,neurog3_late,6.0,True,stg5diff2_S5d6_b1.bcFKEL,0.0
pancreas,NEUROG3,neurog3_late,6.0,True,stg5diff2_S5d6_b1.bcHIIX,0.0
pancreas,NEUROG3,neurog3_late,6.0,True,stg5diff2_S5d6_b1.bcDAOQ,0.0
pancreas,NEUROG3,neurog3_late,6.0,True,stg5diff2_S5d6_b1.bcEQZQ,0.0
pancreas,NEUROG3,neurog3_late,6.0,True,stg5diff2_S5d6_b1.bcEAWV,0.0
pancreas,NEUROG3,neurog3_late,6.0,True,stg5diff2_S5d6_b1.bcBZBP,1.074605
pancreas,NEUROG3,neurog3_late,6.0,True,stg5diff2_S5d6_b1.bcHUQX,0.7445067
pancreas,NEUROG3,neurog3_late,6.0,True,stg5diff2_S5d6_b1.bcHNLR,1.5008062
pancreas,NEUROG3,neurog3_late,6.0,True,stg5diff2_S5d6_b1.bcBIOE,0.9091631
pancreas,NEUROG3,neurog3_late,6.0,True,stg5diff2_S5d6_b1.bcHFYV,1.3436561
pancreas,NEUROG3,neurog3_late,6.0,True,stg5diff2_S5d6_b1.bcBBGD,0.0
pancreas,NEUROG3,neurog3_late,6.0,True,stg5diff2_S5d6_b1.bcHSAM,0.0
pancreas,NEUROG3,neurog3_late,6.0,True,stg5diff2_S5d6_b1.bcFMRJ,0.0
pancreas,NEUROG3,neurog3_late,6.0,True,stg5diff2_S5d6_b1.bcBTCO,0.0
pancreas,NEUROG3,neurog3_late,6.0,True,stg5diff2_S5d6_b1.bcEAZY,1.0596204
pancreas,NEUROG3,neurog3_late,6.0,True,stg5diff2_S5d6_b1.bcCWSI,1.8765476
pancreas,NEUROG3,neurog3_late,6.0,True,stg5diff2_S5d6_b1.bcEFQO,0.0
pancreas,NEUROG3,neurog3_late,6.0,True,stg5diff2_S5d6_b1.bcFGIV,0.0
pancreas,NEUROG3,neurog3_late,6.0,True,stg5diff2_S5d6_b1.bcHVMP,0.0
pancreas,NEUROG3,neurog3_late,6.0,True,stg5diff2_S5d6_b1.bcBXSJ,0.0
pancreas,NEUROG3,neurog3_late,6.0,True,stg5diff2_S5d6_b1.bcBTJY,0.90958744
pancreas,NEUROG3,neurog3_late,6.0,True,stg5diff2_S5d6_b1.bcBLBO,0.0
pancreas,NEUROG3,neurog3_late,6.0,True,stg5diff2_S5d6_b1.bcAFGS,0.0
pancreas,NEUROG3,neurog3_late,6.0,True,stg5diff2_S5d6_b1.bcBNBY,0.0
pancreas,NEUROG3,neurog3_late,6.0,True,stg5diff2_S5d6_b1.bcFMVP,0.0
pancreas,NEUROG3,neurog3_late,6.0,True,stg5diff2_S5d6_b1.bcHBSX,0.0
pancreas,NEUROG3,neurog3_late,6.0,True,stg5diff2_S5d6_b1.bcBXOH,0.0
pancreas,NEUROG3,neurog3_late,6.0,True,stg5diff2_S5d6_b1.bcBJGA,0.0
pancreas,NEUROG3,neurog3_late,6.0,True,stg5diff2_S5d6_b1.bcELDJ,0.0
pancreas,NEUROG3,neurog3_late,6.0,True,stg5diff1_S5d6_b2.bcEVDS,0.0
pancreas,NEUROG3,neurog3_late,6.0,True,stg5diff1_S5d6_b2.bcEMBM,0.0
pancreas,NEUROG3,neurog3_late,6.0,True,stg5diff1_S5d6_b2.bcCRQJ,0.22393699
pancreas,NEUROG3,neurog3_late,6.0,True,stg5diff1_S5d6_b2.bcHYTC,0.32728624
pancreas,NEUROG3,neurog3_late,6.0,True,stg5diff1_S5d6_b2.bcHVOJ,0.0
pancreas,NEUROG3,neurog3_late,6.0,True,stg5diff1_S5d6_b2.bcDXAO,0.0
pancreas,NEUROG3,neurog3_late,6.0,True,stg5diff1_S5d6_b2.bcARFC,1.7017164
pancreas,NEUROG3,neurog3_late,6.0,True,stg5diff1_S5d6_b2.bcCHJX,0.0
pancreas,NEUROG3,neurog3_late,6.0,True,stg5diff1_S5d6_b2.bcHVSU,0.0
pancreas,NEUROG3,neurog3_late,6.0,True,stg5diff1_S5d6_b2.bcGTII,0.0
pancreas,NEUROG3,neurog3_late,6.0,True,stg5diff1_S5d6_b2.bcACZA,0.0
pancreas,NEUROG3,neurog3_late,6.0,True,stg5diff1_S5d6_b2.bcIDGI,0.71428126
pancreas,NEUROG3,neurog3_late,6.0,True,stg5diff1_S5d6_b2.bcEYYH,0.0
pancreas,NEUROG3,neurog3_late,6.0,True,stg5diff1_S5d6_b2.bcAYAU,1.0649619
pancreas,NEUROG3,neurog3_late,6.0,True,stg5diff1_S5d6_b2.bcEKJZ,1.5445049
pancreas,NEUROG3,neurog3_late,6.0,True,stg5diff1_S5d6_b2.bcFMRD,1.0185382
pancreas,NEUROG3,neurog3_late,6.0,True,stg5diff1_S5d6_b2.bcIJDG,0.51986665
pancreas,NEUROG3,neurog3_late,6.0,True,stg5diff1_S5d6_b2.bcGXDG,1.099785
pancreas,NEUROG3,neurog3_late,6.0,True,stg5diff1_S5d6_b2.bcGVKX,0.0
pancreas,NEUROG3,neurog3_late,6.0,True,stg5diff1_S5d6_b2.bcGHTZ,1.3910749
pancreas,NEUROG3,neurog3_late,6.0,True,stg5diff1_S5d6_b2.bcHBYS,0.89334625
pancreas,NEUROG3,neurog3_late,6.0,True,stg5diff1_S5d6_b2.bcESVG,0.0
pancreas,NEUROG3,neurog3_late,6.0,True,stg5diff1_S5d6_b2.bcBPVN,0.9772002
pancreas,NEUROG3,neurog3_late,6.0,True,stg5diff1_S5d6_b2.bcCTZV,0.0
pancreas,NEUROG3,neurog3_late,6.0,True,stg5diff1_S5d6_b2.bcIBXI,0.0
pancreas,NEUROG3,neurog3_late,6.0,True,stg5diff1_S5d6_b2.bcGUKM,0.0
pancreas,NEUROG3,neurog3_late,6.0,True,stg5diff1_S5d6_b2.bcDXME,0.0
pancreas,NEUROG3,neurog3_late,6.0,True,stg5diff1_S5d6_b2.bcIFPZ,0.82296145
pancreas,NEUROG3,neurog3_late,6.0,True,stg5diff1_S5d6_b2.bcDBVW,1.1084511
pancreas,NEUROG3,neurog3_late,6.0,True,stg5diff1_S5d6_b2.bcEFTE,0.0
pancreas,NEUROG3,neurog3_late,6.0,True,stg5diff1_S5d6_b2.bcGIIO,0.0
pancreas,NEUROG3,neurog3_late,6.0,True,stg5diff1_S5d6_b2.bcBIDD,0.79579425
pancreas,NEUROG3,neurog3_late,6.0,True,stg5diff1_S5d6_b2.bcBEWF,0.0
pancreas,NEUROG3,neurog3_late,6.0,True,stg5diff1_S5d6_b2.bcAGZB,0.0
pancreas,NEUROG3,neurog3_late,6.0,True,stg5diff1_S5d6_b2.bcCSJW,0.0
pancreas,NEUROG3,neurog3_late,6.0,True,stg5diff1_S5d6_b2.bcCJHH,0.8703025
pancreas,NEUROG3,neurog3_late,6.0,True,stg5diff1_S5d6_b2.bcGPYR,0.0
pancreas,NEUROG3,neurog3_late,6.0,True,stg5diff1_S5d6_b2.bcDQQE,0.0
pancreas,NEUROG3,neurog3_late,6.0,True,stg5diff1_S5d6_b2.bcBTFC,0.0
pancreas,NEUROG3,neurog3_late,6.0,True,stg5diff1_S5d6_b2.bcDHEQ,0.7842988
pancreas,NEUROG3,neurog3_late,6.0,True,stg5diff1_S5d6_b2.bcIGAC,0.0
pancreas,NEUROG3,neurog3_late,6.0,True,stg5diff1_S5d6_b2.bcEZCX,0.0
pancreas,NEUROG3,neurog3_late,6.0,True,stg5diff1_S5d6_b2.bcCVSQ,0.0
pancreas,NEUROG3,neurog3_late,6.0,True,stg5diff1_S5d6_b2.bcBVCH,0.0
pancreas,NEUROG3,neurog3_late,6.0,True,stg5diff1_S5d6_b2.bcBYPB,0.0
pancreas,NEUROG3,neurog3_late,6.0,True,stg5diff1_S5d6_b2.bcHSEH,0.77505803
pancreas,NEUROG3,neurog3_late,6.0,True,stg5diff1_S5d6_b2.bcCUFF,1.3356016
pancreas,NEUROG3,neurog3_late,6.0,True,stg5diff1_S5d6_b2.bcBFVH,0.0
pancreas,NEUROG3,neurog3_late,6.0,True,stg5diff1_S5d6_b2.bcHHYK,0.0
pancreas,NEUROG3,neurog3_late,6.0,True,stg5diff1_S5d6_b2.bcCIWV,0.0
pancreas,NEUROG3,neurog3_late,6.0,True,stg5diff1_S5d6_b2.bcEAVW,0.0
pancreas,NEUROG3,neurog3_late,6.0,True,stg5diff1_S5d6_b2.bcCQDS,0.0
pancreas,NEUROG3,neurog3_late,6.0,True,stg5diff1_S5d6_b2.bcGNVR,1.3134454
pancreas,NEUROG3,neurog3_late,6.0,True,stg5diff1_S5d6_b2.bcHMGK,0.97744787
pancreas,NEUROG3,neurog3_late,6.0,True,stg5diff1_S5d6_b2.bcBXOP,0.0
pancreas,NEUROG3,neurog3_late,6.0,True,stg5diff1_S5d6_b2.bcHMTF,0.0
pancreas,NEUROG3,neurog3_late,6.0,True,stg5diff1_S5d6_b2.bcFHPU,0.0
pancreas,NEUROG3,neurog3_late,6.0,True,stg5diff1_S5d6_b2.bcFYQN,1.0078301
pancreas,NEUROG3,neurog3_late,6.0,True,stg5diff1_S5d6_b2.bcDIEA,0.0
pancreas,NEUROG3,neurog3_late,6.0,True,stg5diff1_S5d6_b2.bcCKUI,0.43386254
pancreas,NEUROG3,neurog3_late,6.0,True,stg5diff1_S5d6_b2.bcIIWH,0.0
pancreas,NEUROG3,neurog3_late,6.0,True,stg5diff1_S5d6_b2.bcEJOA,0.0
pancreas,NEUROG3,neurog3_late,6.0,True,stg5diff1_S5d6_b2.bcDKUY,1.0875555
pancreas,NEUROG3,neurog3_late,6.0,True,stg5diff1_S5d6_b2.bcAYQY,1.5964055
pancreas,NEUROG3,neurog3_late,6.0,True,stg5diff1_S5d6_b2.bcDZCS,0.0
pancreas,NEUROG3,neurog3_late,6.0,True,stg5diff1_S5d6_b2.bcGDRD,1.0807295
pancreas,NEUROG3,neurog3_late,6.0,True,stg5diff1_S5d6_b2.bcFAOQ,0.0
pancreas,NEUROG3,neurog3_late,6.0,True,stg5diff1_S5d6_b2.bcCQEO,0.75955725
pancreas,NEUROG3,neurog3_late,6.0,True,stg5diff1_S5d6_b2.bcDNFJ,1.1980796
pancreas,NEUROG3,neurog3_late,6.0,True,stg5diff1_S5d6_b2.bcCOWI,1.2775183
pancreas,NEUROG3,neurog3_late,6.0,True,stg5diff1_S5d6_b2.bcAHDX,0.5479597
pancreas,NEUROG3,neurog3_late,6.0,True,stg5diff1_S5d6_b2.bcBXZY,0.0
pancreas,NEUROG3,neurog3_late,6.0,True,stg5diff1_S5d6_b2.bcBCLB,0.46094903
pancreas,NEUROG3,neurog3_late,6.0,True,stg5diff1_S5d6_b2.bcDETL,1.2132573
pancreas,NEUROG3,neurog3_late,6.0,True,stg5diff2_S5d6_b2.bcENEP,1.4858024
pancreas,NEUROG3,neurog3_late,6.0,True,stg5diff2_S5d6_b2.bcARPA,1.2924705
pancreas,NEUROG3,neurog3_late,6.0,True,stg5diff2_S5d6_b2.bcHFKC,0.0
pancreas,NEUROG3,neurog3_late,6.0,True,stg5diff2_S5d6_b2.bcIEBJ,1.6716446
pancreas,NEUROG3,neurog3_late,6.0,True,stg5diff2_S5d6_b2.bcBODY,0.0
pancreas,NEUROG3,neurog3_late,6.0,True,stg5diff2_S5d6_b2.bcENRF,0.0
pancreas,NEUROG3,neurog3_late,6.0,True,stg5diff2_S5d6_b2.bcGYGL,0.0
pancreas,NEUROG3,neurog3_late,6.0,True,stg5diff2_S5d6_b2.bcFJDG,0.0
pancreas,NEUROG3,neurog3_late,6.0,True,stg5diff2_S5d6_b2.bcALKG,0.90641534
pancreas,NEUROG3,neurog3_late,6.0,True,stg5diff2_S5d6_b2.bcAPEZ,0.88786733
pancreas,NEUROG3,neurog3_late,6.0,True,stg5diff2_S5d6_b2.bcCLPZ,0.0
pancreas,NEUROG3,neurog3_late,6.0,True,stg5diff2_S5d6_b2.bcEGUD,0.0
pancreas,NEUROG3,neurog3_late,6.0,True,stg5diff2_S5d6_b2.bcFWRD,0.0
pancreas,NEUROG3,neurog3_late,6.0,True,stg5diff2_S5d6_b2.bcHSNG,0.0
pancreas,NEUROG3,neurog3_late,6.0,True,stg5diff2_S5d6_b2.bcGFUW,0.90979975
pancreas,NEUROG3,neurog3_late,6.0,True,stg5diff2_S5d6_b2.bcDFWC,0.0
pancreas,NEUROG3,neurog3_late,6.0,True,stg5diff2_S5d6_b2.bcFZGD,0.0
pancreas,NEUROG3,neurog3_late,6.0,True,stg5diff2_S5d6_b2.bcEGBW,0.0
pancreas,NEUROG3,neurog3_late,6.0,True,stg5diff2_S5d6_b2.bcBOQE,0.0
pancreas,NEUROG3,neurog3_late,6.0,True,stg5diff2_S5d6_b2.bcFWTT,0.5278026
pancreas,NEUROG3,neurog3_late,6.0,True,stg5diff2_S5d6_b2.bcDCAO,0.96210605
pancreas,NEUROG3,neurog3_late,6.0,True,stg5diff2_S5d6_b2.bcIJRG,0.0
pancreas,NEUROG3,neurog3_late,6.0,True,stg5diff2_S5d6_b2.bcERJI,0.0
pancreas,NEUROG3,neurog3_late,6.0,True,stg5diff2_S5d6_b2.bcHQHU,0.0
pancreas,NEUROG3,neurog3_late,6.0,True,stg5diff2_S5d6_b2.bcHMCS,0.0
pancreas,NEUROG3,neurog3_late,6.0,True,stg5diff2_S5d6_b2.bcHDXT,0.0
pancreas,NEUROG3,neurog3_late,6.0,True,stg5diff2_S5d6_b2.bcAIQI,0.0
pancreas,NEUROG3,neurog3_late,6.0,True,stg5diff2_S5d6_b2.bcGMTO,0.0
pancreas,NEUROG3,neurog3_late,6.0,True,stg5diff2_S5d6_b2.bcESZX,0.0
pancreas,NEUROG3,neurog3_late,6.0,True,stg5diff2_S5d6_b2.bcBOJB,1.1727585
pancreas,NEUROG3,neurog3_late,6.0,True,stg5diff2_S5d6_b2.bcCJXJ,0.0
pancreas,NEUROG3,neurog3_late,6.0,True,stg5diff2_S5d6_b2.bcGTBS,0.0
pancreas,NEUROG3,neurog3_late,6.0,True,stg5diff2_S5d6_b2.bcEXBL,0.0
pancreas,NEUROG3,neurog3_late,6.0,True,stg5diff2_S5d6_b2.bcFGYO,0.0
pancreas,NEUROG3,neurog3_late,6.0,True,stg5diff2_S5d6_b2.bcGJBH,0.3976355
pancreas,NEUROG3,neurog3_late,6.0,True,stg5diff2_S5d6_b2.bcDDXH,0.66492456
pancreas,NEUROG3,neurog3_late,6.0,True,stg5diff2_S5d6_b2.bcEBLF,0.0
pancreas,NEUROG3,neurog3_late,6.0,True,stg5diff2_S5d6_b2.bcFZZT,0.0
pancreas,NEUROG3,neurog3_late,6.0,True,stg5diff2_S5d6_b2.bcFUGJ,0.8333969
pancreas,NEUROG3,neurog3_late,6.0,True,stg5diff2_S5d6_b2.bcENJM,0.0
pancreas,NEUROG3,neurog3_late,6.0,True,stg5diff2_S5d6_b2.bcGKXO,0.0
pancreas,NEUROG3,neurog3_late,6.0,True,stg5diff2_S5d6_b2.bcERKL,0.7938803
pancreas,NEUROG3,neurog3_late,6.0,True,stg5diff2_S5d6_b2.bcEQUB,0.67474246
pancreas,NEUROG3,neurog3_late,6.0,True,stg5diff2_S5d6_b2.bcDXRY,0.8599061
pancreas,NEUROG3,neurog3_late,6.0,True,stg5diff2_S5d6_b2.bcFQAY,0.0
pancreas,NEUROG3,neurog3_late,6.0,True,stg5diff2_S5d6_b2.bcCHSM,0.0
pancreas,NEUROG3,neurog3_late,6.0,True,stg5diff2_S5d6_b2.bcCXNL,0.6755364
pancreas,NEUROG3,neurog3_late,6.0,True,stg5diff2_S5d6_b2.bcFXJJ,0.0
pancreas,NEUROG3,neurog3_late,6.0,True,stg5diff2_S5d6_b2.bcFKZW,0.0
pancreas,NEUROG3,neurog3_late,6.0,True,stg5diff2_S5d6_b2.bcFAHP,0.4554216
pancreas,NEUROG3,neurog3_late,6.0,True,stg5diff2_S5d6_b2.bcDKOQ,1.6261276
pancreas,NEUROG3,neurog3_late,6.0,True,stg5diff2_S5d6_b2.bcHIYU,0.0
pancreas,NEUROG3,neurog3_late,6.0,True,stg5diff2_S5d6_b2.bcFYSX,1.1211512
pancreas,NEUROG3,neurog3_late,6.0,True,stg5diff2_S5d6_b2.bcASYO,0.0
pancreas,NEUROG3,neurog3_late,6.0,True,stg5diff2_S5d6_b2.bcAJVU,1.3799316
pancreas,NEUROG3,neurog3_late,6.0,True,stg5diff2_S5d6_b2.bcHFSJ,1.8216217
pancreas,NEUROG3,neurog3_late,6.0,True,stg5diff2_S5d6_b2.bcFDIS,0.0
pancreas,NEUROG3,neurog3_late,6.0,True,stg5diff2_S5d6_b2.bcCMST,0.6024205
pancreas,NEUROG3,neurog3_late,6.0,True,stg5diff2_S5d6_b2.bcHOHH,0.0
pancreas,NEUROG3,neurog3_late,6.0,True,stg5diff2_S5d6_b2.bcGQYH,0.0
pancreas,NEUROG3,neurog3_late,6.0,True,stg5diff2_S5d6_b2.bcCUGN,0.0
pancreas,NEUROG3,neurog3_late,6.0,True,stg5diff2_S5d6_b2.bcATYY,0.0
pancreas,NEUROG3,neurog3_late,6.0,True,stg5diff2_S5d6_b2.bcCVLU,0.0
pancreas,NEUROG3,neurog3_late,6.0,True,stg5diff2_S5d6_b2.bcGPDB,0.0
pancreas,NEUROG3,neurog3_late,6.0,True,stg5diff2_S5d6_b2.bcBVIN,0.0
pancreas,NEUROG3,neurog3_late,6.0,True,stg5diff2_S5d6_b2.bcFGRH,0.0
pancreas,NEUROG3,neurog3_late,6.0,True,stg5diff2_S5d6_b2.bcFTJD,0.0
pancreas,NEUROG3,neurog3_late,6.0,True,stg5diff2_S5d6_b2.bcABXS,0.0
pancreas,NEUROG3,neurog3_late,6.0,True,stg5diff2_S5d6_b2.bcAQRS,0.0
pancreas,NEUROG3,neurog3_late,6.0,True,stg5diff2_S5d6_b2.bcCRVT,0.7710461
pancreas,NEUROG3,neurog3_late,6.0,True,stg5diff2_S5d6_b2.bcHPTV,0.92913014
pancreas,NEUROG3,neurog3_late,6.0,True,stg5diff2_S5d6_b2.bcDJRE,1.1209843
pancreas,NEUROG3,neurog3_late,6.0,True,stg5diff2_S5d6_b2.bcGOSK,0.0
pancreas,NEUROG3,neurog3_late,6.0,True,stg5diff2_S5d6_b2.bcEFOE,0.0
pancreas,NEUROG3,neurog3_late,6.0,True,stg5diff2_S5d6_b2.bcGZUC,0.8161563
pancreas,NEUROG3,neurog3_late,6.0,True,stg5diff2_S5d6_b2.bcEHKE,0.0
pancreas,NEUROG3,neurog3_late,6.0,True,stg5diff2_S5d6_b2.bcEMNE,0.0
pancreas,NEUROG3,neurog3_late,6.0,True,stg5diff2_S5d6_b2.bcHZYW,0.0
pancreas,NEUROG3,neurog3_late,6.0,True,stg5diff2_S5d6_b2.bcHMGN,0.57918674
pancreas,NEUROG3,neurog3_late,6.0,True,stg5diff2_S5d6_b2.bcACSL,0.7216278
pancreas,NEUROG3,neurog3_late,6.0,True,stg5diff2_S5d6_b2.bcBNQN,0.0
pancreas,NEUROG3,neurog3_late,6.0,True,stg5diff2_S5d6_b2.bcEKLW,0.0
pancreas,NEUROG3,neurog3_late,6.0,True,stg5diff2_S5d6_b2.bcAMDR,0.0
pancreas,NEUROG3,neurog3_late,6.0,True,stg5diff2_S5d6_b2.bcIIRD,0.97662294
pancreas,NEUROG3,neurog3_late,6.0,True,stg5diff2_S5d6_b2.bcCATG,0.0
pancreas,NEUROG3,neurog3_late,6.0,True,stg5diff2_S5d6_b2.bcBHSP,0.0
pancreas,NEUROG3,neurog3_late,6.0,True,stg5diff2_S5d6_b2.bcEMBF,0.0
pancreas,NEUROG3,neurog3_late,6.0,True,stg5diff2_S5d6_b2.bcEUVL,0.5949892
pancreas,NEUROG3,neurog3_late,6.0,True,stg5diff2_S5d6_b2.bcFHLQ,0.0
pancreas,NEUROG3,neurog3_late,6.0,True,stg5diff2_S5d6_b2.bcFYRM,0.0
pancreas,NEUROG3,neurog3_late,6.0,True,stg5diff2_S5d6_b2.bcGQWQ,0.0
pancreas,NEUROG3,neurog3_late,6.0,True,stg5diff2_S5d6_b2.bcAGXW,0.0
pancreas,NEUROG3,neurog3_late,6.0,True,stg5diff2_S5d6_b2.bcIDQI,0.0
pancreas,NEUROG3,neurog3_late,6.0,True,stg5diff2_S5d6_b2.bcEQSF,0.0
pancreas,NEUROG3,neurog3_late,6.0,True,stg5diff2_S5d6_b2.bcEDMY,1.0008259
pancreas,NEUROG3,neurog3_late,6.0,True,stg5diff2_S5d6_b2.bcATKL,1.0287577
pancreas,NEUROG3,neurog3_late,6.0,True,stg5diff2_S5d6_b2.bcATMQ,1.8273679
pancreas,NEUROG3,neurog3_late,6.0,True,stg5diff2_S5d6_b2.bcCRDR,0.0
pancreas,NEUROG3,neurog3_late,6.0,True,stg5diff2_S5d6_b2.bcDNID,0.0
pancreas,NEUROG3,neurog3_late,6.0,True,stg5diff2_S5d6_b2.bcFWVF,1.226692
pancreas,NEUROG3,neurog3_late,6.0,True,stg5diff2_S5d6_b2.bcHRGK,1.1500089
pancreas,NEUROG3,neurog3_late,6.0,True,stg5diff2_S5d6_b2.bcFUIS,0.0
pancreas,NEUROG3,neurog3_late,6.0,True,stg5diff2_S5d6_b2.bcEBVN,0.49278158
pancreas,NEUROG3,neurog3_late,6.0,True,stg5diff2_S5d6_b2.bcDIYO,0.56658304
pancreas,NEUROG3,neurog3_late,6.0,True,stg5diff2_S5d6_b2.bcCWGK,1.2407442
pancreas,NEUROG3,neurog3_late,6.0,True,stg5diff2_S5d6_b2.bcFTNN,0.0
pancreas,NEUROG3,neurog3_late,6.0,True,stg5diff2_S5d6_b2.bcIBGI,0.6473956
pancreas,NEUROG3,neurog3_late,6.0,True,stg5diff2_S5d6_b2.bcGDMJ,0.0
pancreas,NEUROG3,neurog3_late,6.0,True,stg5diff2_S5d6_b2.bcABLF,0.4510165
pancreas,NEUROG3,neurog3_late,6.0,True,stg5diff2_S5d6_b2.bcHABX,0.0
pancreas,NEUROG3,neurog3_late,6.0,True,stg5diff2_S5d6_b2.bcBTBU,0.0
pancreas,NEUROG3,neurog3_late,6.0,True,stg5diff2_S5d6_b2.bcHCTI,0.59586394
pancreas,NEUROG3,neurog3_late,6.0,True,stg5diff2_S5d6_b2.bcGJUB,0.0
pancreas,NEUROG3,neurog3_late,6.0,True,stg5diff2_S5d6_b2.bcHNDZ,0.0
pancreas,NEUROG3,neurog3_late,6.0,True,stg5diff2_S5d6_b2.bcHYUY,0.0
pancreas,NEUROG3,neurog3_late,6.0,True,stg5diff2_S5d6_b2.bcCINY,0.0
pancreas,NEUROG3,neurog3_late,6.0,True,stg5diff2_S5d6_b2.bcACMY,0.0
pancreas,NEUROG3,neurog3_late,6.0,True,stg5diff2_S5d6_b2.bcDBYU,0.7284687
pancreas,NEUROG3,neurog3_late,6.0,True,stg5diff2_S5d6_b2.bcGPNB,2.0070534
pancreas,NEUROG3,neurog3_late,6.0,True,stg5diff2_S5d6_b2.bcCKDX,1.5823965
pancreas,NEUROG3,neurog3_late,6.0,True,stg5diff2_S5d6_b2.bcHHUA,0.0
pancreas,NEUROG3,neurog3_late,6.0,True,stg5diff2_S5d6_b2.bcGRRP,0.0
pancreas,NEUROG3,neurog3_late,6.0,True,stg5diff2_S5d6_b2.bcAMQY,0.64698
pancreas,NEUROG3,neurog3_late,6.0,True,stg5diff2_S5d6_b2.bcCYDY,0.0
pancreas,NEUROG3,neurog3_late,6.0,True,stg5diff2_S5d6_b2.bcAVBW,0.0
pancreas,NEUROG3,neurog3_late,6.0,True,stg5diff2_S5d6_b2.bcHGGJ,0.8968331
pancreas,NEUROG3,neurog3_late,6.0,True,stg5diff2_S5d6_b2.bcDOHD,0.779216
pancreas,NEUROG3,neurog3_late,6.0,True,stg5diff2_S5d6_b2.bcGCSO,1.2743967
pancreas,NEUROG3,neurog3_late,6.0,True,stg5diff2_S5d6_b2.bcDAUK,0.0
pancreas,NEUROG3,neurog3_late,6.0,True,stg5diff2_S5d6_b2.bcGOXA,0.0
pancreas,NEUROG3,neurog3_late,6.0,True,stg5diff2_S5d6_b2.bcDYBW,0.0
pancreas,NEUROG3,neurog3_late,6.0,True,stg5diff2_S5d6_b2.bcGGLV,0.67747253
pancreas,NEUROG3,neurog3_late,6.0,True,stg5diff2_S5d6_b2.bcADSH,0.0
pancreas,NEUROG3,neurog3_late,6.0,True,stg5diff2_S5d6_b2.bcIBGN,0.0
pancreas,NEUROG3,neurog3_late,6.0,True,stg5diff2_S5d6_b2.bcHYVU,1.5805591
pancreas,NEUROG3,neurog3_late,6.0,True,stg5diff2_S5d6_b2.bcELUP,0.7033637
pancreas,NEUROG3,neurog3_late,6.0,True,stg5diff2_S5d6_b2.bcCRPJ,0.0
pancreas,NEUROG3,neurog3_late,6.0,True,stg5diff2_S5d6_b2.bcDRHW,1.2508838
pancreas,NEUROG3,neurog3_late,6.0,True,stg5diff2_S5d6_b2.bcCQCR,0.0
pancreas,NEUROG3,neurog3_late,6.0,True,stg5diff2_S5d6_b2.bcETOK,0.8283184
pancreas,NEUROG3,neurog3_late,6.0,True,stg5diff2_S5d6_b2.bcHWJO,0.0
pancreas,NEUROG3,neurog3_late,6.0,True,stg5diff2_S5d6_b2.bcGFVZ,0.0
pancreas,NEUROG3,neurog3_late,6.0,True,stg5diff2_S5d6_b2.bcEVPN,0.0
pancreas,NEUROG3,neurog3_late,6.0,True,stg5diff2_S5d6_b2.bcDAYV,1.2413026
pancreas,NEUROG3,neurog3_late,6.0,True,stg5diff2_S5d6_b2.bcDDQR,0.0
pancreas,NEUROG3,neurog3_late,6.0,True,stg5diff2_S5d6_b2.bcEUJR,0.8457493
pancreas,NEUROG3,neurog3_late,6.0,True,stg5diff2_S5d6_b2.bcFEDC,0.0
pancreas,NEUROG3,neurog3_late,6.0,True,stg5diff2_S5d6_b2.bcGNKS,0.0
pancreas,NEUROG3,neurog3_late,7.0,False,stg5diff1_S5d7_b1.bcIKBA,1.1812191
pancreas,NEUROG3,neurog3_late,7.0,False,stg5diff1_S5d7_b1.bcGQYI,0.87663484
pancreas,NEUROG3,neurog3_late,7.0,False,stg5diff1_S5d7_b1.bcAQVU,0.0
pancreas,NEUROG3,neurog3_late,7.0,False,stg5diff1_S5d7_b1.bcBPSM,0.0
pancreas,NEUROG3,neurog3_late,7.0,False,stg5diff1_S5d7_b1.bcCMSY,0.80853844
pancreas,NEUROG3,neurog3_late,7.0,False,stg5diff1_S5d7_b1.bcHZSB,0.484403
pancreas,NEUROG3,neurog3_late,7.0,False,stg5diff1_S5d7_b1.bcHCKR,0.7072595
pancreas,NEUROG3,neurog3_late,7.0,False,stg5diff1_S5d7_b1.bcFPTP,0.0
pancreas,NEUROG3,neurog3_late,7.0,False,stg5diff1_S5d7_b1.bcBQKX,0.0
pancreas,NEUROG3,neurog3_late,7.0,False,stg5diff1_S5d7_b1.bcIDBI,0.0
pancreas,NEUROG3,neurog3_late,7.0,False,stg5diff1_S5d7_b1.bcHAOI,0.0
pancreas,NEUROG3,neurog3_late,7.0,False,stg5diff1_S5d7_b1.bcGYWV,0.0
pancreas,NEUROG3,neurog3_late,7.0,False,stg5diff1_S5d7_b1.bcDWZO,0.0
pancreas,NEUROG3,neurog3_late,7.0,False,stg5diff1_S5d7_b1.bcBMMV,0.0
pancreas,NEUROG3,neurog3_late,7.0,False,stg5diff1_S5d7_b1.bcEBHA,1.3993918
pancreas,NEUROG3,neurog3_late,7.0,False,stg5diff1_S5d7_b1.bcAGRO,0.750711
pancreas,NEUROG3,neurog3_late,7.0,False,stg5diff1_S5d7_b1.bcBFWY,1.0301626
pancreas,NEUROG3,neurog3_late,7.0,False,stg5diff1_S5d7_b1.bcDUHZ,1.3181077
pancreas,NEUROG3,neurog3_late,7.0,False,stg5diff1_S5d7_b1.bcGLUT,0.0
pancreas,NEUROG3,neurog3_late,7.0,False,stg5diff1_S5d7_b1.bcFKIZ,0.0
pancreas,NEUROG3,neurog3_late,7.0,False,stg5diff1_S5d7_b1.bcHLCW,0.0
pancreas,NEUROG3,neurog3_late,7.0,False,stg5diff1_S5d7_b1.bcCORL,0.0
pancreas,NEUROG3,neurog3_late,7.0,False,stg5diff1_S5d7_b1.bcAEKW,1.3481015
pancreas,NEUROG3,neurog3_late,7.0,False,stg5diff1_S5d7_b1.bcFFTB,0.0
pancreas,NEUROG3,neurog3_late,7.0,False,stg5diff1_S5d7_b1.bcDDTZ,0.0
pancreas,NEUROG3,neurog3_late,7.0,False,stg5diff1_S5d7_b1.bcFWOE,0.0
pancreas,NEUROG3,neurog3_late,7.0,False,stg5diff1_S5d7_b1.bcARAQ,0.76812625
pancreas,NEUROG3,neurog3_late,7.0,False,stg5diff1_S5d7_b1.bcCOMH,1.7232082
pancreas,NEUROG3,neurog3_late,7.0,False,stg5diff1_S5d7_b1.bcGPQB,0.0
pancreas,NEUROG3,neurog3_late,7.0,False,stg5diff1_S5d7_b1.bcAXTU,1.112889
pancreas,NEUROG3,neurog3_late,7.0,False,stg5diff1_S5d7_b1.bcHOED,1.3667517
pancreas,NEUROG3,neurog3_late,7.0,False,stg5diff1_S5d7_b1.bcGORW,0.891138
pancreas,NEUROG3,neurog3_late,7.0,False,stg5diff1_S5d7_b1.bcECEO,0.0
pancreas,NEUROG3,neurog3_late,7.0,False,stg5diff1_S5d7_b1.bcAHOQ,1.1123626
pancreas,NEUROG3,neurog3_late,7.0,False,stg5diff1_S5d7_b1.bcHENK,2.078099
pancreas,NEUROG3,neurog3_late,7.0,False,stg5diff1_S5d7_b1.bcFGFT,0.8829709
pancreas,NEUROG3,neurog3_late,7.0,False,stg5diff1_S5d7_b1.bcCDTV,0.8448922
pancreas,NEUROG3,neurog3_late,7.0,False,stg5diff1_S5d7_b1.bcBLWD,0.0
pancreas,NEUROG3,neurog3_late,7.0,False,stg5diff1_S5d7_b1.bcDBVV,0.0
pancreas,NEUROG3,neurog3_late,7.0,False,stg5diff1_S5d7_b1.bcCOGW,0.9330821
pancreas,NEUROG3,neurog3_late,7.0,False,stg5diff1_S5d7_b1.bcGQSA,0.7019964
pancreas,NEUROG3,neurog3_late,7.0,False,stg5diff1_S5d7_b1.bcEHFL,0.7950051
pancreas,NEUROG3,neurog3_late,7.0,False,stg5diff1_S5d7_b1.bcFHYL,2.410844
pancreas,NEUROG3,neurog3_late,7.0,False,stg5diff1_S5d7_b1.bcAGKK,0.0
pancreas,NEUROG3,neurog3_late,7.0,False,stg5diff1_S5d7_b1.bcDODA,0.0
pancreas,NEUROG3,neurog3_late,7.0,False,stg5diff1_S5d7_b1.bcGNAC,0.0
pancreas,NEUROG3,neurog3_late,7.0,False,stg5diff1_S5d7_b1.bcCTLN,0.0
pancreas,NEUROG3,neurog3_late,7.0,False,stg5diff1_S5d7_b1.bcEFMS,1.7415907
pancreas,NEUROG3,neurog3_late,7.0,False,stg5diff1_S5d7_b1.bcHAJA,0.0
pancreas,NEUROG3,neurog3_late,7.0,False,stg5diff1_S5d7_b1.bcHVXW,0.0
pancreas,NEUROG3,neurog3_late,7.0,False,stg5diff1_S5d7_b1.bcGAPF,0.6115656
pancreas,NEUROG3,neurog3_late,7.0,False,stg5diff1_S5d7_b1.bcHQGR,0.42088073
pancreas,NEUROG3,neurog3_late,7.0,False,stg5diff1_S5d7_b1.bcHSUV,2.1295516
pancreas,NEUROG3,neurog3_late,7.0,False,stg5diff1_S5d7_b1.bcHXPJ,1.6901417
pancreas,NEUROG3,neurog3_late,7.0,False,stg5diff1_S5d7_b1.bcFERV,1.4539601
pancreas,NEUROG3,neurog3_late,7.0,False,stg5diff1_S5d7_b1.bcGJVF,1.2507102
pancreas,NEUROG3,neurog3_late,7.0,False,stg5diff1_S5d7_b1.bcBLEY,0.0
pancreas,NEUROG3,neurog3_late,7.0,False,stg5diff1_S5d7_b1.bcAQWX,0.86151206
pancreas,NEUROG3,neurog3_late,7.0,False,stg5diff1_S5d7_b1.bcFGGR,1.017439
pancreas,NEUROG3,neurog3_late,7.0,False,stg5diff1_S5d7_b1.bcDRED,0.0
pancreas,NEUROG3,neurog3_late,7.0,False,stg5diff1_S5d7_b1.bcHOLQ,1.5844253
pancreas,NEUROG3,neurog3_late,7.0,False,stg5diff1_S5d7_b1.bcFFNS,2.2127287
pancreas,NEUROG3,neurog3_late,7.0,False,stg5diff1_S5d7_b1.bcGXIU,1.1024659
pancreas,NEUROG3,neurog3_late,7.0,False,stg5diff1_S5d7_b1.bcANFC,1.196766
pancreas,NEUROG3,neurog3_late,7.0,False,stg5diff1_S5d7_b1.bcFGYT,1.063781
pancreas,NEUROG3,neurog3_late,7.0,False,stg5diff1_S5d7_b1.bcFCAM,0.7615264
pancreas,NEUROG3,neurog3_late,7.0,False,stg5diff1_S5d7_b1.bcHCQP,0.0
pancreas,NEUROG3,neurog3_late,7.0,False,stg5diff1_S5d7_b1.bcBLFN,2.1693938
pancreas,NEUROG3,neurog3_late,7.0,False,stg5diff1_S5d7_b1.bcBAMC,0.0
pancreas,NEUROG3,neurog3_late,7.0,False,stg5diff1_S5d7_b1.bcEHRH,0.0
pancreas,NEUROG3,neurog3_late,7.0,False,stg5diff1_S5d7_b1.bcEGMR,0.0
pancreas,NEUROG3,neurog3_late,7.0,False,stg5diff1_S5d7_b1.bcHJBG,0.0
pancreas,NEUROG3,neurog3_late,7.0,False,stg5diff1_S5d7_b1.bcCRNP,0.70745975
pancreas,NEUROG3,neurog3_late,7.0,False,stg5diff2_S5d7_b1.bcGVAY,0.0
pancreas,NEUROG3,neurog3_late,7.0,False,stg5diff2_S5d7_b1.bcGLUV,1.8824589
pancreas,NEUROG3,neurog3_late,7.0,False,stg5diff2_S5d7_b1.bcECEF,0.0
pancreas,NEUROG3,neurog3_late,7.0,False,stg5diff2_S5d7_b1.bcEGTF,0.81819594
pancreas,NEUROG3,neurog3_late,7.0,False,stg5diff2_S5d7_b1.bcBTSD,0.0
pancreas,NEUROG3,neurog3_late,7.0,False,stg5diff2_S5d7_b1.bcHXNS,0.0
pancreas,NEUROG3,neurog3_late,7.0,False,stg5diff2_S5d7_b1.bcHORP,0.0
pancreas,NEUROG3,neurog3_late,7.0,False,stg5diff2_S5d7_b1.bcDRUP,0.34148198
pancreas,NEUROG3,neurog3_late,7.0,False,stg5diff2_S5d7_b1.bcDBLB,0.0
pancreas,NEUROG3,neurog3_late,7.0,False,stg5diff2_S5d7_b1.bcGPPE,0.0
pancreas,NEUROG3,neurog3_late,7.0,False,stg5diff2_S5d7_b1.bcDGPG,0.0
pancreas,NEUROG3,neurog3_late,7.0,False,stg5diff2_S5d7_b1.bcFCHW,0.58388937
pancreas,NEUROG3,neurog3_late,7.0,False,stg5diff2_S5d7_b1.bcFHAE,0.0
pancreas,NEUROG3,neurog3_late,7.0,False,stg5diff2_S5d7_b1.bcBHIF,0.0
pancreas,NEUROG3,neurog3_late,7.0,False,stg5diff2_S5d7_b1.bcIIQP,0.0
pancreas,NEUROG3,neurog3_late,7.0,False,stg5diff2_S5d7_b1.bcCUSK,0.4941516
pancreas,NEUROG3,neurog3_late,7.0,False,stg5diff2_S5d7_b1.bcCKRY,0.0
pancreas,NEUROG3,neurog3_late,7.0,False,stg5diff2_S5d7_b1.bcGONS,0.0
pancreas,NEUROG3,neurog3_late,7.0,False,stg5diff2_S5d7_b1.bcHMAY,1.0086483
pancreas,NEUROG3,neurog3_late,7.0,False,stg5diff2_S5d7_b1.bcGLUW,0.0
pancreas,NEUROG3,neurog3_late,7.0,False,stg5diff2_S5d7_b1.bcFRVN,0.0
pancreas,NEUROG3,neurog3_late,7.0,False,stg5diff2_S5d7_b1.bcBOMF,0.87475276
pancreas,NEUROG3,neurog3_late,7.0,False,stg5diff2_S5d7_b1.bcFIYF,0.0
pancreas,NEUROG3,neurog3_late,7.0,False,stg5diff2_S5d7_b1.bcGPIA,1.449154
pancreas,NEUROG3,neurog3_late,7.0,False,stg5diff2_S5d7_b1.bcAEWQ,0.0
pancreas,NEUROG3,neurog3_late,7.0,False,stg5diff2_S5d7_b1.bcDCZZ,0.0
pancreas,NEUROG3,neurog3_late,7.0,False,stg5diff2_S5d7_b1.bcCESL,0.0
pancreas,NEUROG3,neurog3_late,7.0,False,stg5diff2_S5d7_b1.bcDEXP,1.569224
pancreas,NEUROG3,neurog3_late,7.0,False,stg5diff2_S5d7_b1.bcHJMU,1.260355
pancreas,NEUROG3,neurog3_late,7.0,False,stg5diff2_S5d7_b1.bcEHUB,0.0
pancreas,NEUROG3,neurog3_late,7.0,False,stg5diff2_S5d7_b1.bcEGPO,2.1044712
pancreas,NEUROG3,neurog3_late,7.0,False,stg5diff2_S5d7_b1.bcAASP,1.0810128
pancreas,NEUROG3,neurog3_late,7.0,False,stg5diff2_S5d7_b1.bcHOKU,0.51878136
pancreas,NEUROG3,neurog3_late,7.0,False,stg5diff2_S5d7_b1.bcASBF,0.0
pancreas,NEUROG3,neurog3_late,7.0,False,stg5diff2_S5d7_b1.bcEFAG,1.3805637
pancreas,NEUROG3,neurog3_late,7.0,False,stg5diff2_S5d7_b1.bcHTJF,0.536495
pancreas,NEUROG3,neurog3_late,7.0,False,stg5diff2_S5d7_b1.bcDPFS,0.0
pancreas,NEUROG3,neurog3_late,7.0,False,stg5diff2_S5d7_b1.bcGGWV,0.0
pancreas,NEUROG3,neurog3_late,7.0,False,stg5diff2_S5d7_b1.bcCMNX,0.9104574
pancreas,NEUROG3,neurog3_late,7.0,False,stg5diff2_S5d7_b1.bcBTSC,0.0
pancreas,NEUROG3,neurog3_late,7.0,False,stg5diff2_S5d7_b1.bcFTRD,0.0
pancreas,NEUROG3,neurog3_late,7.0,False,stg5diff2_S5d7_b1.bcBDTK,0.0
pancreas,NEUROG3,neurog3_late,7.0,False,stg5diff2_S5d7_b1.bcGAAE,0.0
pancreas,NEUROG3,neurog3_late,7.0,False,stg5diff2_S5d7_b1.bcCFYP,0.0
pancreas,NEUROG3,neurog3_late,7.0,False,stg5diff2_S5d7_b1.bcFOEW,0.0
pancreas,NEUROG3,neurog3_late,7.0,False,stg5diff2_S5d7_b1.bcAFSL,0.0
pancreas,NEUROG3,neurog3_late,7.0,False,stg5diff2_S5d7_b1.bcBXPC,0.0
pancreas,NEUROG3,neurog3_late,7.0,False,stg5diff2_S5d7_b1.bcDBZD,0.0
pancreas,NEUROG3,neurog3_late,7.0,False,stg5diff2_S5d7_b1.bcAYOT,0.0
pancreas,NEUROG3,neurog3_late,7.0,False,stg5diff2_S5d7_b1.bcHIQF,1.7020053
pancreas,NEUROG3,neurog3_late,7.0,False,stg5diff2_S5d7_b1.bcEIGS,0.70936775
pancreas,NEUROG3,neurog3_late,7.0,False,stg5diff2_S5d7_b1.bcBCWO,0.0
pancreas,NEUROG3,neurog3_late,7.0,False,stg5diff2_S5d7_b1.bcFYTT,0.0
pancreas,NEUROG3,neurog3_late,7.0,False,stg5diff2_S5d7_b1.bcIIQE,0.0
pancreas,NEUROG3,neurog3_late,7.0,False,stg5diff2_S5d7_b1.bcHHCZ,0.0
pancreas,NEUROG3,neurog3_late,7.0,False,stg5diff2_S5d7_b1.bcDNWZ,0.0
pancreas,NEUROG3,neurog3_late,7.0,False,stg5diff2_S5d7_b1.bcESFN,0.0
pancreas,NEUROG3,neurog3_late,7.0,False,stg5diff2_S5d7_b1.bcGNVM,0.8184677
pancreas,NEUROG3,neurog3_late,7.0,False,stg5diff2_S5d7_b1.bcCVGS,0.0
pancreas,NEUROG3,neurog3_late,7.0,False,stg5diff2_S5d7_b1.bcDKRP,0.0
pancreas,NEUROG3,neurog3_late,7.0,False,stg5diff2_S5d7_b1.bcEPQG,0.0
pancreas,NEUROG3,neurog3_late,7.0,False,stg5diff2_S5d7_b1.bcDNHG,0.0
pancreas,NEUROG3,neurog3_late,7.0,False,stg5diff1_S5d7_b2.bcGHBY,0.0
pancreas,NEUROG3,neurog3_late,7.0,False,stg5diff1_S5d7_b2.bcASUI,1.4596469
pancreas,NEUROG3,neurog3_late,7.0,False,stg5diff1_S5d7_b2.bcAOBE,1.1305707
pancreas,NEUROG3,neurog3_late,7.0,False,stg5diff1_S5d7_b2.bcFWOE,1.8500413
pancreas,NEUROG3,neurog3_late,7.0,False,stg5diff1_S5d7_b2.bcGABC,0.0
pancreas,NEUROG3,neurog3_late,7.0,False,stg5diff1_S5d7_b2.bcIGHN,0.82560045
pancreas,NEUROG3,neurog3_late,7.0,False,stg5diff1_S5d7_b2.bcHVKO,1.2834067
pancreas,NEUROG3,neurog3_late,7.0,False,stg5diff1_S5d7_b2.bcHJVS,0.0
pancreas,NEUROG3,neurog3_late,7.0,False,stg5diff1_S5d7_b2.bcARSE,0.0
pancreas,NEUROG3,neurog3_late,7.0,False,stg5diff1_S5d7_b2.bcHKAO,1.3703849
pancreas,NEUROG3,neurog3_late,7.0,False,stg5diff1_S5d7_b2.bcFEMB,0.0
pancreas,NEUROG3,neurog3_late,7.0,False,stg5diff1_S5d7_b2.bcGNMJ,1.0673714
pancreas,NEUROG3,neurog3_late,7.0,False,stg5diff1_S5d7_b2.bcIIJW,0.0
pancreas,NEUROG3,neurog3_late,7.0,False,stg5diff1_S5d7_b2.bcEYIF,0.848103
pancreas,NEUROG3,neurog3_late,7.0,False,stg5diff1_S5d7_b2.bcBBVV,1.5275843
pancreas,NEUROG3,neurog3_late,7.0,False,stg5diff1_S5d7_b2.bcCXTO,0.5626349
pancreas,NEUROG3,neurog3_late,7.0,False,stg5diff1_S5d7_b2.bcAOCF,1.4286256
pancreas,NEUROG3,neurog3_late,7.0,False,stg5diff1_S5d7_b2.bcFWTH,0.7315158
pancreas,NEUROG3,neurog3_late,7.0,False,stg5diff1_S5d7_b2.bcHQQB,0.0
pancreas,NEUROG3,neurog3_late,7.0,False,stg5diff1_S5d7_b2.bcEFGS,0.8065566
pancreas,NEUROG3,neurog3_late,7.0,False,stg5diff1_S5d7_b2.bcDPAB,0.0
pancreas,NEUROG3,neurog3_late,7.0,False,stg5diff1_S5d7_b2.bcHBPJ,0.0
pancreas,NEUROG3,neurog3_late,7.0,False,stg5diff1_S5d7_b2.bcCLTR,0.5372883
pancreas,NEUROG3,neurog3_late,7.0,False,stg5diff1_S5d7_b2.bcENGH,1.3329116
pancreas,NEUROG3,neurog3_late,7.0,False,stg5diff1_S5d7_b2.bcBFWY,0.0
pancreas,NEUROG3,neurog3_late,7.0,False,stg5diff1_S5d7_b2.bcARDE,1.8112153
pancreas,NEUROG3,neurog3_late,7.0,False,stg5diff1_S5d7_b2.bcAKAL,1.3456769
pancreas,NEUROG3,neurog3_late,7.0,False,stg5diff1_S5d7_b2.bcFCID,0.0
pancreas,NEUROG3,neurog3_late,7.0,False,stg5diff1_S5d7_b2.bcDAFG,0.78144616
pancreas,NEUROG3,neurog3_late,7.0,False,stg5diff1_S5d7_b2.bcCDIC,0.52990216
pancreas,NEUROG3,neurog3_late,7.0,False,stg5diff1_S5d7_b2.bcDYGN,1.5887771
pancreas,NEUROG3,neurog3_late,7.0,False,stg5diff1_S5d7_b2.bcGGBW,0.4870817
pancreas,NEUROG3,neurog3_late,7.0,False,stg5diff1_S5d7_b2.bcARSY,0.0
pancreas,NEUROG3,neurog3_late,7.0,False,stg5diff1_S5d7_b2.bcDCEL,0.947134
pancreas,NEUROG3,neurog3_late,7.0,False,stg5diff1_S5d7_b2.bcBIWS,0.99731815
pancreas,NEUROG3,neurog3_late,7.0,False,stg5diff1_S5d7_b2.bcGEZY,0.6825691
pancreas,NEUROG3,neurog3_late,7.0,False,stg5diff1_S5d7_b2.bcGNUM,0.0
pancreas,NEUROG3,neurog3_late,7.0,False,stg5diff1_S5d7_b2.bcFJTQ,0.0
pancreas,NEUROG3,neurog3_late,7.0,False,stg5diff1_S5d7_b2.bcFUYJ,1.1945025
pancreas,NEUROG3,neurog3_late,7.0,False,stg5diff1_S5d7_b2.bcEWTS,0.0
pancreas,NEUROG3,neurog3_late,7.0,False,stg5diff1_S5d7_b2.bcEMCC,0.0
pancreas,NEUROG3,neurog3_late,7.0,False,stg5diff1_S5d7_b2.bcEZDU,1.5838342
pancreas,NEUROG3,neurog3_late,7.0,False,stg5diff2_S5d7_b2.bcFHCP,0.0
pancreas,NEUROG3,neurog3_late,7.0,False,stg5diff2_S5d7_b2.bcGFHB,1.0046301
pancreas,NEUROG3,neurog3_late,7.0,False,stg5diff2_S5d7_b2.bcANZQ,0.9266644
pancreas,NEUROG3,neurog3_late,7.0,False,stg5diff2_S5d7_b2.bcBZCN,0.58673084
pancreas,NEUROG3,neurog3_late,7.0,False,stg5diff2_S5d7_b2.bcHEEE,1.2751415
pancreas,NEUROG3,neurog3_late,7.0,False,stg5diff2_S5d7_b2.bcGUKU,0.0
pancreas,NEUROG3,neurog3_late,7.0,False,stg5diff2_S5d7_b2.bcBEYS,0.0
pancreas,NEUROG3,neurog3_late,7.0,False,stg5diff2_S5d7_b2.bcEGYJ,0.5473531
pancreas,NEUROG3,neurog3_late,7.0,False,stg5diff2_S5d7_b2.bcBSMD,0.43091732
pancreas,NEUROG3,neurog3_late,7.0,False,stg5diff2_S5d7_b2.bcAMOU,0.0
pancreas,NEUROG3,neurog3_late,7.0,False,stg5diff2_S5d7_b2.bcGHZV,0.0
pancreas,NEUROG3,neurog3_late,7.0,False,stg5diff2_S5d7_b2.bcBTJS,0.0
pancreas,NEUROG3,neurog3_late,7.0,False,stg5diff2_S5d7_b2.bcCYPM,1.2343363
pancreas,NEUROG3,neurog3_late,7.0,False,stg5diff2_S5d7_b2.bcCTJQ,0.0
pancreas,NEUROG3,neurog3_late,7.0,False,stg5diff2_S5d7_b2.bcFMFH,0.0
pancreas,NEUROG3,neurog3_late,7.0,False,stg5diff2_S5d7_b2.bcCZQU,0.0
pancreas,NEUROG3,neurog3_late,7.0,False,stg5diff2_S5d7_b2.bcBLYG,1.3338989
pancreas,NEUROG3,neurog3_late,7.0,False,stg5diff2_S5d7_b2.bcENQM,0.0
pancreas,NEUROG3,neurog3_late,7.0,False,stg5diff2_S5d7_b2.bcGERA,0.0
pancreas,NEUROG3,neurog3_late,7.0,False,stg5diff2_S5d7_b2.bcGMBA,0.0
pancreas,NEUROG3,neurog3_late,7.0,False,stg5diff2_S5d7_b2.bcGVOP,0.92208785
pancreas,NEUROG3,neurog3_late,7.0,False,stg5diff2_S5d7_b2.bcHVFK,1.248325
pancreas,NEUROG3,neurog3_late,7.0,False,stg5diff2_S5d7_b2.bcDKZE,0.0
pancreas,NEUROG3,neurog3_late,7.0,False,stg5diff2_S5d7_b2.bcAVHX,0.0
pancreas,NEUROG3,neurog3_late,7.0,False,stg5diff2_S5d7_b2.bcCTKT,0.0
pancreas,NEUROG3,neurog3_late,7.0,False,stg5diff2_S5d7_b2.bcFCSW,1.442677
pancreas,NEUROG3,neurog3_late,7.0,False,stg5diff2_S5d7_b2.bcECUC,0.9334414
pancreas,NEUROG3,neurog3_late,7.0,False,stg5diff2_S5d7_b2.bcHVAC,0.0
pancreas,NEUROG3,neurog3_late,7.0,False,stg5diff2_S5d7_b2.bcIJYV,0.0
pancreas,NEUROG3,neurog3_late,7.0,False,stg5diff2_S5d7_b2.bcBPED,0.0
pancreas,NEUROG3,neurog3_late,7.0,False,stg5diff2_S5d7_b2.bcBQTF,0.0
pancreas,NEUROG3,neurog3_late,7.0,False,stg5diff2_S5d7_b2.bcIHMY,0.0
pancreas,NEUROG3,neurog3_late,7.0,False,stg5diff2_S5d7_b2.bcBVWA,0.0
pancreas,NEUROG3,neurog3_late,7.0,False,stg5diff2_S5d7_b2.bcFSLP,0.0
pancreas,NEUROG3,neurog3_late,7.0,False,stg5diff2_S5d7_b2.bcBTAS,0.0
pancreas,NEUROG3,neurog3_late,7.0,False,stg5diff2_S5d7_b2.bcADOO,0.0
pancreas,NEUROG3,neurog3_late,7.0,False,stg5diff2_S5d7_b2.bcFCOR,0.9273728
pancreas,NEUROG3,neurog3_late,7.0,False,stg5diff2_S5d7_b2.bcDZTQ,0.49549448
pancreas,NEUROG3,neurog3_late,7.0,False,stg5diff2_S5d7_b2.bcGOUE,0.0
pancreas,NEUROG3,neurog3_late,7.0,False,stg5diff2_S5d7_b2.bcGFRA,0.0
pancreas,NEUROG3,neurog3_late,7.0,False,stg5diff2_S5d7_b2.bcHGWW,0.0
pancreas,NEUROG3,neurog3_late,7.0,False,stg5diff2_S5d7_b2.bcHDBK,0.0
pancreas,NEUROG3,neurog3_late,7.0,False,stg5diff2_S5d7_b2.bcEZTY,0.0
pancreas,NEUROG3,neurog3_late,7.0,False,stg5diff2_S5d7_b2.bcCAQH,0.0
pancreas,NEUROG3,neurog3_late,7.0,False,stg5diff2_S5d7_b2.bcGAIE,0.8660823
pancreas,NEUROG3,neurog3_late,7.0,False,stg5diff2_S5d7_b2.bcHTXB,0.4577012
pancreas,NEUROG3,neurog3_late,7.0,False,stg5diff2_S5d7_b2.bcBWFM,0.0
pancreas,NEUROG3,neurog3_late,7.0,False,stg5diff2_S5d7_b2.bcFEAZ,0.0
pancreas,NEUROG3,neurog3_late,7.0,False,stg5diff2_S5d7_b2.bcAIWI,0.5352531
pancreas,NEUROG3,neurog3_late,7.0,False,stg5diff2_S5d7_b2.bcHYCO,0.0
pancreas,NEUROG3,neurog3_late,7.0,False,stg5diff2_S5d7_b2.bcCCUW,0.0
pancreas,NEUROG3,neurog3_late,7.0,False,stg5diff2_S5d7_b2.bcHGIU,0.0
pancreas,NEUROG3,neurog3_late,7.0,False,stg5diff2_S5d7_b2.bcAIFP,0.0
pancreas,NEUROG3,neurog3_late,7.0,False,stg5diff2_S5d7_b2.bcFJMX,0.0
pancreas,NEUROG3,neurog3_late,7.0,False,stg5diff2_S5d7_b2.bcIAOJ,1.2948889
pancreas,NEUROG3,neurog3_late,7.0,False,stg5diff2_S5d7_b2.bcGWEZ,0.45909667
pancreas,NEUROG3,neurog3_late,7.0,False,stg5diff2_S5d7_b2.bcFHAE,0.0
pancreas,NEUROG3,neurog3_late,7.0,False,stg5diff2_S5d7_b2.bcFWKZ,0.0
pancreas,NEUROG3,neurog3_late,7.0,False,stg5diff2_S5d7_b2.bcEMVB,0.43537968
pancreas,NEUROG3,neurog3_late,7.0,False,stg5diff2_S5d7_b2.bcHHNP,0.0
pancreas,NEUROG3,neurog3_late,7.0,False,stg5diff2_S5d7_b2.bcHJRY,0.6948791
pancreas,NEUROG3,neurog3_late,7.0,False,stg5diff2_S5d7_b2.bcFTRJ,0.5371748
pancreas,NEUROG3,neurog3_late,7.0,False,stg5diff2_S5d7_b2.bcATDC,0.0
zebrafish,MYOD1,adaxial_cells,8.0,False,ZF75_WT_DS3_ACCTTTAGGTCT,0.7619868
zebrafish,MYOD1,adaxial_cells,8.0,False,ZF75_WT_DS3_CCACTCTGACGN,0.0
zebrafish,MYOD1,adaxial_cells,8.0,False,ZF75_WT_DS3_GACTATCCGGCG,1.2758706
zebrafish,MYOD1,adaxial_cells,8.0,False,ZF75_WT_DS3_TATCACACAAAG,1.0488889
zebrafish,MYOD1,adaxial_cells,8.0,False,ZF75_WT_DS3_TCCGCTCTATTC,0.0
zebrafish,MYOD1,adaxial_cells,9.0,True,ZF90_WT_DS3_AATACGATATTA,2.5857782
zebrafish,MYOD1,adaxial_cells,9.0,True,ZF90_WT_DS3_AGAATAACCGAC,1.9661999
zebrafish,MYOD1,adaxial_cells,9.0,True,ZF90_WT_DS3_ATGCCAATGCAC,1.2795554
zebrafish,MYOD1,adaxial_cells,9.0,True,ZF90_WT_DS3_ATTGCTATTAAC,2.446233
zebrafish,MYOD1,adaxial_cells,9.0,True,ZF90_WT_DS3_CCGCGTATTCGT,2.2079911
zebrafish,MYOD1,adaxial_cells,9.0,True,ZF90_WT_DS3_CCGGAACCTTCG,2.6321845
zebrafish,MYOD1,adaxial_cells,9.0,True,ZF90_WT_DS3_CGAAAGTTTAGT,2.968905
zebrafish,MYOD1,adaxial_cells,9.0,True,ZF90_WT_DS3_CGAACACATCCG,1.5073887
zebrafish,MYOD1,adaxial_cells,9.0,True,ZF90_WT_DS3_CGCATAGCATCC,0.0
zebrafish,MYOD1,adaxial_cells,9.0,True,ZF90_WT_DS3_CGCCGCTCGAGT,0.98998827
zebrafish,MYOD1,adaxial_cells,9.0,True,ZF90_WT_DS3_CGCGCTACCGAA,0.0
zebrafish,MYOD1,adaxial_cells,9.0,True,ZF90_WT_DS3_CGGACACACCTG,1.222877
zebrafish,MYOD1,adaxial_cells,9.0,True,ZF90_WT_DS3_CGGCAGGGTGTT,1.5463102
zebrafish,MYOD1,adaxial_cells,9.0,True,ZF90_WT_DS3_CTCATAAATACG,1.2956914
zebrafish,MYOD1,adaxial_cells,9.0,True,ZF90_WT_DS3_CTCCTTCTGGGA,0.0
zebrafish,MYOD1,adaxial_cells,9.0,True,ZF90_WT_DS3_CTGCTACGAAGG,1.2017481
zebrafish,MYOD1,adaxial_cells,9.0,True,ZF90_WT_DS3_CTTCGGTATAGT,0.0
zebrafish,MYOD1,adaxial_cells,9.0,True,ZF90_WT_DS3_GAAAGCGACTGG,0.0
zebrafish,MYOD1,adaxial_cells,9.0,True,ZF90_WT_DS3_GATATCACCATG,0.0
zebrafish,MYOD1,adaxial_cells,9.0,True,ZF90_WT_DS3_GCCTGGAAGGTA,2.2280037
zebrafish,MYOD1,adaxial_cells,9.0,True,ZF90_WT_DS3_GCTCCAACAGTA,2.1841218
zebrafish,MYOD1,adaxial_cells,9.0,True,ZF90_WT_DS3_GGTCCTATCAGT,3.1539564
zebrafish,MYOD1,adaxial_cells,9.0,True,ZF90_WT_DS3_GTACCATTTATT,1.1634429
zebrafish,MYOD1,adaxial_cells,9.0,True,ZF90_WT_DS3_TAAAGATTGCCC,2.1657696
zebrafish,MYOD1,adaxial_cells,9.0,True,ZF90_WT_DS3_TAATAGACTTGC,2.7671318
zebrafish,MYOD1,adaxial_cells,9.0,True,ZF90_WT_DS3_TCAGCGTGTTTG,0.0
zebrafish,MYOD1,adaxial_cells,9.0,True,ZF90_WT_DS3_TCTCTTCCGAAA,0.9288939
zebrafish,MYOD1,adaxial_cells,9.0,True,ZF90_WT_DS3_TCTTTGGTAGAT,0.0
zebrafish,MYOD1,adaxial_cells,9.0,True,ZF90_WT_DS3_TGATGAGTTGAG,0.82565624
zebrafish,MYOD1,adaxial_cells,9.0,True,ZF90_WT_DS3_TGGTGATACAGA,0.0
zebrafish,MYOD1,adaxial_cells,9.0,True,ZF90_WT_DS3_TTAGGAACAATC,1.3874898
zebrafish,MYOD1,adaxial_cells,9.0,True,ZF90_WT_DS3_TTGACCCCTAAA,0.0
zebrafish,MYOD1,adaxial_cells,9.0,True,ZF90_WT_DS3_TTGCATGCTTAC,2.9859753
zebrafish,MYOD1,adaxial_cells,9.0,True,ZF90_WT_DS4_AAAGCCTTAGTT,2.1585457
zebrafish,MYOD1,adaxial_cells,9.0,True,ZF90_WT_DS4_AACAGTTGATCA,0.0
zebrafish,MYOD1,adaxial_cells,9.0,True,ZF90_WT_DS4_AAGGAATGCCTT,1.5714796
zebrafish,MYOD1,adaxial_cells,9.0,True,ZF90_WT_DS4_AATTCATCCGAG,0.0
zebrafish,MYOD1,adaxial_cells,9.0,True,ZF90_WT_DS4_AGCCTGGAGTTG,2.4365516
zebrafish,MYOD1,adaxial_cells,9.0,True,ZF90_WT_DS4_ATGCCCTATCCT,0.0
zebrafish,MYOD1,adaxial_cells,9.0,True,ZF90_WT_DS4_CATTGTAAAGGN,2.0941315
zebrafish,MYOD1,adaxial_cells,9.0,True,ZF90_WT_DS4_CGGCGCGAATTT,2.2579682
zebrafish,MYOD1,adaxial_cells,9.0,True,ZF90_WT_DS4_CGTGTACCATTG,1.5151825
zebrafish,MYOD1,adaxial_cells,9.0,True,ZF90_WT_DS4_CTATTCAGGATT,0.0
zebrafish,MYOD1,adaxial_cells,9.0,True,ZF90_WT_DS4_GATTGGCCGCAC,0.0
zebrafish,MYOD1,adaxial_cells,9.0,True,ZF90_WT_DS4_GCCAGCCGTCCG,0.0
zebrafish,MYOD1,adaxial_cells,9.0,True,ZF90_WT_DS4_GCGTGGTTAGAT,1.9128052
zebrafish,MYOD1,adaxial_cells,9.0,True,ZF90_WT_DS4_GTGCTCCCAACA,0.0
zebrafish,MYOD1,adaxial_cells,9.0,True,ZF90_WT_DS4_GTTATTCGGTAA,2.6088903
zebrafish,MYOD1,adaxial_cells,9.0,True,ZF90_WT_DS4_TAACCGTTGAAC,1.1043062
zebrafish,MYOD1,adaxial_cells,9.0,True,ZF90_WT_DS4_TACTAGACAGAC,1.8633181
zebrafish,MYOD1,adaxial_cells,9.0,True,ZF90_WT_DS4_TCGCAAGGAATC,2.4651897
zebrafish,MYOD1,adaxial_cells,9.0,True,ZF90_WT_DS4_TTAGACTTTCAG,2.1878436
zebrafish,MYOD1,adaxial_cells,9.0,True,ZF90_WT_DS4_TTGAGACTACTC,2.3205514
zebrafish,MYOD1,adaxial_cells,9.0,True,ZF90_WT_DS4_TTGAGCATCTCT,0.0
zebrafish,MYOD1,adaxial_cells,10.0,False,ZFB_WT_DS2_ACTCCGATGTTG,1.9722351
zebrafish,MYOD1,adaxial_cells,10.0,False,ZFB_WT_DS2_ATACGATTTCAG,0.0
zebrafish,MYOD1,adaxial_cells,10.0,False,ZFB_WT_DS2_ATCATGTCGCAA,0.0
zebrafish,MYOD1,adaxial_cells,10.0,False,ZFB_WT_DS2_ATGTCTGGGAAG,1.7428113
zebrafish,MYOD1,adaxial_cells,10.0,False,ZFB_WT_DS2_CCAGTCCCGTAT,2.4273527
zebrafish,MYOD1,adaxial_cells,10.0,False,ZFB_WT_DS2_CGGGCACCGGCT,0.0
zebrafish,MYOD1,adaxial_cells,10.0,False,ZFB_WT_DS2_TACGTATCTGGG,0.0
zebrafish,MYOD1,adaxial_cells,10.0,False,ZFB_WT_DS2_TCTTATTGTGAC,2.5463378
zebrafish,MYOD1,adaxial_cells,10.0,False,ZFB_WT_DS2_TTGGCTTGGTGG,2.0131612
zebrafish,MYOD1,adaxial_cells,10.0,False,ZFB_WT_DS2_TTTCGGATGTCA,0.78042287
zebrafish,MYOD1,adaxial_cells,10.0,False,ZFB_WT_DS2b_CATCCTAGGGGC,0.0
zebrafish,MYOD1,adaxial_cells,10.0,False,ZFB_WT_DS2b_CCGCACTGACAG,0.0
zebrafish,MYOD1,adaxial_cells,10.0,False,ZFB_WT_DS2b_CTCCGCGGATTT,0.0
zebrafish,MYOD1,adaxial_cells,10.0,False,ZFB_WT_DS2b_CTCGACTTCGGT,1.6729782
zebrafish,MYOD1,adaxial_cells,10.0,False,ZFB_WT_DS2b_GAGGATTTACCG,0.0
zebrafish,MYOD1,adaxial_cells,10.0,False,ZFB_WT_DS2b_GTACTTGGACTG,0.0
zebrafish,MYOD1,adaxial_cells,10.0,False,ZFB_WT_DS3_AAACATGCCGAN,0.7571161
zebrafish,MYOD1,adaxial_cells,10.0,False,ZFB_WT_DS3_AAACCCATCCTC,0.0
zebrafish,MYOD1,adaxial_cells,10.0,False,ZFB_WT_DS3_AAACCGTCCCAC,1.5673429
zebrafish,MYOD1,adaxial_cells,10.0,False,ZFB_WT_DS3_AAACGTATACAC,0.0
zebrafish,MYOD1,adaxial_cells,10.0,False,ZFB_WT_DS3_AAACTGCTACTT,1.9866598
zebrafish,MYOD1,adaxial_cells,10.0,False,ZFB_WT_DS3_AAAGTTTCCCAA,1.2758706
zebrafish,MYOD1,adaxial_cells,10.0,False,ZFB_WT_DS3_AAATGTGTTAGC,0.0
zebrafish,MYOD1,adaxial_cells,10.0,False,ZFB_WT_DS3_AACACGTCCGCA,1.7702888
zebrafish,MYOD1,adaxial_cells,10.0,False,ZFB_WT_DS3_AACTCAGAGTGT,0.0
zebrafish,MYOD1,adaxial_cells,10.0,False,ZFB_WT_DS3_AACTCGTATTCC,1.6175351
zebrafish,MYOD1,adaxial_cells,10.0,False,ZFB_WT_DS3_AAGAATGTTCGA,0.9918604
zebrafish,MYOD1,adaxial_cells,10.0,False,ZFB_WT_DS3_AAGAGTGGCTAC,2.1767926
zebrafish,MYOD1,adaxial_cells,10.0,False,ZFB_WT_DS3_AAGATACGCTTT,1.5022542
zebrafish,MYOD1,adaxial_cells,10.0,False,ZFB_WT_DS3_AAGGCGATGGAC,0.0
zebrafish,MYOD1,adaxial_cells,10.0,False,ZFB_WT_DS3_AAGGTACGCCAC,0.0
zebrafish,MYOD1,adaxial_cells,10.0,False,ZFB_WT_DS3_AAGTATTCGCAA,2.2996929
zebrafish,MYOD1,adaxial_cells,10.0,False,ZFB_WT_DS3_AATAAAATGATT,0.0
zebrafish,MYOD1,adaxial_cells,10.0,False,ZFB_WT_DS3_AATATCACCTAT,2.0088239
zebrafish,MYOD1,adaxial_cells,10.0,False,ZFB_WT_DS3_AATGTCACTGAT,0.0
zebrafish,MYOD1,adaxial_cells,10.0,False,ZFB_WT_DS3_AATTCTCGATAG,0.0
zebrafish,MYOD1,adaxial_cells,10.0,False,ZFB_WT_DS3_AATTTGCTTGGT,0.0
zebrafish,MYOD1,adaxial_cells,10.0,False,ZFB_WT_DS3_AATTTTAGCCTA,0.0
zebrafish,MYOD1,adaxial_cells,10.0,False,ZFB_WT_DS3_ACAGGCGATAGN,1.1689931
zebrafish,MYOD1,adaxial_cells,10.0,False,ZFB_WT_DS3_ACATAGGCTTGT,2.555713
zebrafish,MYOD1,adaxial_cells,10.0,False,ZFB_WT_DS3_ACATGAGTCACG,0.0
zebrafish,MYOD1,adaxial_cells,10.0,False,ZFB_WT_DS3_ACCAACTTATCT,2.4214818
zebrafish,MYOD1,adaxial_cells,10.0,False,ZFB_WT_DS3_ACCCCACCCTTG,0.0
zebrafish,MYOD1,adaxial_cells,10.0,False,ZFB_WT_DS3_ACCGCGCCAAAC,1.0298781
zebrafish,MYOD1,adaxial_cells,10.0,False,ZFB_WT_DS3_ACCGTGTTATGG,0.0
zebrafish,MYOD1,adaxial_cells,10.0,False,ZFB_WT_DS3_ACCGTTTTGCAT,1.0005301
zebrafish,MYOD1,adaxial_cells,10.0,False,ZFB_WT_DS3_ACTATGCTCGCT,0.0
zebrafish,MYOD1,adaxial_cells,10.0,False,ZFB_WT_DS3_ACTCTCCATGAC,2.1777894
zebrafish,MYOD1,adaxial_cells,10.0,False,ZFB_WT_DS3_AGAATTCCTTCA,2.58183
zebrafish,MYOD1,adaxial_cells,10.0,False,ZFB_WT_DS3_AGACTATGCTCC,2.906188
zebrafish,MYOD1,adaxial_cells,10.0,False,ZFB_WT_DS3_AGAGCGCGCCTA,0.0
zebrafish,MYOD1,adaxial_cells,10.0,False,ZFB_WT_DS3_AGCATTTGTTTA,0.0
zebrafish,MYOD1,adaxial_cells,10.0,False,ZFB_WT_DS3_AGCCCATGCCAA,0.0
zebrafish,MYOD1,adaxial_cells,10.0,False,ZFB_WT_DS3_AGCGCCGCTTGC,1.4172566
zebrafish,MYOD1,adaxial_cells,10.0,False,ZFB_WT_DS3_AGCTTCTGTTTA,0.0
zebrafish,MYOD1,adaxial_cells,10.0,False,ZFB_WT_DS3_AGCTTGGGCGTA,1.588835
zebrafish,MYOD1,adaxial_cells,10.0,False,ZFB_WT_DS3_AGCTTTGTAGCC,0.0
zebrafish,MYOD1,adaxial_cells,10.0,False,ZFB_WT_DS3_AGGCAGAGCTGT,0.0
zebrafish,MYOD1,adaxial_cells,10.0,False,ZFB_WT_DS3_AGGCCCGTCGGC,2.1436248
zebrafish,MYOD1,adaxial_cells,10.0,False,ZFB_WT_DS3_AGGCCGCGTAGC,0.0
zebrafish,MYOD1,adaxial_cells,10.0,False,ZFB_WT_DS3_AGGCTATTGAGA,0.0
zebrafish,MYOD1,adaxial_cells,10.0,False,ZFB_WT_DS3_AGGGACCCAGAA,0.0
zebrafish,MYOD1,adaxial_cells,10.0,False,ZFB_WT_DS3_AGTAGCGTATGA,2.1246283
zebrafish,MYOD1,adaxial_cells,10.0,False,ZFB_WT_DS3_AGTAGTCTTCCC,1.7923186
zebrafish,MYOD1,adaxial_cells,10.0,False,ZFB_WT_DS3_AGTGTTAGTGCC,0.0
zebrafish,MYOD1,adaxial_cells,10.0,False,ZFB_WT_DS3_AGTTGAATGTAA,0.0
zebrafish,MYOD1,adaxial_cells,10.0,False,ZFB_WT_DS3_ATCAAGGCAAGG,0.0
zebrafish,MYOD1,adaxial_cells,10.0,False,ZFB_WT_DS3_ATCGAAAACTGA,0.0
zebrafish,MYOD1,adaxial_cells,10.0,False,ZFB_WT_DS3_ATCTTCAGACAC,0.0
zebrafish,MYOD1,adaxial_cells,10.0,False,ZFB_WT_DS3_ATCTTGATTTGT,1.0183718
zebrafish,MYOD1,adaxial_cells,10.0,False,ZFB_WT_DS3_ATGACTATCGAC,1.2929769
zebrafish,MYOD1,adaxial_cells,10.0,False,ZFB_WT_DS3_ATGACTGTCCGG,2.3160963
zebrafish,MYOD1,adaxial_cells,10.0,False,ZFB_WT_DS3_ATTATATATCGA,1.7269108
zebrafish,MYOD1,adaxial_cells,10.0,False,ZFB_WT_DS3_ATTCCCTCGTCG,0.0
zebrafish,MYOD1,adaxial_cells,10.0,False,ZFB_WT_DS3_ATTCCGCATGGG,1.016104
zebrafish,MYOD1,adaxial_cells,10.0,False,ZFB_WT_DS3_CAACCATCTTCT,1.7675824
zebrafish,MYOD1,adaxial_cells,10.0,False,ZFB_WT_DS3_CAAGCACGAATA,1.8325815
zebrafish,MYOD1,adaxial_cells,10.0,False,ZFB_WT_DS3_CAATTCATTTAC,0.0
zebrafish,MYOD1,adaxial_cells,10.0,False,ZFB_WT_DS3_CACCAGGAACAA,2.3744497
zebrafish,MYOD1,adaxial_cells,10.0,False,ZFB_WT_DS3_CACGCGTAAGTG,0.0
zebrafish,MYOD1,adaxial_cells,10.0,False,ZFB_WT_DS3_CAGGGGGCTTGC,2.4232757
zebrafish,MYOD1,adaxial_cells,10.0,False,ZFB_WT_DS3_CATTCTGAATCG,1.4668533
zebrafish,MYOD1,adaxial_cells,10.0,False,ZFB_WT_DS3_CCACCGGCTTCG,0.0
zebrafish,MYOD1,adaxial_cells,10.0,False,ZFB_WT_DS3_CCAGCCGGTTAG,0.0
zebrafish,MYOD1,adaxial_cells,10.0,False,ZFB_WT_DS3_CCAGGGAGAACA,0.0
zebrafish,MYOD1,adaxial_cells,10.0,False,ZFB_WT_DS3_CCCACACTGCAN,1.8150494
zebrafish,MYOD1,adaxial_cells,10.0,False,ZFB_WT_DS3_CCCACTCCTACC,0.0
zebrafish,MYOD1,adaxial_cells,10.0,False,ZFB_WT_DS3_CCCCTCGTCGAT,2.885561
zebrafish,MYOD1,adaxial_cells,10.0,False,ZFB_WT_DS3_CCCGAGGACAAT,3.0891237
zebrafish,MYOD1,adaxial_cells,10.0,False,ZFB_WT_DS3_CCCGGACTTGTA,1.1177516
zebrafish,MYOD1,adaxial_cells,10.0,False,ZFB_WT_DS3_CCGAAAAATGCA,1.3288072
zebrafish,MYOD1,adaxial_cells,10.0,False,ZFB_WT_DS3_CCGATTTGCCGG,2.168534
zebrafish,MYOD1,adaxial_cells,10.0,False,ZFB_WT_DS3_CCGCCTTGCCAA,1.9722351
zebrafish,MYOD1,adaxial_cells,10.0,False,ZFB_WT_DS3_CCGGCTTCGCCA,2.0345526
zebrafish,MYOD1,adaxial_cells,10.0,False,ZFB_WT_DS3_CCTAGGTCTCTA,0.0
zebrafish,MYOD1,adaxial_cells,10.0,False,ZFB_WT_DS3_CCTGCTCGATCA,0.0
zebrafish,MYOD1,adaxial_cells,10.0,False,ZFB_WT_DS3_CGAGTAATCGGC,2.3172016
zebrafish,MYOD1,adaxial_cells,10.0,False,ZFB_WT_DS3_CGGATACCACCC,1.0763164
zebrafish,MYOD1,adaxial_cells,10.0,False,ZFB_WT_DS3_CGGATATATGGT,0.79532415
zebrafish,MYOD1,adaxial_cells,10.0,False,ZFB_WT_DS3_CGGATGAATCCA,0.0
zebrafish,MYOD1,adaxial_cells,10.0,False,ZFB_WT_DS3_CGGGAACGAGGT,0.0
zebrafish,MYOD1,adaxial_cells,10.0,False,ZFB_WT_DS3_CGGGCTTTTTTA,1.472038
zebrafish,MYOD1,adaxial_cells,10.0,False,ZFB_WT_DS3_CGTATTAGATGA,2.4380713
zebrafish,MYOD1,adaxial_cells,10.0,False,ZFB_WT_DS3_CGTGGGTGCATT,0.0
zebrafish,MYOD1,adaxial_cells,10.0,False,ZFB_WT_DS3_CGTGGTCTCGGC,2.5996933
zebrafish,MYOD1,adaxial_cells,10.0,False,ZFB_WT_DS3_CGTTCATGTCAT,1.589876
zebrafish,MYOD1,adaxial_cells,10.0,False,ZFB_WT_DS3_CTAAATAGGAGC,2.5122175
zebrafish,MYOD1,adaxial_cells,10.0,False,ZFB_WT_DS3_CTAACCCAGTCT,1.2878543
zebrafish,MYOD1,adaxial_cells,10.0,False,ZFB_WT_DS3_CTCTGCTACTAG,1.9580806
zebrafish,MYOD1,adaxial_cells,10.0,False,ZFB_WT_DS3_CTGACGCAAGCC,0.0
zebrafish,MYOD1,adaxial_cells,10.0,False,ZFB_WT_DS3_CTGAGCGCTGTG,2.0672143
zebrafish,MYOD1,adaxial_cells,10.0,False,ZFB_WT_DS3_CTGTGGCCAAAC,2.1571145
zebrafish,MYOD1,adaxial_cells,10.0,False,ZFB_WT_DS3_CTTAAAACATGA,0.0
zebrafish,MYOD1,adaxial_cells,10.0,False,ZFB_WT_DS3_CTTATGCGCACG,1.1814483
zebrafish,MYOD1,adaxial_cells,10.0,False,ZFB_WT_DS3_CTTCCAACATTT,0.0
zebrafish,MYOD1,adaxial_cells,10.0,False,ZFB_WT_DS3_CTTGAACCTGGN,1.5040774
zebrafish,MYOD1,adaxial_cells,10.0,False,ZFB_WT_DS3_CTTGCTGTTATT,0.0
zebrafish,MYOD1,adaxial_cells,10.0,False,ZFB_WT_DS3_CTTTCCGACCGT,0.0
zebrafish,MYOD1,adaxial_cells,10.0,False,ZFB_WT_DS3_GAAACGAAGCTT,0.0
zebrafish,MYOD1,adaxial_cells,10.0,False,ZFB_WT_DS3_GAATTTGATCGT,0.0
zebrafish,MYOD1,adaxial_cells,10.0,False,ZFB_WT_DS3_GACAAACGACGN,2.2647245
zebrafish,MYOD1,adaxial_cells,10.0,False,ZFB_WT_DS3_GACACAGGACTA,1.9794132
zebrafish,MYOD1,adaxial_cells,10.0,False,ZFB_WT_DS3_GACATGTAGCGC,0.0
zebrafish,MYOD1,adaxial_cells,10.0,False,ZFB_WT_DS3_GACCCGTCAATT,0.0
zebrafish,MYOD1,adaxial_cells,10.0,False,ZFB_WT_DS3_GACGAGTACCCT,1.3961841
zebrafish,MYOD1,adaxial_cells,10.0,False,ZFB_WT_DS3_GACGGTTCCAAT,2.6652956
zebrafish,MYOD1,adaxial_cells,10.0,False,ZFB_WT_DS3_GACTTCAAGCAG,0.0
zebrafish,MYOD1,adaxial_cells,10.0,False,ZFB_WT_DS3_GACTTTAGCTCT,0.0
zebrafish,MYOD1,adaxial_cells,10.0,False,ZFB_WT_DS3_GAGCCTGGCGTG,0.0
zebrafish,MYOD1,adaxial_cells,10.0,False,ZFB_WT_DS3_GATACGTTAGCC,0.0
zebrafish,MYOD1,adaxial_cells,10.0,False,ZFB_WT_DS3_GATAGTTATGAC,0.9279152
zebrafish,MYOD1,adaxial_cells,10.0,False,ZFB_WT_DS3_GATGACCAACTG,0.0
zebrafish,MYOD1,adaxial_cells,10.0,False,ZFB_WT_DS3_GATGGAGAGGTT,0.0
zebrafish,MYOD1,adaxial_cells,10.0,False,ZFB_WT_DS3_GATGGATCCTCG,1.2740014
zebrafish,MYOD1,adaxial_cells,10.0,False,ZFB_WT_DS3_GCAAGATCAGAT,0.0
zebrafish,MYOD1,adaxial_cells,10.0,False,ZFB_WT_DS3_GCAAGCGTGTGA,0.0
zebrafish,MYOD1,adaxial_cells,10.0,False,ZFB_WT_DS3_GCAAGTTCCCTN,2.1942492
zebrafish,MYOD1,adaxial_cells,10.0,False,ZFB_WT_DS3_GCACCGGACATA,2.3863904
zebrafish,MYOD1,adaxial_cells,10.0,False,ZFB_WT_DS3_GCAGTCTAGGTA,2.3525138
zebrafish,MYOD1,adaxial_cells,10.0,False,ZFB_WT_DS3_GCATTTGTTACA,0.0
zebrafish,MYOD1,adaxial_cells,10.0,False,ZFB_WT_DS3_GCATTTTCACGT,0.0
zebrafish,MYOD1,adaxial_cells,10.0,False,ZFB_WT_DS3_GCCACGAATTTA,2.3371944
zebrafish,MYOD1,adaxial_cells,10.0,False,ZFB_WT_DS3_GCCACTACAGTG,0.0
zebrafish,MYOD1,adaxial_cells,10.0,False,ZFB_WT_DS3_GCCATCCTGTGC,0.0
zebrafish,MYOD1,adaxial_cells,10.0,False,ZFB_WT_DS3_GCCCCCCTATCA,2.1266127
zebrafish,MYOD1,adaxial_cells,10.0,False,ZFB_WT_DS3_GCCGCAGCGGAC,2.530369
zebrafish,MYOD1,adaxial_cells,10.0,False,ZFB_WT_DS3_GCCGTCTATCGG,1.0946043
zebrafish,MYOD1,adaxial_cells,10.0,False,ZFB_WT_DS3_GCCTGAACAGAT,0.0
zebrafish,MYOD1,adaxial_cells,10.0,False,ZFB_WT_DS3_GCCTTCTCACTT,0.0
zebrafish,MYOD1,adaxial_cells,10.0,False,ZFB_WT_DS3_GCGACCAGCCCT,0.0
zebrafish,MYOD1,adaxial_cells,10.0,False,ZFB_WT_DS3_GCGCTAACGGAT,0.90970194
zebrafish,MYOD1,adaxial_cells,10.0,False,ZFB_WT_DS3_GCGCTTGCGCCC,0.0
zebrafish,MYOD1,adaxial_cells,10.0,False,ZFB_WT_DS3_GCGGTACCTTTA,0.0
zebrafish,MYOD1,adaxial_cells,10.0,False,ZFB_WT_DS3_GCGTTCCCTAAC,1.4031272
zebrafish,MYOD1,adaxial_cells,10.0,False,ZFB_WT_DS3_GCTCCACCTAAT,0.0
zebrafish,MYOD1,adaxial_cells,10.0,False,ZFB_WT_DS3_GCTTAGGAGTGC,0.0
zebrafish,MYOD1,adaxial_cells,10.0,False,ZFB_WT_DS3_GGAAGTGTGACN,1.1247666
zebrafish,MYOD1,adaxial_cells,10.0,False,ZFB_WT_DS3_GGACTCTATGGC,0.0
zebrafish,MYOD1,adaxial_cells,10.0,False,ZFB_WT_DS3_GGATGAGTTGGA,0.0
zebrafish,MYOD1,adaxial_cells,10.0,False,ZFB_WT_DS3_GGCGACCTATCG,0.0
zebrafish,MYOD1,adaxial_cells,10.0,False,ZFB_WT_DS3_GGCGCCCTGGCT,0.0
zebrafish,MYOD1,adaxial_cells,10.0,False,ZFB_WT_DS3_GGCGGAAGAAAC,0.0
zebrafish,MYOD1,adaxial_cells,10.0,False,ZFB_WT_DS3_GGCGGGCAGTCC,0.0
zebrafish,MYOD1,adaxial_cells,10.0,False,ZFB_WT_DS3_GGCTGTTAAGCG,0.0
zebrafish,MYOD1,adaxial_cells,10.0,False,ZFB_WT_DS3_GGGACGTCAAAG,1.3412614
zebrafish,MYOD1,adaxial_cells,10.0,False,ZFB_WT_DS3_GGGATATCGTGA,0.0
zebrafish,MYOD1,adaxial_cells,10.0,False,ZFB_WT_DS3_GGGCCAATAAGG,0.0
zebrafish,MYOD1,adaxial_cells,10.0,False,ZFB_WT_DS3_GGGCCAGTTCCG,1.4268615
zebrafish,MYOD1,adaxial_cells,10.0,False,ZFB_WT_DS3_GGGTCCCGAACC,2.18012
zebrafish,MYOD1,adaxial_cells,10.0,False,ZFB_WT_DS3_GGTACACTCGAG,0.0
zebrafish,MYOD1,adaxial_cells,10.0,False,ZFB_WT_DS3_GGTGATTCCCAC,0.0
zebrafish,MYOD1,adaxial_cells,10.0,False,ZFB_WT_DS3_GGTTTTGGTAGA,0.0
zebrafish,MYOD1,adaxial_cells,10.0,False,ZFB_WT_DS3_GTAACCCCTGGA,0.0
zebrafish,MYOD1,adaxial_cells,10.0,False,ZFB_WT_DS3_GTAGCCCGTTCA,0.98335135
zebrafish,MYOD1,adaxial_cells,10.0,False,ZFB_WT_DS3_GTCAAACTACTT,0.0
zebrafish,MYOD1,adaxial_cells,10.0,False,ZFB_WT_DS3_GTCACTTCGCTG,2.3744497
zebrafish,MYOD1,adaxial_cells,10.0,False,ZFB_WT_DS3_GTCCATCATGCT,2.303491
zebrafish,MYOD1,adaxial_cells,10.0,False,ZFB_WT_DS3_GTCTGGTGCTCN,1.1598414
zebrafish,MYOD1,adaxial_cells,10.0,False,ZFB_WT_DS3_GTGCCACCATCG,2.4751267
zebrafish,MYOD1,adaxial_cells,10.0,False,ZFB_WT_DS3_GTGCCCGCACTG,0.0
zebrafish,MYOD1,adaxial_cells,10.0,False,ZFB_WT_DS3_GTGGACACGTTA,1.7743677
zebrafish,MYOD1,adaxial_cells,10.0,False,ZFB_WT_DS3_GTGGAGATAGAA,2.9448204
zebrafish,MYOD1,adaxial_cells,10.0,False,ZFB_WT_DS3_GTGGGGACGGAC,0.0
zebrafish,MYOD1,adaxial_cells,10.0,False,ZFB_WT_DS3_GTGGTACCGTAA,0.0
zebrafish,MYOD1,adaxial_cells,10.0,False,ZFB_WT_DS3_GTGTCTGCCAAA,0.0
zebrafish,MYOD1,adaxial_cells,10.0,False,ZFB_WT_DS3_GTTATGCAGTCA,0.0
zebrafish,MYOD1,adaxial_cells,10.0,False,ZFB_WT_DS3_GTTCTAGTAGTA,2.0794415
zebrafish,MYOD1,adaxial_cells,10.0,False,ZFB_WT_DS3_GTTGCTAGCCGC,0.0
zebrafish,MYOD1,adaxial_cells,10.0,False,ZFB_WT_DS3_TAACAATACCCC,0.0
zebrafish,MYOD1,adaxial_cells,10.0,False,ZFB_WT_DS3_TAACACGAGCGT,1.6014378
zebrafish,MYOD1,adaxial_cells,10.0,False,ZFB_WT_DS3_TAAGATGGTCTT,0.0
zebrafish,MYOD1,adaxial_cells,10.0,False,ZFB_WT_DS3_TAAGCGTCGTCG,0.0
zebrafish,MYOD1,adaxial_cells,10.0,False,ZFB_WT_DS3_TACAGAGCTCTG,1.0750356
zebrafish,MYOD1,adaxial_cells,10.0,False,ZFB_WT_DS3_TACCAAGGTCAA,0.0
zebrafish,MYOD1,adaxial_cells,10.0,False,ZFB_WT_DS3_TACCTGTCCGCG,0.0
zebrafish,MYOD1,adaxial_cells,10.0,False,ZFB_WT_DS3_TACGGTAGCCCA,0.0
zebrafish,MYOD1,adaxial_cells,10.0,False,ZFB_WT_DS3_TACGTCAGAAGA,1.6136363
zebrafish,MYOD1,adaxial_cells,10.0,False,ZFB_WT_DS3_TACTCCTGGCCT,1.9921407
zebrafish,MYOD1,adaxial_cells,10.0,False,ZFB_WT_DS3_TACTCGAGTAGC,0.83041507
zebrafish,MYOD1,adaxial_cells,10.0,False,ZFB_WT_DS3_TAGACCTATGCA,1.797934
zebrafish,MYOD1,adaxial_cells,10.0,False,ZFB_WT_DS3_TAGGCCCCTGTC,2.0201523
zebrafish,MYOD1,adaxial_cells,10.0,False,ZFB_WT_DS3_TAGTGCCACTGA,2.2793767
zebrafish,MYOD1,adaxial_cells,10.0,False,ZFB_WT_DS3_TAGTTACGAGTA,1.441557
zebrafish,MYOD1,adaxial_cells,10.0,False,ZFB_WT_DS3_TCAAGAAGTGAC,1.7951208
zebrafish,MYOD1,adaxial_cells,10.0,False,ZFB_WT_DS3_TCACTTTTATCC,0.0
zebrafish,MYOD1,adaxial_cells,10.0,False,ZFB_WT_DS3_TCATAAAAGCAG,0.0
zebrafish,MYOD1,adaxial_cells,10.0,False,ZFB_WT_DS3_TCATGCTTAGGA,1.4905297
zebrafish,MYOD1,adaxial_cells,10.0,False,ZFB_WT_DS3_TCCCTCGTGGTT,0.0
zebrafish,MYOD1,adaxial_cells,10.0,False,ZFB_WT_DS3_TCGAAGATCAGA,2.5375338
zebrafish,MYOD1,adaxial_cells,10.0,False,ZFB_WT_DS3_TCGGATTTTGCT,0.0
zebrafish,MYOD1,adaxial_cells,10.0,False,ZFB_WT_DS3_TCGGTAGCATTG,1.3412614
zebrafish,MYOD1,adaxial_cells,10.0,False,ZFB_WT_DS3_TCTAAAGTTGGA,2.3396263
zebrafish,MYOD1,adaxial_cells,10.0,False,ZFB_WT_DS3_TGACAGAGTAAA,3.1784396
zebrafish,MYOD1,adaxial_cells,10.0,False,ZFB_WT_DS3_TGACCACGGCTT,0.0
zebrafish,MYOD1,adaxial_cells,10.0,False,ZFB_WT_DS3_TGACCCACGAAG,1.3454723
zebrafish,MYOD1,adaxial_cells,10.0,False,ZFB_WT_DS3_TGAGAAAGATCA,0.0
zebrafish,MYOD1,adaxial_cells,10.0,False,ZFB_WT_DS3_TGAGAGACCTGT,0.0
zebrafish,MYOD1,adaxial_cells,10.0,False,ZFB_WT_DS3_TGAGTCTCTTCG,2.2647245
zebrafish,MYOD1,adaxial_cells,10.0,False,ZFB_WT_DS3_TGATGAGGTATT,0.0
zebrafish,MYOD1,adaxial_cells,10.0,False,ZFB_WT_DS3_TGCATAACCATC,0.0
zebrafish,MYOD1,adaxial_cells,10.0,False,ZFB_WT_DS3_TGCCTGCCAGTC,2.9162917
zebrafish,MYOD1,adaxial_cells,10.0,False,ZFB_WT_DS3_TGCGGCGTCCCC,0.0
zebrafish,MYOD1,adaxial_cells,10.0,False,ZFB_WT_DS3_TGGCTTTGTGTG,0.749931
zebrafish,MYOD1,adaxial_cells,10.0,False,ZFB_WT_DS3_TGGGTGCCCCCT,0.0
zebrafish,MYOD1,adaxial_cells,10.0,False,ZFB_WT_DS3_TGTCCGCCTTTT,0.7085875
zebrafish,MYOD1,adaxial_cells,10.0,False,ZFB_WT_DS3_TGTGAAAGGAAG,1.7288254
zebrafish,MYOD1,adaxial_cells,10.0,False,ZFB_WT_DS3_TGTGCTGCGGGC,0.0
zebrafish,MYOD1,adaxial_cells,10.0,False,ZFB_WT_DS3_TGTGTACCCGAA,0.0
zebrafish,MYOD1,adaxial_cells,10.0,False,ZFB_WT_DS3_TTATAACGCAGA,1.2274806
zebrafish,MYOD1,adaxial_cells,10.0,False,ZFB_WT_DS3_TTATATCGCTTA,0.8593579
zebrafish,MYOD1,adaxial_cells,10.0,False,ZFB_WT_DS3_TTATGGCTAGAG,2.5092297
zebrafish,MYOD1,adaxial_cells,10.0,False,ZFB_WT_DS3_TTCCAATTACTC,1.472038
zebrafish,MYOD1,adaxial_cells,10.0,False,ZFB_WT_DS3_TTCCGAACCTCA,0.0
zebrafish,MYOD1,adaxial_cells,10.0,False,ZFB_WT_DS3_TTCGATCTGCCA,0.0
zebrafish,MYOD1,adaxial_cells,10.0,False,ZFB_WT_DS3_TTCTACAAATTN,0.0
zebrafish,MYOD1,adaxial_cells,10.0,False,ZFB_WT_DS3_TTCTTTGCGAAC,0.0
zebrafish,MYOD1,adaxial_cells,10.0,False,ZFB_WT_DS3_TTGAGACGTAGA,2.0591686
zebrafish,MYOD1,adaxial_cells,10.0,False,ZFB_WT_DS3_TTGCTACAACTA,2.0835605
zebrafish,MYOD1,adaxial_cells,10.0,False,ZFB_WT_DS3_TTGTCATAGACG,0.0
zebrafish,MYOD1,adaxial_cells,10.0,False,ZFB_WT_DS3_TTTAAGCCGTCT,0.9079225
zebrafish,MYOD1,adaxial_cells,10.0,False,ZFB_WT_DS3_TTTATGGAGCTC,0.0
zebrafish,MYOD1,adaxial_cells,10.0,False,ZFB_WT_DS3_TTTCAGCAAGTG,1.09195
zebrafish,MYOD1,adaxial_cells,10.0,False,ZFB_WT_DS3_TTTCGGTAGTTT,1.0562167
zebrafish,MYOD1,adaxial_cells,10.0,False,ZFB_WT_DS3_TTTTCAGTCCCC,0.0
zebrafish,MYOD1,adaxial_cells,10.0,False,ZFB_WT_DS4_AAACGGCCCAAC,1.1233559
zebrafish,MYOD1,adaxial_cells,10.0,False,ZFB_WT_DS4_AAACTGTCTCCC,0.0
zebrafish,MYOD1,adaxial_cells,10.0,False,ZFB_WT_DS4_AATGTCATACCC,0.78736144
zebrafish,MYOD1,adaxial_cells,10.0,False,ZFB_WT_DS4_ACACACTACACT,2.213485
zebrafish,MYOD1,adaxial_cells,10.0,False,ZFB_WT_DS4_ACACCGTTCTGT,0.0
zebrafish,MYOD1,adaxial_cells,10.0,False,ZFB_WT_DS4_ACTCGTTCGTCA,2.0497668
zebrafish,MYOD1,adaxial_cells,10.0,False,ZFB_WT_DS4_AGAGATCCCCTG,0.0
zebrafish,MYOD1,adaxial_cells,10.0,False,ZFB_WT_DS4_AGATGTGGACAC,0.0
zebrafish,MYOD1,adaxial_cells,10.0,False,ZFB_WT_DS4_ATCTTGTCGAAA,1.7682581
zebrafish,MYOD1,adaxial_cells,10.0,False,ZFB_WT_DS4_CACGTAAGATCG,3.164827
zebrafish,MYOD1,adaxial_cells,10.0,False,ZFB_WT_DS4_CACTTATAGTAT,0.0
zebrafish,MYOD1,adaxial_cells,10.0,False,ZFB_WT_DS4_CAGATCGCAAAT,0.0
zebrafish,MYOD1,adaxial_cells,10.0,False,ZFB_WT_DS4_CAGATTACAGTC,0.8771152
zebrafish,MYOD1,adaxial_cells,10.0,False,ZFB_WT_DS4_CCCAAGAGTACA,0.0
zebrafish,MYOD1,adaxial_cells,10.0,False,ZFB_WT_DS4_CCCATTACAGAT,0.0
zebrafish,MYOD1,adaxial_cells,10.0,False,ZFB_WT_DS4_CGAATGGAGGAG,2.0133352
zebrafish,MYOD1,adaxial_cells,10.0,False,ZFB_WT_DS4_CGCATCGAGAGG,0.0
zebrafish,MYOD1,adaxial_cells,10.0,False,ZFB_WT_DS4_CGCCACTGATTC,0.0
zebrafish,MYOD1,adaxial_cells,10.0,False,ZFB_WT_DS4_CGGGTTTGCGCT,0.0
zebrafish,MYOD1,adaxial_cells,10.0,False,ZFB_WT_DS4_CGTCTATGCGTG,1.9188129
zebrafish,MYOD1,adaxial_cells,10.0,False,ZFB_WT_DS4_CTATAGGCCCAC,0.0
zebrafish,MYOD1,adaxial_cells,10.0,False,ZFB_WT_DS4_CTGTAACTCACC,0.0
zebrafish,MYOD1,adaxial_cells,10.0,False,ZFB_WT_DS4_GAAGTACAGAGT,0.6615202
zebrafish,MYOD1,adaxial_cells,10.0,False,ZFB_WT_DS4_GATAGGCCTATA,0.0
zebrafish,MYOD1,adaxial_cells,10.0,False,ZFB_WT_DS4_GCAACGTCTGTT,1.588835
zebrafish,MYOD1,adaxial_cells,10.0,False,ZFB_WT_DS4_GCAGTCGTAAAG,1.8283684
zebrafish,MYOD1,adaxial_cells,10.0,False,ZFB_WT_DS4_GTAGGGTTCACA,2.0521967
zebrafish,MYOD1,adaxial_cells,10.0,False,ZFB_WT_DS4_GTATAGTGATTA,0.0
zebrafish,MYOD1,adaxial_cells,10.0,False,ZFB_WT_DS4_GTATTGATACGT,2.9157233
zebrafish,MYOD1,adaxial_cells,10.0,False,ZFB_WT_DS4_GTCGGGCCGGTA,2.9933991
zebrafish,MYOD1,adaxial_cells,10.0,False,ZFB_WT_DS4_GTCTATCCGCTC,2.324144
zebrafish,MYOD1,adaxial_cells,10.0,False,ZFB_WT_DS4_GTGAAGACGGTC,0.0
zebrafish,MYOD1,adaxial_cells,10.0,False,ZFB_WT_DS4_TAAACAGCAACC,2.6142554
zebrafish,MYOD1,adaxial_cells,10.0,False,ZFB_WT_DS4_TAACAGTAATAC,0.0
zebrafish,MYOD1,adaxial_cells,10.0,False,ZFB_WT_DS4_TAATACGGAGAA,0.7847443
zebrafish,MYOD1,adaxial_cells,10.0,False,ZFB_WT_DS4_TACATTGGCAGA,0.0
zebrafish,MYOD1,adaxial_cells,10.0,False,ZFB_WT_DS4_TACCTTAGCTCG,1.8689702
zebrafish,MYOD1,adaxial_cells,10.0,False,ZFB_WT_DS4_TATCCTAGCACG,0.0
zebrafish,MYOD1,adaxial_cells,10.0,False,ZFB_WT_DS4_TCAATGTGCATG,2.3536954
zebrafish,MYOD1,adaxial_cells,10.0,False,ZFB_WT_DS4_TCATTGCGATGG,1.3736029
zebrafish,MYOD1,adaxial_cells,10.0,False,ZFB_WT_DS4_TCCGCTTCTCAN,1.0840714
zebrafish,MYOD1,adaxial_cells,10.0,False,ZFB_WT_DS4_TCTGTGTCCTAA,1.9866598
zebrafish,MYOD1,adaxial_cells,10.0,False,ZFB_WT_DS4_TGTACGACCAAC,0.0
zebrafish,MYOD1,adaxial_cells,10.0,False,ZFB_WT_DS4_TGTACGTTATAG,0.9729339
zebrafish,MYOD1,adaxial_cells,10.0,False,ZFB_WT_DS4_TTATACACGGGA,0.0
zebrafish,MYOD1,adaxial_cells,11.0,False,ZF3S_WT_DS5_AAAATCCGACCA,0.0
zebrafish,MYOD1,adaxial_cells,11.0,False,ZF3S_WT_DS5_AAAGACTCAGAA,2.7484014
zebrafish,MYOD1,adaxial_cells,11.0,False,ZF3S_WT_DS5_AAAGGAACAGTT,1.2139231
zebrafish,MYOD1,adaxial_cells,11.0,False,ZF3S_WT_DS5_AACCATGCATTT,2.4323032
zebrafish,MYOD1,adaxial_cells,11.0,False,ZF3S_WT_DS5_ACAACGGTCCTA,0.0
zebrafish,MYOD1,adaxial_cells,11.0,False,ZF3S_WT_DS5_ACACCGTAATTT,0.0
zebrafish,MYOD1,adaxial_cells,11.0,False,ZF3S_WT_DS5_ACAGACTAACAC,1.3247144
zebrafish,MYOD1,adaxial_cells,11.0,False,ZF3S_WT_DS5_ACATAAGGGCGG,1.2139231
zebrafish,MYOD1,adaxial_cells,11.0,False,ZF3S_WT_DS5_ACTATAGGAAGC,0.0
zebrafish,MYOD1,adaxial_cells,11.0,False,ZF3S_WT_DS5_ACTATTTGCGCA,2.1593854
zebrafish,MYOD1,adaxial_cells,11.0,False,ZF3S_WT_DS5_ACTGACGGACGC,2.3082638
zebrafish,MYOD1,adaxial_cells,11.0,False,ZF3S_WT_DS5_AGCAAATGGGAG,1.8261036
zebrafish,MYOD1,adaxial_cells,11.0,False,ZF3S_WT_DS5_AGCCAGACCACG,0.0
zebrafish,MYOD1,adaxial_cells,11.0,False,ZF3S_WT_DS5_AGCCTCGGCCCT,0.0
zebrafish,MYOD1,adaxial_cells,11.0,False,ZF3S_WT_DS5_AGCCTGTATAAG,0.0
zebrafish,MYOD1,adaxial_cells,11.0,False,ZF3S_WT_DS5_AGCTCCTTTACC,0.0
zebrafish,MYOD1,adaxial_cells,11.0,False,ZF3S_WT_DS5_AGTTAGTGTACN,0.0
zebrafish,MYOD1,adaxial_cells,11.0,False,ZF3S_WT_DS5_ATCACCCGGTCT,1.8942751
zebrafish,MYOD1,adaxial_cells,11.0,False,ZF3S_WT_DS5_ATTCTGAATATG,0.0
zebrafish,MYOD1,adaxial_cells,11.0,False,ZF3S_WT_DS5_ATTGTAGTTTCG,0.92421037
zebrafish,MYOD1,adaxial_cells,11.0,False,ZF3S_WT_DS5_CAACACCAAACA,0.0
zebrafish,MYOD1,adaxial_cells,11.0,False,ZF3S_WT_DS5_CACCGGAGATCG,2.2900064
zebrafish,MYOD1,adaxial_cells,11.0,False,ZF3S_WT_DS5_CAGTACTTACGC,0.0
zebrafish,MYOD1,adaxial_cells,11.0,False,ZF3S_WT_DS5_CATCACGAAGGT,1.1990657
zebrafish,MYOD1,adaxial_cells,11.0,False,ZF3S_WT_DS5_CATGAGGGGCGT,0.0
zebrafish,MYOD1,adaxial_cells,11.0,False,ZF3S_WT_DS5_CCACCTATAACG,0.0
zebrafish,MYOD1,adaxial_cells,11.0,False,ZF3S_WT_DS5_CCCAGTTACCGN,1.7080483
zebrafish,MYOD1,adaxial_cells,11.0,False,ZF3S_WT_DS5_CCCCACTGCCTC,0.0
zebrafish,MYOD1,adaxial_cells,11.0,False,ZF3S_WT_DS5_CCGAGTTCCAGN,0.0
zebrafish,MYOD1,adaxial_cells,11.0,False,ZF3S_WT_DS5_CCGATTCCATAT,1.5040774
zebrafish,MYOD1,adaxial_cells,11.0,False,ZF3S_WT_DS5_CGTAATCCTCCA,0.0
zebrafish,MYOD1,adaxial_cells,11.0,False,ZF3S_WT_DS5_CTCACATAAAAG,1.6788986
zebrafish,MYOD1,adaxial_cells,11.0,False,ZF3S_WT_DS5_CTCTGTAATGCT,0.0
zebrafish,MYOD1,adaxial_cells,11.0,False,ZF3S_WT_DS5_CTGGGGCGGTCC,0.6525181
zebrafish,MYOD1,adaxial_cells,11.0,False,ZF3S_WT_DS5_GAACCACCCGCC,0.0
zebrafish,MYOD1,adaxial_cells,11.0,False,ZF3S_WT_DS5_GAGTATCACGTN,0.0
zebrafish,MYOD1,adaxial_cells,11.0,False,ZF3S_WT_DS5_GATGTGCCGCCA,0.0
zebrafish,MYOD1,adaxial_cells,11.0,False,ZF3S_WT_DS5_GCACTTACAGCT,1.1814483
zebrafish,MYOD1,adaxial_cells,11.0,False,ZF3S_WT_DS5_GCATAGGATATC,2.4161232
zebrafish,MYOD1,adaxial_cells,11.0,False,ZF3S_WT_DS5_GCCCGCTGGGGG,0.0
zebrafish,MYOD1,adaxial_cells,11.0,False,ZF3S_WT_DS5_GCGGGAGTACAT,0.0
zebrafish,MYOD1,adaxial_cells,11.0,False,ZF3S_WT_DS5_GGAAATTACTTC,1.0562167
zebrafish,MYOD1,adaxial_cells,11.0,False,ZF3S_WT_DS5_GGCAACTAGTGT,1.910543
zebrafish,MYOD1,adaxial_cells,11.0,False,ZF3S_WT_DS5_GGCGTGCGAACA,1.2815154
zebrafish,MYOD1,adaxial_cells,11.0,False,ZF3S_WT_DS5_GTACATTACACC,0.0
zebrafish,MYOD1,adaxial_cells,11.0,False,ZF3S_WT_DS5_GTAGCGCTGGGC,0.0
zebrafish,MYOD1,adaxial_cells,11.0,False,ZF3S_WT_DS5_GTCCACGGTTTC,0.0
zebrafish,MYOD1,adaxial_cells,11.0,False,ZF3S_WT_DS5_GTCCTAGTAATC,0.0
zebrafish,MYOD1,adaxial_cells,11.0,False,ZF3S_WT_DS5_GTCTGGGAATGC,0.0
zebrafish,MYOD1,adaxial_cells,11.0,False,ZF3S_WT_DS5_GTCTGTCGTCAT,0.0
zebrafish,MYOD1,adaxial_cells,11.0,False,ZF3S_WT_DS5_GTTGTTCGCTGC,0.0
zebrafish,MYOD1,adaxial_cells,11.0,False,ZF3S_WT_DS5_TAAGTAAATATN,0.0
zebrafish,MYOD1,adaxial_cells,11.0,False,ZF3S_WT_DS5_TACCAGGGGCTG,1.4932162
zebrafish,MYOD1,adaxial_cells,11.0,False,ZF3S_WT_DS5_TATCCGATGCCT,0.0
zebrafish,MYOD1,adaxial_cells,11.0,False,ZF3S_WT_DS5_TCCTAGGCCAGA,0.0
zebrafish,MYOD1,adaxial_cells,11.0,False,ZF3S_WT_DS5_TCGACCCTAGAC,0.0
zebrafish,MYOD1,adaxial_cells,11.0,False,ZF3S_WT_DS5_TCTTACCATACG,0.0
zebrafish,MYOD1,adaxial_cells,11.0,False,ZF3S_WT_DS5_TGAACCCCCACC,1.0705792
zebrafish,MYOD1,adaxial_cells,11.0,False,ZF3S_WT_DS5_TGACTGTCCGGC,0.0
zebrafish,MYOD1,adaxial_cells,11.0,False,ZF3S_WT_DS5_TGATGGCGTGTT,0.0
zebrafish,MYOD1,adaxial_cells,11.0,False,ZF3S_WT_DS5_TGCTTCAAGACA,1.4851907
zebrafish,MYOD1,adaxial_cells,11.0,False,ZF3S_WT_DS5_TGTATGCGAAAA,1.630698
zebrafish,MYOD1,adaxial_cells,11.0,False,ZF3S_WT_DS5_TTACATGGGCGT,0.0
zebrafish,MYOD1,adaxial_cells,11.0,False,ZF3S_WT_DS5_TTAGTAGACCTG,0.0
zebrafish,MYOD1,adaxial_cells,11.0,False,ZF3S_WT_DS5_TTGGCCAGCCGG,2.6416302
zebrafish,MYOD1,adaxial_cells,11.0,False,ZF3S_WT_DS5_TTGGGAGACAGT,0.0
zebrafish,MYOD1,adaxial_cells,11.0,False,ZF3S_WT_DS5_TTTTACAGCCTC,0.0
zebrafish,MYOD1,adaxial_cells,12.0,False,ZF6S_WT_DS5_AAAGTTTCGATT,0.0
zebrafish,MYOD1,adaxial_cells,12.0,False,ZF6S_WT_DS5_AAGCGATGCCTT,0.0
zebrafish,MYOD1,adaxial_cells,12.0,False,ZF6S_WT_DS5_AAGCTGAGCAGC,0.0
zebrafish,MYOD1,adaxial_cells,12.0,False,ZF6S_WT_DS5_AAGGTGAGCACA,2.387895
zebrafish,MYOD1,adaxial_cells,12.0,False,ZF6S_WT_DS5_AAGTGCATTGCN,0.0
zebrafish,MYOD1,adaxial_cells,12.0,False,ZF6S_WT_DS5_AATGACGTTGAA,0.0
zebrafish,MYOD1,adaxial_cells,12.0,False,ZF6S_WT_DS5_AATTTAAGGAAA,0.0
zebrafish,MYOD1,adaxial_cells,12.0,False,ZF6S_WT_DS5_ACACAAAGCTGA,0.0
zebrafish,MYOD1,adaxial_cells,12.0,False,ZF6S_WT_DS5_ACATTGCTATAG,0.0
zebrafish,MYOD1,adaxial_cells,12.0,False,ZF6S_WT_DS5_ACCATATCTGCT,1.7410748
zebrafish,MYOD1,adaxial_cells,12.0,False,ZF6S_WT_DS5_ACCCTTCGCCGA,0.0
zebrafish,MYOD1,adaxial_cells,12.0,False,ZF6S_WT_DS5_ACCGACGTTTGT,0.0
zebrafish,MYOD1,adaxial_cells,12.0,False,ZF6S_WT_DS5_ACGCAACAGCAA,0.0
zebrafish,MYOD1,adaxial_cells,12.0,False,ZF6S_WT_DS5_ACGTTATTCCTC,0.0
zebrafish,MYOD1,adaxial_cells,12.0,False,ZF6S_WT_DS5_ACGTTGCTTACC,0.0
zebrafish,MYOD1,adaxial_cells,12.0,False,ZF6S_WT_DS5_ACTGTAATCATA,0.0
zebrafish,MYOD1,adaxial_cells,12.0,False,ZF6S_WT_DS5_AGAGCCCGGTAC,0.0
zebrafish,MYOD1,adaxial_cells,12.0,False,ZF6S_WT_DS5_AGCCAAAGTTGC,0.0
zebrafish,MYOD1,adaxial_cells,12.0,False,ZF6S_WT_DS5_AGCCAGCCGTCG,0.0
zebrafish,MYOD1,adaxial_cells,12.0,False,ZF6S_WT_DS5_AGCTTTCCTACT,0.0
zebrafish,MYOD1,adaxial_cells,12.0,False,ZF6S_WT_DS5_AGGACCCGGTGA,1.7230972
zebrafish,MYOD1,adaxial_cells,12.0,False,ZF6S_WT_DS5_AGGATTCCCCCT,0.0
zebrafish,MYOD1,adaxial_cells,12.0,False,ZF6S_WT_DS5_AGGCCTCGTGGT,1.7155321
zebrafish,MYOD1,adaxial_cells,12.0,False,ZF6S_WT_DS5_AGGTGTGGCAGT,0.0
zebrafish,MYOD1,adaxial_cells,12.0,False,ZF6S_WT_DS5_AGTATACCGAGA,0.0
zebrafish,MYOD1,adaxial_cells,12.0,False,ZF6S_WT_DS5_AGTCAAGCAATT,1.8237622
zebrafish,MYOD1,adaxial_cells,12.0,False,ZF6S_WT_DS5_ATATTTGGATCG,1.2968493
zebrafish,MYOD1,adaxial_cells,12.0,False,ZF6S_WT_DS5_ATCGATACGCAA,1.3046738
zebrafish,MYOD1,adaxial_cells,12.0,False,ZF6S_WT_DS5_ATGGTTCGGCCA,0.0
zebrafish,MYOD1,adaxial_cells,12.0,False,ZF6S_WT_DS5_ATTAATCGGGTA,2.4488015
zebrafish,MYOD1,adaxial_cells,12.0,False,ZF6S_WT_DS5_ATTATCTTCTAG,0.0
zebrafish,MYOD1,adaxial_cells,12.0,False,ZF6S_WT_DS5_CAAAATTATTAG,1.2721385
zebrafish,MYOD1,adaxial_cells,12.0,False,ZF6S_WT_DS5_CAACCTATCTAT,0.0
zebrafish,MYOD1,adaxial_cells,12.0,False,ZF6S_WT_DS5_CAAGTCCAGCTT,1.5040774
zebrafish,MYOD1,adaxial_cells,12.0,False,ZF6S_WT_DS5_CAATCCGTCCCG,3.1464655
zebrafish,MYOD1,adaxial_cells,12.0,False,ZF6S_WT_DS5_CACCGCACTAGT,0.0
zebrafish,MYOD1,adaxial_cells,12.0,False,ZF6S_WT_DS5_CACGGCAGCTCT,2.1819897
zebrafish,MYOD1,adaxial_cells,12.0,False,ZF6S_WT_DS5_CAGACGCCTGGC,1.2929769
zebrafish,MYOD1,adaxial_cells,12.0,False,ZF6S_WT_DS5_CAGATGGCTTGT,0.0
zebrafish,MYOD1,adaxial_cells,12.0,False,ZF6S_WT_DS5_CAGGTCACTTAC,2.4915195
zebrafish,MYOD1,adaxial_cells,12.0,False,ZF6S_WT_DS5_CAGTAGGCAATC,1.1108325
zebrafish,MYOD1,adaxial_cells,12.0,False,ZF6S_WT_DS5_CATCTGAGACAN,1.8923467
zebrafish,MYOD1,adaxial_cells,12.0,False,ZF6S_WT_DS5_CATCTTCGTCCG,0.0
zebrafish,MYOD1,adaxial_cells,12.0,False,ZF6S_WT_DS5_CATGAGAACGAA,0.0
zebrafish,MYOD1,adaxial_cells,12.0,False,ZF6S_WT_DS5_CATGTCCCCTTA,0.0
zebrafish,MYOD1,adaxial_cells,12.0,False,ZF6S_WT_DS5_CCAACTATTCGC,2.0794415
zebrafish,MYOD1,adaxial_cells,12.0,False,ZF6S_WT_DS5_CCAGCGACGGCA,0.0
zebrafish,MYOD1,adaxial_cells,12.0,False,ZF6S_WT_DS5_CCCAGGTTGAAC,0.0
zebrafish,MYOD1,adaxial_cells,12.0,False,ZF6S_WT_DS5_CCCGCATACGCA,0.0
zebrafish,MYOD1,adaxial_cells,12.0,False,ZF6S_WT_DS5_CCGCAACTGTGA,0.0
zebrafish,MYOD1,adaxial_cells,12.0,False,ZF6S_WT_DS5_CCTCATATACCT,0.9940125
zebrafish,MYOD1,adaxial_cells,12.0,False,ZF6S_WT_DS5_CCTCTAAGGTTA,0.0
zebrafish,MYOD1,adaxial_cells,12.0,False,ZF6S_WT_DS5_CCTGAATTCGTA,0.0
zebrafish,MYOD1,adaxial_cells,12.0,False,ZF6S_WT_DS5_CGACCCTATTTT,1.817942
zebrafish,MYOD1,adaxial_cells,12.0,False,ZF6S_WT_DS5_CGAGCGACGGAT,1.3497138
zebrafish,MYOD1,adaxial_cells,12.0,False,ZF6S_WT_DS5_CGCAGTGACTAT,0.0
zebrafish,MYOD1,adaxial_cells,12.0,False,ZF6S_WT_DS5_CGCCAGAGACTC,2.3626783
zebrafish,MYOD1,adaxial_cells,12.0,False,ZF6S_WT_DS5_CGCCGCTCTATA,0.0
zebrafish,MYOD1,adaxial_cells,12.0,False,ZF6S_WT_DS5_CGCGCCCTACAA,0.0
zebrafish,MYOD1,adaxial_cells,12.0,False,ZF6S_WT_DS5_CGCGGCTGTCCA,0.0
zebrafish,MYOD1,adaxial_cells,12.0,False,ZF6S_WT_DS5_CGCTACTCTGTC,2.3430433
zebrafish,MYOD1,adaxial_cells,12.0,False,ZF6S_WT_DS5_CGCTTTGGGTCN,1.3247144
zebrafish,MYOD1,adaxial_cells,12.0,False,ZF6S_WT_DS5_CGGACTGGTGTA,0.0
zebrafish,MYOD1,adaxial_cells,12.0,False,ZF6S_WT_DS5_CTAAGCACGGGA,0.0
zebrafish,MYOD1,adaxial_cells,12.0,False,ZF6S_WT_DS5_CTAAGGAGCGCA,1.6578209
zebrafish,MYOD1,adaxial_cells,12.0,False,ZF6S_WT_DS5_CTACATCGAACN,0.0
zebrafish,MYOD1,adaxial_cells,12.0,False,ZF6S_WT_DS5_CTATAGCATATG,0.0
zebrafish,MYOD1,adaxial_cells,12.0,False,ZF6S_WT_DS5_CTATGCTCGTTC,1.905625
zebrafish,MYOD1,adaxial_cells,12.0,False,ZF6S_WT_DS5_CTATTTTGATAA,0.0
zebrafish,MYOD1,adaxial_cells,12.0,False,ZF6S_WT_DS5_CTCCCTGGGAAC,2.0753443
zebrafish,MYOD1,adaxial_cells,12.0,False,ZF6S_WT_DS5_CTGACATAGCGC,0.0
zebrafish,MYOD1,adaxial_cells,12.0,False,ZF6S_WT_DS5_CTGGCTTGTATA,0.0
zebrafish,MYOD1,adaxial_cells,12.0,False,ZF6S_WT_DS5_CTGGTATTTTGG,1.2343879
zebrafish,MYOD1,adaxial_cells,12.0,False,ZF6S_WT_DS5_CTGTGGTTCATT,2.4852142
zebrafish,MYOD1,adaxial_cells,12.0,False,ZF6S_WT_DS5_CTTCTCGGTCTN,1.5292133
zebrafish,MYOD1,adaxial_cells,12.0,False,ZF6S_WT_DS5_CTTGATCCGTCC,0.0
zebrafish,MYOD1,adaxial_cells,12.0,False,ZF6S_WT_DS5_CTTGCCCTAGTC,1.8779079
zebrafish,MYOD1,adaxial_cells,12.0,False,ZF6S_WT_DS5_CTTTTATCGCCC,0.0
zebrafish,MYOD1,adaxial_cells,12.0,False,ZF6S_WT_DS5_GAAGTTGACTGC,0.0
zebrafish,MYOD1,adaxial_cells,12.0,False,ZF6S_WT_DS5_GACATTCAATCA,2.0316508
zebrafish,MYOD1,adaxial_cells,12.0,False,ZF6S_WT_DS5_GACATTCGACCC,1.5162429
zebrafish,MYOD1,adaxial_cells,12.0,False,ZF6S_WT_DS5_GAGAATTGTTCT,0.0
zebrafish,MYOD1,adaxial_cells,12.0,False,ZF6S_WT_DS5_GATCCATCCGAA,1.153828
zebrafish,MYOD1,adaxial_cells,12.0,False,ZF6S_WT_DS5_GCACAATTGTTA,0.0
zebrafish,MYOD1,adaxial_cells,12.0,False,ZF6S_WT_DS5_GCAGCCTTAATC,2.3985052
zebrafish,MYOD1,adaxial_cells,12.0,False,ZF6S_WT_DS5_GCAGTCCATCTN,0.0
zebrafish,MYOD1,adaxial_cells,12.0,False,ZF6S_WT_DS5_GCAGTTTGAGCC,0.0
zebrafish,MYOD1,adaxial_cells,12.0,False,ZF6S_WT_DS5_GCCCCTCCTAGT,0.0
zebrafish,MYOD1,adaxial_cells,12.0,False,ZF6S_WT_DS5_GCCGATTGGAAC,0.0
zebrafish,MYOD1,adaxial_cells,12.0,False,ZF6S_WT_DS5_GCTTTTATTCGC,0.0
zebrafish,MYOD1,adaxial_cells,12.0,False,ZF6S_WT_DS5_GGAAAGTGCTAG,0.0
zebrafish,MYOD1,adaxial_cells,12.0,False,ZF6S_WT_DS5_GGACCTTTCGGC,0.8956715
zebrafish,MYOD1,adaxial_cells,12.0,False,ZF6S_WT_DS5_GGACTGGTAGAT,0.0
zebrafish,MYOD1,adaxial_cells,12.0,False,ZF6S_WT_DS5_GGATCGGCCTAT,1.066163
zebrafish,MYOD1,adaxial_cells,12.0,False,ZF6S_WT_DS5_GGCCTGCCTGAT,0.0
zebrafish,MYOD1,adaxial_cells,12.0,False,ZF6S_WT_DS5_GTAAGACCGAGC,0.0
zebrafish,MYOD1,adaxial_cells,12.0,False,ZF6S_WT_DS5_GTACCTGGTTCT,2.9954138
zebrafish,MYOD1,adaxial_cells,12.0,False,ZF6S_WT_DS5_GTATTGACATAC,0.0
zebrafish,MYOD1,adaxial_cells,12.0,False,ZF6S_WT_DS5_GTCCACTACTAG,0.0
zebrafish,MYOD1,adaxial_cells,12.0,False,ZF6S_WT_DS5_GTCGTCGTGCCC,0.95675135
zebrafish,MYOD1,adaxial_cells,12.0,False,ZF6S_WT_DS5_GTCTGTGTCTCA,1.7423767
zebrafish,MYOD1,adaxial_cells,12.0,False,ZF6S_WT_DS5_GTGAACGGGCTT,1.9758157
zebrafish,MYOD1,adaxial_cells,12.0,False,ZF6S_WT_DS5_GTGGTGATTAAA,2.5856268
zebrafish,MYOD1,adaxial_cells,12.0,False,ZF6S_WT_DS5_GTGTGCTACTGN,1.5095783
zebrafish,MYOD1,adaxial_cells,12.0,False,ZF6S_WT_DS5_TAACGGTCTGAN,2.211402
zebrafish,MYOD1,adaxial_cells,12.0,False,ZF6S_WT_DS5_TAAGATGGCGCA,1.2206597
zebrafish,MYOD1,adaxial_cells,12.0,False,ZF6S_WT_DS5_TAAGTGGCCGCA,1.9472911
zebrafish,MYOD1,adaxial_cells,12.0,False,ZF6S_WT_DS5_TACTGTGATTAG,1.3802884
zebrafish,MYOD1,adaxial_cells,12.0,False,ZF6S_WT_DS5_TAGATCATAATC,2.5547948
zebrafish,MYOD1,adaxial_cells,12.0,False,ZF6S_WT_DS5_TAGATTTCCACG,0.0
zebrafish,MYOD1,adaxial_cells,12.0,False,ZF6S_WT_DS5_TAGGCAGCTGAA,0.0
zebrafish,MYOD1,adaxial_cells,12.0,False,ZF6S_WT_DS5_TATCCAAGCCTT,0.0
zebrafish,MYOD1,adaxial_cells,12.0,False,ZF6S_WT_DS5_TATCTGGAGGTA,0.0
zebrafish,MYOD1,adaxial_cells,12.0,False,ZF6S_WT_DS5_TCAGATCTCCCA,1.5919633
zebrafish,MYOD1,adaxial_cells,12.0,False,ZF6S_WT_DS5_TCCGAAGGACCT,0.0
zebrafish,MYOD1,adaxial_cells,12.0,False,ZF6S_WT_DS5_TCCGAGGGCGAT,0.0
zebrafish,MYOD1,adaxial_cells,12.0,False,ZF6S_WT_DS5_TCCGATTTTTTG,2.4177942
zebrafish,MYOD1,adaxial_cells,12.0,False,ZF6S_WT_DS5_TCCGCGTCTCAC,1.6578209
zebrafish,MYOD1,adaxial_cells,12.0,False,ZF6S_WT_DS5_TCGACATACACT,0.0
zebrafish,MYOD1,adaxial_cells,12.0,False,ZF6S_WT_DS5_TCTACCCCCAAN,0.0
zebrafish,MYOD1,adaxial_cells,12.0,False,ZF6S_WT_DS5_TCTTAAAGATGA,1.3893201
zebrafish,MYOD1,adaxial_cells,12.0,False,ZF6S_WT_DS5_TGATCCATAATG,0.0
zebrafish,MYOD1,adaxial_cells,12.0,False,ZF6S_WT_DS5_TGATCGAGCTAG,0.0
zebrafish,MYOD1,adaxial_cells,12.0,False,ZF6S_WT_DS5_TGCTCGTCATAG,1.9138399
zebrafish,MYOD1,adaxial_cells,12.0,False,ZF6S_WT_DS5_TGGGTCGAATCG,1.1275998
zebrafish,MYOD1,adaxial_cells,12.0,False,ZF6S_WT_DS5_TTATATTAGGAT,0.0
zebrafish,MYOD1,adaxial_cells,12.0,False,ZF6S_WT_DS5_TTCATGTCCTGT,0.0
zebrafish,MYOD1,adaxial_cells,12.0,False,ZF6S_WT_DS5_TTTTTCATAACG,0.0
zebrafish,MYOD1,adaxial_cells,12.0,False,ZF6S_WT_DS5_TTTTTGTCAGGA,0.0
zebrafish,MYOD1,adaxial_cells,12.0,False,ZF6S_WT_DS5b_AACCCGTATCTC,1.3027077
zebrafish,MYOD1,adaxial_cells,12.0,False,ZF6S_WT_DS5b_AACGATATTACT,0.6118303
zebrafish,MYOD1,adaxial_cells,12.0,False,ZF6S_WT_DS5b_AACTCTAAGATG,0.0
zebrafish,MYOD1,adaxial_cells,12.0,False,ZF6S_WT_DS5b_AACTTAGTACCA,2.004153
zebrafish,MYOD1,adaxial_cells,12.0,False,ZF6S_WT_DS5b_AACTTGATTGCT,0.0
zebrafish,MYOD1,adaxial_cells,12.0,False,ZF6S_WT_DS5b_AAGCTTAGGAAC,2.5894403
zebrafish,MYOD1,adaxial_cells,12.0,False,ZF6S_WT_DS5b_AAGGTCATCCTA,2.0116403
zebrafish,MYOD1,adaxial_cells,12.0,False,ZF6S_WT_DS5b_AAGTAACGAAGG,1.2072692
zebrafish,MYOD1,adaxial_cells,12.0,False,ZF6S_WT_DS5b_AATATTTAGTCC,0.0
zebrafish,MYOD1,adaxial_cells,12.0,False,ZF6S_WT_DS5b_AATGCGTTCTTG,0.0
zebrafish,MYOD1,adaxial_cells,12.0,False,ZF6S_WT_DS5b_AATTGACCGTGT,2.4804916
zebrafish,MYOD1,adaxial_cells,12.0,False,ZF6S_WT_DS5b_AATTTACATGCC,2.2741134
zebrafish,MYOD1,adaxial_cells,12.0,False,ZF6S_WT_DS5b_ACAGAATCTTCG,1.3497138
zebrafish,MYOD1,adaxial_cells,12.0,False,ZF6S_WT_DS5b_ACCAAGCGCCGG,0.0
zebrafish,MYOD1,adaxial_cells,12.0,False,ZF6S_WT_DS5b_ACCATTGTCTTT,1.1261812
zebrafish,MYOD1,adaxial_cells,12.0,False,ZF6S_WT_DS5b_ACCCTCATGCTC,1.3878053
zebrafish,MYOD1,adaxial_cells,12.0,False,ZF6S_WT_DS5b_ACCGTTAGCTAG,0.0
zebrafish,MYOD1,adaxial_cells,12.0,False,ZF6S_WT_DS5b_ACCTGCCTAATA,2.9612744
zebrafish,MYOD1,adaxial_cells,12.0,False,ZF6S_WT_DS5b_ACGACGCGCTCT,1.0369186
zebrafish,MYOD1,adaxial_cells,12.0,False,ZF6S_WT_DS5b_ACGGCTCTTCTG,0.0
zebrafish,MYOD1,adaxial_cells,12.0,False,ZF6S_WT_DS5b_ACGTGCCTCGTT,0.8408352
zebrafish,MYOD1,adaxial_cells,12.0,False,ZF6S_WT_DS5b_ACGTTACGCAAT,0.0
zebrafish,MYOD1,adaxial_cells,12.0,False,ZF6S_WT_DS5b_AGACGTACTGCG,0.0
zebrafish,MYOD1,adaxial_cells,12.0,False,ZF6S_WT_DS5b_AGAGGTACTACN,0.0
zebrafish,MYOD1,adaxial_cells,12.0,False,ZF6S_WT_DS5b_AGGACGAGAAAT,0.0
zebrafish,MYOD1,adaxial_cells,12.0,False,ZF6S_WT_DS5b_AGGGGATGCCTC,2.055177
zebrafish,MYOD1,adaxial_cells,12.0,False,ZF6S_WT_DS5b_AGTTCTTCAGCT,1.8094778
zebrafish,MYOD1,adaxial_cells,12.0,False,ZF6S_WT_DS5b_ATACCTCACTAC,0.0
zebrafish,MYOD1,adaxial_cells,12.0,False,ZF6S_WT_DS5b_ATATTGAGTGAT,0.0
zebrafish,MYOD1,adaxial_cells,12.0,False,ZF6S_WT_DS5b_ATCGCAAAGAGC,0.0
zebrafish,MYOD1,adaxial_cells,12.0,False,ZF6S_WT_DS5b_ATGCTCGGACCC,0.91148883
zebrafish,MYOD1,adaxial_cells,12.0,False,ZF6S_WT_DS5b_ATGCTGTGCAGT,0.0
zebrafish,MYOD1,adaxial_cells,12.0,False,ZF6S_WT_DS5b_ATGTGTTTGAGN,0.0
zebrafish,MYOD1,adaxial_cells,12.0,False,ZF6S_WT_DS5b_ATTAATCTAGTT,0.7619868
zebrafish,MYOD1,adaxial_cells,12.0,False,ZF6S_WT_DS5b_ATTGACATCAAN,0.95476913
zebrafish,MYOD1,adaxial_cells,12.0,False,ZF6S_WT_DS5b_ATTTCAGCGCCA,0.0
zebrafish,MYOD1,adaxial_cells,12.0,False,ZF6S_WT_DS5b_CAAGTAACCGGG,0.0
zebrafish,MYOD1,adaxial_cells,12.0,False,ZF6S_WT_DS5b_CAATCAACCGGC,1.1643972
zebrafish,MYOD1,adaxial_cells,12.0,False,ZF6S_WT_DS5b_CACCAAATCAGG,0.0
zebrafish,MYOD1,adaxial_cells,12.0,False,ZF6S_WT_DS5b_CAGTCGATTGGA,0.0
zebrafish,MYOD1,adaxial_cells,12.0,False,ZF6S_WT_DS5b_CATACCAGAATG,0.0
zebrafish,MYOD1,adaxial_cells,12.0,False,ZF6S_WT_DS5b_CATAGGTTTTGA,0.0
zebrafish,MYOD1,adaxial_cells,12.0,False,ZF6S_WT_DS5b_CCATACATCGTN,0.0
zebrafish,MYOD1,adaxial_cells,12.0,False,ZF6S_WT_DS5b_CCGTGATAAGGC,0.0
zebrafish,MYOD1,adaxial_cells,12.0,False,ZF6S_WT_DS5b_CGCACACCCGGT,0.0
zebrafish,MYOD1,adaxial_cells,12.0,False,ZF6S_WT_DS5b_CGCCGGCGCCCT,0.0
zebrafish,MYOD1,adaxial_cells,12.0,False,ZF6S_WT_DS5b_CGCGGCTTACGA,1.9888474
zebrafish,MYOD1,adaxial_cells,12.0,False,ZF6S_WT_DS5b_CGGCTGATGTTG,2.7405713
zebrafish,MYOD1,adaxial_cells,12.0,False,ZF6S_WT_DS5b_CGGTTTAAAGCT,1.7951208
zebrafish,MYOD1,adaxial_cells,12.0,False,ZF6S_WT_DS5b_CTATCTCCGCAC,0.0
zebrafish,MYOD1,adaxial_cells,12.0,False,ZF6S_WT_DS5b_CTCATAATGAAT,2.5066237
zebrafish,MYOD1,adaxial_cells,12.0,False,ZF6S_WT_DS5b_CTCATGCTTAAG,1.6908948
zebrafish,MYOD1,adaxial_cells,12.0,False,ZF6S_WT_DS5b_CTCCTAGCCCAN,0.0
zebrafish,MYOD1,adaxial_cells,12.0,False,ZF6S_WT_DS5b_CTCGCGACAGTG,0.0
zebrafish,MYOD1,adaxial_cells,12.0,False,ZF6S_WT_DS5b_CTGCACATTAGA,1.248468
zebrafish,MYOD1,adaxial_cells,12.0,False,ZF6S_WT_DS5b_CTGGCCTAGACC,1.1163602
zebrafish,MYOD1,adaxial_cells,12.0,False,ZF6S_WT_DS5b_CTTATTACGACC,1.5095783
zebrafish,MYOD1,adaxial_cells,12.0,False,ZF6S_WT_DS5b_CTTATTTGACGA,0.0
zebrafish,MYOD1,adaxial_cells,12.0,False,ZF6S_WT_DS5b_CTTCTTCAATGT,0.81387573
zebrafish,MYOD1,adaxial_cells,12.0,False,ZF6S_WT_DS5b_GAAGTGGGCTTG,0.0
zebrafish,MYOD1,adaxial_cells,12.0,False,ZF6S_WT_DS5b_GATCATATCGTT,1.1053646
zebrafish,MYOD1,adaxial_cells,12.0,False,ZF6S_WT_DS5b_GCACTTAACCCC,0.0
zebrafish,MYOD1,adaxial_cells,12.0,False,ZF6S_WT_DS5b_GCACTTCGGCTA,0.0
zebrafish,MYOD1,adaxial_cells,12.0,False,ZF6S_WT_DS5b_GCGTAGGGCCGG,0.0
zebrafish,MYOD1,adaxial_cells,12.0,False,ZF6S_WT_DS5b_GCGTGTGATGCG,0.0
zebrafish,MYOD1,adaxial_cells,12.0,False,ZF6S_WT_DS5b_GCTTCCGATATG,0.0
zebrafish,MYOD1,adaxial_cells,12.0,False,ZF6S_WT_DS5b_GGACAGTAGCTG,0.0
zebrafish,MYOD1,adaxial_cells,12.0,False,ZF6S_WT_DS5b_GGAGCATGGGCC,2.0981503
zebrafish,MYOD1,adaxial_cells,12.0,False,ZF6S_WT_DS5b_GGGACCCGGACA,0.0
zebrafish,MYOD1,adaxial_cells,12.0,False,ZF6S_WT_DS5b_GGTCACTCTAAG,1.3350011
zebrafish,MYOD1,adaxial_cells,12.0,False,ZF6S_WT_DS5b_GGTTGAATTATC,2.6239758
zebrafish,MYOD1,adaxial_cells,12.0,False,ZF6S_WT_DS5b_GTAATGATCCGG,0.0
zebrafish,MYOD1,adaxial_cells,12.0,False,ZF6S_WT_DS5b_GTAGCCGTTCGA,0.0
zebrafish,MYOD1,adaxial_cells,12.0,False,ZF6S_WT_DS5b_GTGAAGCATTAT,0.7085875
zebrafish,MYOD1,adaxial_cells,12.0,False,ZF6S_WT_DS5b_GTGCTTACTGAN,1.7230972
zebrafish,MYOD1,adaxial_cells,12.0,False,ZF6S_WT_DS5b_GTGGCTGCGCAA,0.0
zebrafish,MYOD1,adaxial_cells,12.0,False,ZF6S_WT_DS5b_GTTCACTTTGAG,2.2155738
zebrafish,MYOD1,adaxial_cells,12.0,False,ZF6S_WT_DS5b_GTTCAGCATACA,0.0
zebrafish,MYOD1,adaxial_cells,12.0,False,ZF6S_WT_DS5b_GTTTCGCAAGGA,0.0
zebrafish,MYOD1,adaxial_cells,12.0,False,ZF6S_WT_DS5b_TAATTAGGAAGC,0.6516318
zebrafish,MYOD1,adaxial_cells,12.0,False,ZF6S_WT_DS5b_TACCAGTGGACA,1.0369186
zebrafish,MYOD1,adaxial_cells,12.0,False,ZF6S_WT_DS5b_TACTACGCTTTG,2.268884
zebrafish,MYOD1,adaxial_cells,12.0,False,ZF6S_WT_DS5b_TAGAGTACCGAG,2.8915126
zebrafish,MYOD1,adaxial_cells,12.0,False,ZF6S_WT_DS5b_TAGCTAACGGAG,0.5370872
zebrafish,MYOD1,adaxial_cells,12.0,False,ZF6S_WT_DS5b_TAGCTCATACGG,0.0
zebrafish,MYOD1,adaxial_cells,12.0,False,ZF6S_WT_DS5b_TATCAATGTTCC,2.1763942
zebrafish,MYOD1,adaxial_cells,12.0,False,ZF6S_WT_DS5b_TCAGAACGCTTC,2.7254114
zebrafish,MYOD1,adaxial_cells,12.0,False,ZF6S_WT_DS5b_TCATTTCTTTGA,0.0
zebrafish,MYOD1,adaxial_cells,12.0,False,ZF6S_WT_DS5b_TCCGTGTGTCCA,1.8050159
zebrafish,MYOD1,adaxial_cells,12.0,False,ZF6S_WT_DS5b_TCGGGTTTAAGT,0.59816647
zebrafish,MYOD1,adaxial_cells,12.0,False,ZF6S_WT_DS5b_TCGTCACCCTAG,0.0
zebrafish,MYOD1,adaxial_cells,12.0,False,ZF6S_WT_DS5b_TGGAGCTGTAGC,2.2698324
zebrafish,MYOD1,adaxial_cells,12.0,False,ZF6S_WT_DS5b_TGGATGGTTGAG,1.4899937
zebrafish,MYOD1,adaxial_cells,12.0,False,ZF6S_WT_DS5b_TGTATCCCGCGG,0.0
zebrafish,MYOD1,adaxial_cells,12.0,False,ZF6S_WT_DS5b_TGTGTAGTCAAT,2.0247312
zebrafish,MYOD1,adaxial_cells,12.0,False,ZF6S_WT_DS5b_TTAAACGCGACC,0.0
zebrafish,MYOD1,adaxial_cells,12.0,False,ZF6S_WT_DS5b_TTACTCGTAATT,0.0
zebrafish,MYOD1,adaxial_cells,12.0,False,ZF6S_WT_DS5b_TTATACCCATGA,1.9580806
zebrafish,MYOD1,adaxial_cells,12.0,False,ZF6S_WT_DS5b_TTATGCGCATTC,2.2432308
zebrafish,MYOD1,adaxial_cells,12.0,False,ZF6S_WT_DS5b_TTCTGTGTATAA,0.0
zebrafish,MYOD1,adaxial_cells,12.0,False,ZF6S_WT_DS5b_TTTAAAGACGCC,1.4932162
